タイトル,ふりがな,分類,現市町村,伝承地,キーワード,話者,採集者,引用,著者,論文名,著者・編者,文献名,出版社,和暦,西暦,リンク,県図書,デジコレ,備考
土治右衛門,土治右衛門,伝説,,,,,,,,,永友宗義,日向見聞録,,明治3,1870,宮崎県立図書館,,,
剣湯の本の冷泉,剣湯の本の冷泉,伝説,,,,,,,,,永友宗義,日向見聞録,,明治3,1870,宮崎県立図書館,,,
湯雪寺山の黄金千枚,湯雪寺山の黄金千枚,伝説,,,,,,,,,永友宗義,日向見聞録,,明治3,1870,宮崎県立図書館,,,
日露上人,日露上人,伝説,,,,,,,,,永友宗義,日向見聞録,,明治3,1870,宮崎県立図書館,,,
三國大守の鐘の行方,三國大守の鐘の行方,伝説,,,,,,,,,永友宗義,日向見聞録,,明治3,1870,宮崎県立図書館,,,
平原の神石（宮崎市郡）,平原の神石（宮崎市郡）,伝説,,,,,,,,,永友宗義,日向見聞録,,明治3,1870,宮崎県立図書館,,,
恒久神社の由来,恒久神社の由来,伝説,宮崎市,宮崎市,,,,,,,永友宗義,日向見聞録,,明治3,1870,宮崎県立図書館,,,
黒渡守の風流,黒渡守の風流,伝説,,,,,,,,,永友宗義,日向見聞録,,明治3,1870,宮崎県立図書館,,,
吉荷田の蛇権現（南那珂郡）,きちかたのへびごんげん（みなみなかぐん）,伝説,,,,,,,,,永友宗義,日向見聞録,,明治3,1870,宮崎県立図書館,,,
岩野方の大根川,岩野方の大根川,伝説,,,,,,,,,永友宗義,日向見聞録,,明治3,1870,宮崎県立図書館,,,
ちゝ折神社と市木神社,ちゝ折神社と市木神社,伝説,,,,,,,,,永友宗義,日向見聞録,,明治3,1870,宮崎県立図書館,,,
永徳寺の芽師と宗近の地,永徳寺の芽師と宗近の地,伝説,,,,,,,,,永友宗義,日向見聞録,,明治3,1870,宮崎県立図書館,,,
霧島沖の黒蛇,霧島沖の黒蛇,伝説,,,,,,,,,永友宗義,日向見聞録,,明治3,1870,宮崎県立図書館,,,
中別府の蛇王権現,中別府の蛇王権現,伝説,,,,,,,,,永友宗義,日向見聞録,,明治3,1870,宮崎県立図書館,,,
乗八,乗八,伝説,,,,,,,,,永友宗義,日向見聞録,,明治3,1870,宮崎県立図書館,,,
静女喜の神社（東諸県郡）,しずめきのじんじゃ（ひがしもろかたぐん）,伝説,,,,,,,,,永友宗義,日向見聞録,,明治3,1870,宮崎県立図書館,,,
女の身投,女の身投,伝説,,,,,,,,,永友宗義,日向見聞録,,明治3,1870,宮崎県立図書館,,,
永水寺の黒本尊（西諸県郡）,永水寺の黒本尊（西諸県郡）,伝説,,,,,,,,,永友宗義,日向見聞録,,明治3,1870,宮崎県立図書館,,,
ほんげん川,ほんげん川,伝説,,,,,,,,,永友宗義,日向見聞録,,明治3,1870,宮崎県立図書館,,,
南方神社の神様,南方神社の神様,伝説,,,,,,,,,永友宗義,日向見聞録,,明治3,1870,宮崎県立図書館,,,
蛇と去本静,蛇と去本静,伝説,,,,,,,,,永友宗義,日向見聞録,,明治3,1870,宮崎県立図書館,,,
,,,,,,,,,,日向ばなし,横山雅男,統計集誌,横山雅男,明治41,1908,,,,
魔,ま,,,串間市,,,,,柴野未樵,国々の言習はし,,郷土研究	4巻9号,郷土研究社,大正5年,1916,怪異・妖怪伝承データベース,,,
雷，桑,雷，桑,,,,,,,,柴野未樵,報告,,郷土研究	4巻3号,郷土研究社,大正5年,1916,怪異・妖怪伝承データベース,,,
美々津のつき入れ團子/1,美々津のつき入れ團子/1,伝説,,日向市,,,,,,,小川文雄,滅びゆく日向伝説,国民教育良書刊行会,大正12,1922,https://dl.ndl.go.jp/pid/1719822,,,
お金お倉ケ濱/11,お金お倉ケ濱/11,伝説,,日向市,,,,,,,小川文雄,滅びゆく日向伝説,国民教育良書刊行会,大正12,1922,https://dl.ndl.go.jp/pid/1719822,,,
法華嶽藥師と彌陀如來/20,法華嶽藥師と彌陀如來/20,伝説,,国富町,,,,,,,小川文雄,滅びゆく日向伝説,国民教育良書刊行会,大正12,1922,https://dl.ndl.go.jp/pid/1719822,,,
眞帆嫌ひの權現樣/32,まほぎらいひのごんげんよう/32,伝説,,,,,,,,,小川文雄,滅びゆく日向伝説,国民教育良書刊行会,大正12,1922,https://dl.ndl.go.jp/pid/1719822,,,
海の幸山の幸/41,海の幸山の幸/41,伝説,,宮崎市,,,,,,,小川文雄,滅びゆく日向伝説,国民教育良書刊行会,大正12,1922,https://dl.ndl.go.jp/pid/1719822,,,
炎えずの野[火]/53,もえずのの[ひ]/53,伝説,,,,,,,,,小川文雄,滅びゆく日向伝説,国民教育良書刊行会,大正12,1922,https://dl.ndl.go.jp/pid/1719822,,,
伊福形の花笠踊/63,伊福形の花笠踊/63,伝説,,延岡市,,,,,,,小川文雄,滅びゆく日向伝説,国民教育良書刊行会,大正12,1922,https://dl.ndl.go.jp/pid/1719822,,,
愛宕大權現の御利益/69,愛宕大權現の御利益/69,伝説,,,,,,,,,小川文雄,滅びゆく日向伝説,国民教育良書刊行会,大正12,1922,https://dl.ndl.go.jp/pid/1719822,,,
權現樣の御化身/83,權現樣の御化身/83,伝説,,,,,,,,,小川文雄,滅びゆく日向伝説,国民教育良書刊行会,大正12,1922,https://dl.ndl.go.jp/pid/1719822,,,
狹野の仁王樣/87,狹野の仁王樣/87,伝説,,,,,,,,,小川文雄,滅びゆく日向伝説,国民教育良書刊行会,大正12,1922,https://dl.ndl.go.jp/pid/1719822,,,
櫧の木の怪/91,櫧の木の怪/91,伝説,,,,,,,,,小川文雄,滅びゆく日向伝説,国民教育良書刊行会,大正12,1922,https://dl.ndl.go.jp/pid/1719822,,,
こがねの農具/94,こがねの農具/94,伝説,,,,,,,,,小川文雄,滅びゆく日向伝説,国民教育良書刊行会,大正12,1922,https://dl.ndl.go.jp/pid/1719822,,,
神女滿壽子と榎原樣/101,神女滿壽子と榎原樣/101,伝説,日南市,日南市,,,,,,,小川文雄,滅びゆく日向伝説,国民教育良書刊行会,大正12,1922,https://dl.ndl.go.jp/pid/1719822,,,
南方村（高天原所在地）及び附近の遺蹟と傳説/1,なんぽうむら（たかまがはらしょざいち）およびふきんのいせきとつたうせつ/1,伝説,延岡市,延岡市,,,,,,,山口徳之助,延岡附近神代遺蹟と伝説 : 秩父宮殿下御台臨記念,大成舎,大正14,1924,https://dl.ndl.go.jp/pid/918691,,,
一、　南方村小史/1,一、　南方村小史/1,伝説,延岡市,延岡市,,,,,,,山口徳之助,延岡附近神代遺蹟と伝説 : 秩父宮殿下御台臨記念,大成舎,大正14,1924,https://dl.ndl.go.jp/pid/918691,,,
二、　高天原/2,二、　高天原/2,伝説,延岡市,延岡市,,,,,,,山口徳之助,延岡附近神代遺蹟と伝説 : 秩父宮殿下御台臨記念,大成舎,大正14,1924,https://dl.ndl.go.jp/pid/918691,,,
三、　人見山、船見山/3,三、　人見山、船見山/3,伝説,延岡市,延岡市,,,,,,,山口徳之助,延岡附近神代遺蹟と伝説 : 秩父宮殿下御台臨記念,大成舎,大正14,1924,https://dl.ndl.go.jp/pid/918691,,,
四、　天宮（アメミヤ）/3,四、　天宮（アメミヤ）/3,伝説,延岡市,延岡市,,,,,,,山口徳之助,延岡附近神代遺蹟と伝説 : 秩父宮殿下御台臨記念,大成舎,大正14,1924,https://dl.ndl.go.jp/pid/918691,,,
五、　天下（アモリ）/4,五、　天下（アモリ）/4,伝説,延岡市,延岡市,,,,,,,山口徳之助,延岡附近神代遺蹟と伝説 : 秩父宮殿下御台臨記念,大成舎,大正14,1924,https://dl.ndl.go.jp/pid/918691,,,
六、　吉野神社/5,六、　吉野神社/5,伝説,延岡市,延岡市,,,,,,,山口徳之助,延岡附近神代遺蹟と伝説 : 秩父宮殿下御台臨記念,大成舎,大正14,1924,https://dl.ndl.go.jp/pid/918691,,,
七、　田宮（タミヤ）/6,七、　たみや（タミヤ）/6,伝説,延岡市,延岡市,,,,,,,山口徳之助,延岡附近神代遺蹟と伝説 : 秩父宮殿下御台臨記念,大成舎,大正14,1924,https://dl.ndl.go.jp/pid/918691,,,
八、　高野神社/6,八、　高野神社/6,伝説,延岡市,延岡市,,,,,,,山口徳之助,延岡附近神代遺蹟と伝説 : 秩父宮殿下御台臨記念,大成舎,大正14,1924,https://dl.ndl.go.jp/pid/918691,,,
九、　今井野（イマイノ）/8,九、　今井野（イマイノ）/8,伝説,延岡市,延岡市,,,,,,,山口徳之助,延岡附近神代遺蹟と伝説 : 秩父宮殿下御台臨記念,大成舎,大正14,1924,https://dl.ndl.go.jp/pid/918691,,,
一〇、　舞野（マイノ）/8,一〇、　舞野（マイノ）/8,伝説,延岡市,延岡市,,,,,,,山口徳之助,延岡附近神代遺蹟と伝説 : 秩父宮殿下御台臨記念,大成舎,大正14,1924,https://dl.ndl.go.jp/pid/918691,,,
一一、　下舞野神社（一名、嶽宮）/9,一一、　下舞野神社（一名、嶽宮）/9,伝説,延岡市,延岡市,,,,,,,山口徳之助,延岡附近神代遺蹟と伝説 : 秩父宮殿下御台臨記念,大成舎,大正14,1924,https://dl.ndl.go.jp/pid/918691,,,
一二、　行縢山の遺蹟と遺物/9,一二、　行縢山の遺蹟と遺物/9,伝説,延岡市,延岡市,,,,,,,山口徳之助,延岡附近神代遺蹟と伝説 : 秩父宮殿下御台臨記念,大成舎,大正14,1924,https://dl.ndl.go.jp/pid/918691,,,
一三、　川邊驛址/10,一三、　かわずらえきあと/10,伝説,延岡市,延岡市,,,,,,,山口徳之助,延岡附近神代遺蹟と伝説 : 秩父宮殿下御台臨記念,大成舎,大正14,1924,https://dl.ndl.go.jp/pid/918691,,,
一四、　景行天皇御腰掛石/11,一四、　景行天皇御腰掛石/11,伝説,延岡市,延岡市,,,,,,,山口徳之助,延岡附近神代遺蹟と伝説 : 秩父宮殿下御台臨記念,大成舎,大正14,1924,https://dl.ndl.go.jp/pid/918691,,,
一五、　堂ノ上（ドウノウエ）/11,一五、　堂ノ上（ドウノウエ）/11,伝説,延岡市,延岡市,,,,,,,山口徳之助,延岡附近神代遺蹟と伝説 : 秩父宮殿下御台臨記念,大成舎,大正14,1924,https://dl.ndl.go.jp/pid/918691,,,
一六、　御陵森（ミサキモリ）/11,一六、　御陵森（ミサキモリ）/11,伝説,延岡市,延岡市,,,,,,,山口徳之助,延岡附近神代遺蹟と伝説 : 秩父宮殿下御台臨記念,大成舎,大正14,1924,https://dl.ndl.go.jp/pid/918691,,,
速日峰（高千穗峰舊址）と傳説/14,速日峰（高千穗峰舊址）と傳説/14,伝説,延岡市,延岡市,,,,,,,山口徳之助,延岡附近神代遺蹟と伝説 : 秩父宮殿下御台臨記念,大成舎,大正14,1924,https://dl.ndl.go.jp/pid/918691,,,
一、　速日峰/14,一、　速日峰/14,伝説,延岡市,延岡市,,,,,,,山口徳之助,延岡附近神代遺蹟と伝説 : 秩父宮殿下御台臨記念,大成舎,大正14,1924,https://dl.ndl.go.jp/pid/918691,,,
二、　二個の傳説/15,二、　二個の傳説/15,伝説,延岡市,延岡市,,,,,,,山口徳之助,延岡附近神代遺蹟と伝説 : 秩父宮殿下御台臨記念,大成舎,大正14,1924,https://dl.ndl.go.jp/pid/918691,,,
愛宕山（笠沙御前舊址）と周圍の遺蹟及び傳説/20,愛宕山（笠沙御前舊址）と周圍の遺蹟及び傳説/20,伝説,延岡市,延岡市,,,,,,,山口徳之助,延岡附近神代遺蹟と伝説 : 秩父宮殿下御台臨記念,大成舎,大正14,1924,https://dl.ndl.go.jp/pid/918691,,,
總説/20,總説/20,伝説,延岡市,延岡市,,,,,,,山口徳之助,延岡附近神代遺蹟と伝説 : 秩父宮殿下御台臨記念,大成舎,大正14,1924,https://dl.ndl.go.jp/pid/918691,,,
一、　沖田の貝塚/21,一、　沖田の貝塚/21,伝説,延岡市,延岡市,,,,,,,山口徳之助,延岡附近神代遺蹟と伝説 : 秩父宮殿下御台臨記念,大成舎,大正14,1924,https://dl.ndl.go.jp/pid/918691,,,
二、　笠沙御前説/24,二、　笠沙御前説/24,伝説,延岡市,延岡市,,,,,,,山口徳之助,延岡附近神代遺蹟と伝説 : 秩父宮殿下御台臨記念,大成舎,大正14,1924,https://dl.ndl.go.jp/pid/918691,,,
三、　妙見山/26,三、　妙見山/26,伝説,延岡市,延岡市,,,,,,,山口徳之助,延岡附近神代遺蹟と伝説 : 秩父宮殿下御台臨記念,大成舎,大正14,1924,https://dl.ndl.go.jp/pid/918691,,,
四、　茶園平（チヤエンデラ）/26,四、　茶園平（チヤエンデラ）/26,伝説,延岡市,延岡市,,,,,,,山口徳之助,延岡附近神代遺蹟と伝説 : 秩父宮殿下御台臨記念,大成舎,大正14,1924,https://dl.ndl.go.jp/pid/918691,,,
五、　片田（カタダ）/27,五、　片田（カタダ）/27,伝説,延岡市,延岡市,,,,,,,山口徳之助,延岡附近神代遺蹟と伝説 : 秩父宮殿下御台臨記念,大成舎,大正14,1924,https://dl.ndl.go.jp/pid/918691,,,
六、　愛宕北麓の古墳/29,六、　愛宕北麓の古墳/29,伝説,延岡市,延岡市,,,,,,,山口徳之助,延岡附近神代遺蹟と伝説 : 秩父宮殿下御台臨記念,大成舎,大正14,1924,https://dl.ndl.go.jp/pid/918691,,,
七、　春日神社/30,七、　春日神社/30,伝説,延岡市,延岡市,,,,,,,山口徳之助,延岡附近神代遺蹟と伝説 : 秩父宮殿下御台臨記念,大成舎,大正14,1924,https://dl.ndl.go.jp/pid/918691,,,
八、　古城及び本村の出土品/31,八、　古城及び本村の出土品/31,伝説,延岡市,延岡市,,,,,,,山口徳之助,延岡附近神代遺蹟と伝説 : 秩父宮殿下御台臨記念,大成舎,大正14,1924,https://dl.ndl.go.jp/pid/918691,,,
可愛岳（可愛山陵所在地）附近の遺蹟と傳説/34,可愛岳（可愛山陵所在地）附近の遺蹟と傳説/34,伝説,延岡市,延岡市,,,,,,,山口徳之助,延岡附近神代遺蹟と伝説 : 秩父宮殿下御台臨記念,大成舎,大正14,1924,https://dl.ndl.go.jp/pid/918691,,,
總説/34,總説/34,伝説,延岡市,延岡市,,,,,,,山口徳之助,延岡附近神代遺蹟と伝説 : 秩父宮殿下御台臨記念,大成舎,大正14,1924,https://dl.ndl.go.jp/pid/918691,,,
一、　俵野の起源/35,一、　たわらののきげん/35,伝説,延岡市,延岡市,,,,,,,山口徳之助,延岡附近神代遺蹟と伝説 : 秩父宮殿下御台臨記念,大成舎,大正14,1924,https://dl.ndl.go.jp/pid/918691,,,
二、　御陵墓傳説地/36,二、　御陵墓傳説地/36,伝説,延岡市,延岡市,,,,,,,山口徳之助,延岡附近神代遺蹟と伝説 : 秩父宮殿下御台臨記念,大成舎,大正14,1924,https://dl.ndl.go.jp/pid/918691,,,
三、　俵野天神/40,三、　俵野天神/40,伝説,延岡市,延岡市,,,,,,,山口徳之助,延岡附近神代遺蹟と伝説 : 秩父宮殿下御台臨記念,大成舎,大正14,1924,https://dl.ndl.go.jp/pid/918691,,,
四、　三本岩と鉾岩/41,四、　三本岩と鉾岩/41,伝説,延岡市,延岡市,,,,,,,山口徳之助,延岡附近神代遺蹟と伝説 : 秩父宮殿下御台臨記念,大成舎,大正14,1924,https://dl.ndl.go.jp/pid/918691,,,
五、　屋敷ノ窪/42,五、　屋敷ノ窪/42,伝説,延岡市,延岡市,,,,,,,山口徳之助,延岡附近神代遺蹟と伝説 : 秩父宮殿下御台臨記念,大成舎,大正14,1924,https://dl.ndl.go.jp/pid/918691,,,
六、　可愛神社/42,六、　可愛神社/42,伝説,延岡市,延岡市,,,,,,,山口徳之助,延岡附近神代遺蹟と伝説 : 秩父宮殿下御台臨記念,大成舎,大正14,1924,https://dl.ndl.go.jp/pid/918691,,,
七、　十代屋敷/44,七、　十代屋敷/44,伝説,延岡市,延岡市,,,,,,,山口徳之助,延岡附近神代遺蹟と伝説 : 秩父宮殿下御台臨記念,大成舎,大正14,1924,https://dl.ndl.go.jp/pid/918691,,,
八、　長井神社（一名、妙見樣）/45,八、　長井神社（一名、妙見樣）/45,伝説,延岡市,延岡市,,,,,,,山口徳之助,延岡附近神代遺蹟と伝説 : 秩父宮殿下御台臨記念,大成舎,大正14,1924,https://dl.ndl.go.jp/pid/918691,,,
九、　竹谷神社/46,九、　竹谷神社/46,伝説,延岡市,延岡市,,,,,,,山口徳之助,延岡附近神代遺蹟と伝説 : 秩父宮殿下御台臨記念,大成舎,大正14,1924,https://dl.ndl.go.jp/pid/918691,,,
一〇、　可愛岳の横穴/46,一〇、　かわいがくのよこあな/46,伝説,延岡市,延岡市,,,,,,,山口徳之助,延岡附近神代遺蹟と伝説 : 秩父宮殿下御台臨記念,大成舎,大正14,1924,https://dl.ndl.go.jp/pid/918691,,,
阿賀多神社と傳説/49,阿賀多神社と傳説/49,伝説,延岡市,延岡市,,,,,,,山口徳之助,延岡附近神代遺蹟と伝説 : 秩父宮殿下御台臨記念,大成舎,大正14,1924,https://dl.ndl.go.jp/pid/918691,,,
三輪明神と傳説/52,三輪明神と傳説/52,伝説,延岡市,延岡市,,,,,,,山口徳之助,延岡附近神代遺蹟と伝説 : 秩父宮殿下御台臨記念,大成舎,大正14,1924,https://dl.ndl.go.jp/pid/918691,,,
大貫神社と傳説/56,大貫神社と傳説/56,伝説,延岡市,延岡市,,,,,,,山口徳之助,延岡附近神代遺蹟と伝説 : 秩父宮殿下御台臨記念,大成舎,大正14,1924,https://dl.ndl.go.jp/pid/918691,,,
附録,ふろく,伝説,延岡市,延岡市,,,,,,,山口徳之助,延岡附近神代遺蹟と伝説 : 秩父宮殿下御台臨記念,大成舎,大正14,1924,https://dl.ndl.go.jp/pid/918691,,,
延岡附近の古墳　鳥居龍藏/59,延岡附近の古墳　鳥居龍藏/59,伝説,延岡市,延岡市,,,,,,,山口徳之助,延岡附近神代遺蹟と伝説 : 秩父宮殿下御台臨記念,大成舎,大正14,1924,https://dl.ndl.go.jp/pid/918691,,,
延岡地方に於ける史蹟に就て　河井田政吉/72,延岡地方に於ける史蹟に就て　河井田政吉/72,伝説,延岡市,延岡市,,,,,,,山口徳之助,延岡附近神代遺蹟と伝説 : 秩父宮殿下御台臨記念,大成舎,大正14,1924,https://dl.ndl.go.jp/pid/918691,,,
東臼杵郡史蹟研究會會則/82,東臼杵郡史蹟研究會會則/82,伝説,延岡市,延岡市,,,,,,,山口徳之助,延岡附近神代遺蹟と伝説 : 秩父宮殿下御台臨記念,大成舎,大正14,1924,https://dl.ndl.go.jp/pid/918691,,,
,,"神話, 伝説",,,,,,,,,壱岐晴繁,神都日向,宮崎県,昭和 2,1927,,,,
龍,龍,伝説,宮崎市,宮崎市,,,,,横山武男,池沼淵井等の伝説比較,民族発行所,民族　3巻4号,民族発行所,昭和3年,1928,怪異・妖怪伝承データベース,,,
,,,,,,,,,,,久保季夫,語人は語る,新店書籍部,昭和 5,1930,,,,
,,昔話,,,,,,,,,宮崎県,日向俚謡集(1),宮崎県,昭和 5,1930,,,,
竹谷神社の逆竹,竹谷神社の逆竹,伝説,延岡市,延岡市,河童、,,,,,竹谷神社の逆竹,泉毅一郎,延岡雑談,延岡新聞社,昭和6,1931,,,,
山里のうば,山里のうば,伝説,延岡市,延岡市,,,,,,山里のうば,泉毅一郎,延岡雑談,延岡新聞社,昭和6,1931,,,,
祝子村の蛇淵,祝子村の蛇淵,伝説,延岡市,延岡市,蛇、,,,,,祝子村の蛇淵,泉毅一郎,延岡雑談,延岡新聞社,昭和6,1931,,,,
若宮八幡神社,若宮八幡神社,伝説,延岡市,延岡市,,,,,,若宮八幡神社,泉毅一郎,延岡雑談,延岡新聞社,昭和6,1931,,,,
妙の地名と土持氏の子孫,妙の地名と土持氏の子孫,伝説,延岡市,延岡市,,,,,,妙の地名と土持氏の子孫,泉毅一郎,延岡雑談,延岡新聞社,昭和6,1931,,,,
延岡と真田幸村,延岡と真田幸村,伝説,延岡市,延岡市,,,,,,延岡と真田幸村,泉毅一郎,延岡雑談,延岡新聞社,昭和6,1931,,,,
佐久間新平,佐久間新平,伝説,延岡市,延岡市,,,,,,佐久間新平,泉毅一郎,延岡雑談,延岡新聞社,昭和6,1931,,,,
若先生のためし斬り,若先生のためし斬り,伝説,延岡市,延岡市,,,,,,若先生のためし斬り,泉毅一郎,延岡雑談,延岡新聞社,昭和6,1931,,,,
小野萬衛門欄干の外渡り,小野萬衛門欄干の外渡り,伝説,延岡市,延岡市,,,,,,小野萬衛門欄干の外渡り,泉毅一郎,延岡雑談,延岡新聞社,昭和6,1931,,,,
孫兵衛橋孫兵衛水道,孫兵衛橋孫兵衛水道,伝説,延岡市,延岡市,,,,,,孫兵衛橋孫兵衛水道,泉毅一郎,延岡雑談,延岡新聞社,昭和6,1931,,,,
八幡神社の石段,はちまんじんじゃのいしだん,伝説,延岡市,延岡市,,,,,,八幡神社の石段,泉毅一郎,延岡雑談,延岡新聞社,昭和6,1931,,,,
次男坊の発明家,次男坊の発明家,伝説,延岡市,延岡市,,,,,,次男坊の発明家,泉毅一郎,延岡雑談,延岡新聞社,昭和6,1931,,,,
神谷豪傑河童の夜襲に会ふ,神谷豪傑河童の夜襲に会ふ,伝説,延岡市,延岡市,,,,,,神谷豪傑河童の夜襲に会ふ,泉毅一郎,延岡雑談,延岡新聞社,昭和6,1931,,,,
愛吉少年河童を釣る,愛吉少年河童を釣る,伝説,延岡市,延岡市,河童、,,,,,愛吉少年河童を釣る,泉毅一郎,延岡雑談,延岡新聞社,昭和6,1931,,,,
三ツ瀬の池、藪下の池,三ツ瀬の池、藪下の池,伝説,延岡市,延岡市,,,,,,三ツ瀬の池、藪下の池,泉毅一郎,延岡雑談,延岡新聞社,昭和6,1931,,,,
「をさ」火の奇怪,「をさ」火の奇怪,伝説,延岡市,延岡市,,,,,,「をさ」火の奇怪,泉毅一郎,延岡雑談,延岡新聞社,昭和6,1931,,,,
白井市兵衛,白井市兵衛,伝説,延岡市,延岡市,,,,,,白井市兵衛,泉毅一郎,延岡雑談,延岡新聞社,昭和6,1931,,,,
ドモ喰いの下男,ドモ喰いの下男,伝説,延岡市,延岡市,,,,,,ドモ喰いの下男,泉毅一郎,延岡雑談,延岡新聞社,昭和6,1931,,,,
ひよすぼ勘,ひよすぼ勘,伝説,延岡市,延岡市,河童、,,,,,ひよすぼ勘,泉毅一郎,延岡雑談,延岡新聞社,昭和6,1931,,,,
延岡の大火,延岡の大火,伝説,延岡市,延岡市,,,,,,延岡の大火,泉毅一郎,延岡雑談,延岡新聞社,昭和6,1931,,,,
粟取り医者と黒がね岩,あわどりいしゃとくろがねいわ,伝説,延岡市,延岡市,,,,,,粟取り医者と黒がね岩,泉毅一郎,延岡雑談,延岡新聞社,昭和6,1931,,,,
三好軍平と停学処分,三好軍平と停学処分,伝説,延岡市,延岡市,,,,,,三好軍平と停学処分,泉毅一郎,延岡雑談,延岡新聞社,昭和6,1931,,,,
鈴吉少年正成公の古智を学ぶ,鈴吉少年正成公の古智を学ぶ,伝説,延岡市,延岡市,,,,,,鈴吉少年正成公の古智を学ぶ,泉毅一郎,延岡雑談,延岡新聞社,昭和6,1931,,,,
出北の用水,出北の用水,伝説,延岡市,延岡市,,,,,,出北の用水,泉毅一郎,延岡雑談,延岡新聞社,昭和6,1931,,,,
澤村神社と澤村家,澤村神社と澤村家,伝説,延岡市,延岡市,,,,,,澤村神社と澤村家,泉毅一郎,延岡雑談,延岡新聞社,昭和6,1931,,,,
ドンク石,ドンク石,伝説,延岡市,延岡市,,,,,,ドンク石,泉毅一郎,延岡雑談,延岡新聞社,昭和6,1931,,,,
春日神社の龍切り,春日神社の龍切り,伝説,延岡市,延岡市,,,,,,春日神社の龍切り,泉毅一郎,延岡雑談,延岡新聞社,昭和6,1931,,,,
綱切神楽を見る,綱切神楽を見る,伝説,延岡市,延岡市,,,,,,綱切神楽を見る,泉毅一郎,延岡雑談,延岡新聞社,昭和6,1931,,,,
学校騒動,学校騒動,伝説,延岡市,延岡市,,,,,,学校騒動,泉毅一郎,延岡雑談,延岡新聞社,昭和6,1931,,,,
臼太鼓と長崎屋,臼太鼓と長崎屋,伝説,延岡市,延岡市,,,,,,臼太鼓と長崎屋,泉毅一郎,延岡雑談,延岡新聞社,昭和6,1931,,,,
鈴木先生と其生徒,すずきせんせいとそのせいと,伝説,延岡市,延岡市,,,,,,鈴木先生と其生徒,泉毅一郎,延岡雑談,延岡新聞社,昭和6,1931,,,,
長野義虎とヒリツピン事件,長野義虎とヒリツピン事件,伝説,延岡市,延岡市,,,,,,長野義虎とヒリツピン事件,泉毅一郎,延岡雑談,延岡新聞社,昭和6,1931,,,,
サンヤエ、ヨイトコセ,サンヤエ、ヨイトコセ,伝説,延岡市,延岡市,,,,,,サンヤエ、ヨイトコセ,泉毅一郎,延岡雑談,延岡新聞社,昭和6,1931,,,,
城山の鐘,城山の鐘,伝説,延岡市,延岡市,,,,,,城山の鐘,泉毅一郎,延岡雑談,延岡新聞社,昭和6,1931,,,,
内田先生と鈴木孫八,内田先生と鈴木孫八,伝説,延岡市,延岡市,,,,,,内田先生と鈴木孫八,泉毅一郎,延岡雑談,延岡新聞社,昭和6,1931,,,,
石上一介,石上一介,伝説,延岡市,延岡市,,,,,,石上一介,泉毅一郎,延岡雑談,延岡新聞社,昭和6,1931,,,,
元吉先生,元吉先生,伝説,延岡市,延岡市,,,,,,元吉先生,泉毅一郎,延岡雑談,延岡新聞社,昭和6,1931,,,,
金剛院貞裕,金剛院貞裕,伝説,延岡市,延岡市,,,,,,金剛院貞裕,泉毅一郎,延岡雑談,延岡新聞社,昭和6,1931,,,,
,,伝説,,,,,,,,一　日向の傳說序編,鈴木健一郎,日向の伝説,文華堂,昭和 8,1933,https://dl.ndl.go.jp/pid/1458924,,,
日向の国名,ひなたのこくめい,伝説,,,,,,,,一　日向の傳說序編,鈴木健一郎,日向の伝説,文華堂,昭和 8,1933,https://dl.ndl.go.jp/pid/1458924,,,
日向の郡名,ひなたのぐんめい,伝説,,,,,,,,一　日向の傳說序編,鈴木健一郎,日向の伝説,文華堂,昭和 8,1933,https://dl.ndl.go.jp/pid/1458924,,,
伊邪那岐命の禊祓,伊邪那岐命の禊祓,伝説,,宮崎市,,,,,,一　日向の傳說序編,鈴木健一郎,日向の伝説,文華堂,昭和 8,1933,https://dl.ndl.go.jp/pid/1458924,,,
天孫の御降臨,天孫の御降臨,伝説,,,,,,,,一　日向の傳說序編,鈴木健一郎,日向の伝説,文華堂,昭和 8,1933,https://dl.ndl.go.jp/pid/1458924,,,
瓊々杵尊と木華開耶姫,瓊々杵尊と木華開耶姫,伝説,,宮崎市,,,,,,一　日向の傳說序編,鈴木健一郎,日向の伝説,文華堂,昭和 8,1933,https://dl.ndl.go.jp/pid/1458924,,,
海幸彦と山幸彦,うみさちひことやまさちひこ,伝説,,宮崎市,,,,,,一　日向の傳說序編,鈴木健一郎,日向の伝説,文華堂,昭和 8,1933,https://dl.ndl.go.jp/pid/1458924,,,
髪長媛,髪長媛,伝説,,,,,,,,一　日向の傳說序編,鈴木健一郎,日向の伝説,文華堂,昭和 8,1933,https://dl.ndl.go.jp/pid/1458924,,,
三田井氏の祖,三田井氏の祖,伝説,,,,,,,,一　日向の傳說序編,鈴木健一郎,日向の伝説,文華堂,昭和 8,1933,https://dl.ndl.go.jp/pid/1458924,,,
性空上人,性空上人,伝説,,,,,,,,一　日向の傳說序編,鈴木健一郎,日向の伝説,文華堂,昭和 8,1933,https://dl.ndl.go.jp/pid/1458924,,,
大人弥五郎,大人弥五郎,伝説,,,,,,,,一　日向の傳說序編,鈴木健一郎,日向の伝説,文華堂,昭和 8,1933,https://dl.ndl.go.jp/pid/1458924,,,
伊勢や日向の物語,伊勢や日向の物語,伝説,,,,,,,,一　日向の傳說序編,鈴木健一郎,日向の伝説,文華堂,昭和 8,1933,https://dl.ndl.go.jp/pid/1458924,,,
生霊の祟り,生霊の祟り,伝説,,,,,,,,一　日向の傳說序編,鈴木健一郎,日向の伝説,文華堂,昭和 8,1933,https://dl.ndl.go.jp/pid/1458924,,,
徳川時代の日向の風俗,徳川時代の日向の風俗,伝説,,,,,,,,一　日向の傳說序編,鈴木健一郎,日向の伝説,文華堂,昭和 8,1933,https://dl.ndl.go.jp/pid/1458924,,,
薩摩領の旅,薩摩領の旅,伝説,,,,,,,,一　日向の傳說序編,鈴木健一郎,日向の伝説,文華堂,昭和 8,1933,https://dl.ndl.go.jp/pid/1458924,,,
日向の駒,日向の駒,伝説,,,,,,,,一　日向の傳說序編,鈴木健一郎,日向の伝説,文華堂,昭和 8,1933,https://dl.ndl.go.jp/pid/1458924,,,
琴弾松,琴弾松,伝説,,,,,,,,一　日向の傳說序編,鈴木健一郎,日向の伝説,文華堂,昭和 8,1933,https://dl.ndl.go.jp/pid/1458924,,,
空を飛んだ怪光,空を飛んだ怪光,伝説,,,,,,,,一　日向の傳說序編,鈴木健一郎,日向の伝説,文華堂,昭和 8,1933,https://dl.ndl.go.jp/pid/1458924,,,
寛文の大地震,寛文の大地震,伝説,,宮崎市,,,,,,一　日向の傳說序編,鈴木健一郎,日向の伝説,文華堂,昭和 8,1933,https://dl.ndl.go.jp/pid/1458924,,,
,,伝説,,,,,,,,二　東臼杵郡の傳說,鈴木健一郎,日向の伝説,文華堂,昭和 8,1933,https://dl.ndl.go.jp/pid/1458924,,,
襲々杵尊の御陵墓と神社,かさね々きねみことのごりょうぼとじんじゃ,伝説,延岡市,,,,,,,二　東臼杵郡の傳說,鈴木健一郎,日向の伝説,文華堂,昭和 8,1933,https://dl.ndl.go.jp/pid/1458924,,,
十代屋敷,十代屋敷,伝説,延岡市,,,,,,,二　東臼杵郡の傳說,鈴木健一郎,日向の伝説,文華堂,昭和 8,1933,https://dl.ndl.go.jp/pid/1458924,,,
観音庵の観音,観音庵の観音,伝説,延岡市,,,,,,,二　東臼杵郡の傳說,鈴木健一郎,日向の伝説,文華堂,昭和 8,1933,https://dl.ndl.go.jp/pid/1458924,,,
惟治の社,惟治の社,伝説,延岡市,,,,,,,二　東臼杵郡の傳說,鈴木健一郎,日向の伝説,文華堂,昭和 8,1933,https://dl.ndl.go.jp/pid/1458924,,,
宮崎合戦の余波,宮崎合戦の余波,伝説,延岡市,,,,,,,二　東臼杵郡の傳說,鈴木健一郎,日向の伝説,文華堂,昭和 8,1933,https://dl.ndl.go.jp/pid/1458924,,,
日本武尊賊を行縢に伐つ,日本武尊賊を行縢に伐つ,伝説,延岡市,,,,,,,二　東臼杵郡の傳說,鈴木健一郎,日向の伝説,文華堂,昭和 8,1933,https://dl.ndl.go.jp/pid/1458924,,,
行縢神社,むかばきじんじゃ,伝説,延岡市,,,,,,,二　東臼杵郡の傳說,鈴木健一郎,日向の伝説,文華堂,昭和 8,1933,https://dl.ndl.go.jp/pid/1458924,,,
舞野,舞野,伝説,延岡市,,,,,,,二　東臼杵郡の傳說,鈴木健一郎,日向の伝説,文華堂,昭和 8,1933,https://dl.ndl.go.jp/pid/1458924,,,
下舞野神社,下舞野神社,伝説,延岡市,,,,,,,二　東臼杵郡の傳說,鈴木健一郎,日向の伝説,文華堂,昭和 8,1933,https://dl.ndl.go.jp/pid/1458924,,,
三輪神社,三輪神社,伝説,延岡市,,,,,,,二　東臼杵郡の傳說,鈴木健一郎,日向の伝説,文華堂,昭和 8,1933,https://dl.ndl.go.jp/pid/1458924,,,
地福寺,地福寺,伝説,延岡市,,,,,,,二　東臼杵郡の傳說,鈴木健一郎,日向の伝説,文華堂,昭和 8,1933,https://dl.ndl.go.jp/pid/1458924,,,
日宗本東寺,日宗本東寺,伝説,延岡市,,,,,,,二　東臼杵郡の傳說,鈴木健一郎,日向の伝説,文華堂,昭和 8,1933,https://dl.ndl.go.jp/pid/1458924,,,
洪水記念碑,こうずいきねんひ,伝説,延岡市,,,,,,,二　東臼杵郡の傳說,鈴木健一郎,日向の伝説,文華堂,昭和 8,1933,https://dl.ndl.go.jp/pid/1458924,,,
土持氏の祖,土持氏の祖,伝説,延岡市,,,,,,,二　東臼杵郡の傳說,鈴木健一郎,日向の伝説,文華堂,昭和 8,1933,https://dl.ndl.go.jp/pid/1458924,,,
土持・伊東小雨潟に戦う,土持・伊東小雨潟に戦う,伝説,延岡市,,,,,,,二　東臼杵郡の傳說,鈴木健一郎,日向の伝説,文華堂,昭和 8,1933,https://dl.ndl.go.jp/pid/1458924,,,
土持氏の子孫,土持氏の子孫,伝説,延岡市,,,,,,,二　東臼杵郡の傳說,鈴木健一郎,日向の伝説,文華堂,昭和 8,1933,https://dl.ndl.go.jp/pid/1458924,,,
土持氏の息女,つちもちしのそくじょ,伝説,延岡市,,,,,,,二　東臼杵郡の傳說,鈴木健一郎,日向の伝説,文華堂,昭和 8,1933,https://dl.ndl.go.jp/pid/1458924,,,
鮮人を連れ来る,鮮人を連れ来る,伝説,延岡市,,,,,,,二　東臼杵郡の傳說,鈴木健一郎,日向の伝説,文華堂,昭和 8,1933,https://dl.ndl.go.jp/pid/1458924,,,
高橋氏の滅亡,高橋氏の滅亡,伝説,延岡市,,,,,,,二　東臼杵郡の傳說,鈴木健一郎,日向の伝説,文華堂,昭和 8,1933,https://dl.ndl.go.jp/pid/1458924,,,
昔の延岡の入口,むかしののべおかのいりぐち,伝説,延岡市,,,,,,,二　東臼杵郡の傳說,鈴木健一郎,日向の伝説,文華堂,昭和 8,1933,https://dl.ndl.go.jp/pid/1458924,,,
川辺の駅址,かわべのえきあと,伝説,延岡市,,,,,,,二　東臼杵郡の傳說,鈴木健一郎,日向の伝説,文華堂,昭和 8,1933,https://dl.ndl.go.jp/pid/1458924,,,
剣士小野萬右衛門,剣士小野萬右衛門,伝説,延岡市,,,,,,,二　東臼杵郡の傳說,鈴木健一郎,日向の伝説,文華堂,昭和 8,1933,https://dl.ndl.go.jp/pid/1458924,,,
御霊の宮,御霊の宮,伝説,延岡市,,,,,,,二　東臼杵郡の傳說,鈴木健一郎,日向の伝説,文華堂,昭和 8,1933,https://dl.ndl.go.jp/pid/1458924,,,
願成寺の徒弟武士となる,がんじょうじのとていぶしとなる,伝説,延岡市,,,,,,,二　東臼杵郡の傳說,鈴木健一郎,日向の伝説,文華堂,昭和 8,1933,https://dl.ndl.go.jp/pid/1458924,,,
古墳の祟り,古墳の祟り,伝説,延岡市,,,,,,,二　東臼杵郡の傳說,鈴木健一郎,日向の伝説,文華堂,昭和 8,1933,https://dl.ndl.go.jp/pid/1458924,,,
古墳の鳥,古墳の鳥,伝説,延岡市,,,,,,,二　東臼杵郡の傳說,鈴木健一郎,日向の伝説,文華堂,昭和 8,1933,https://dl.ndl.go.jp/pid/1458924,,,
大貫神社,大貫神社,伝説,延岡市,,,,,,,二　東臼杵郡の傳說,鈴木健一郎,日向の伝説,文華堂,昭和 8,1933,https://dl.ndl.go.jp/pid/1458924,,,
土々呂の琴弾松,土々呂の琴弾松,伝説,延岡市,,,,,,,二　東臼杵郡の傳說,鈴木健一郎,日向の伝説,文華堂,昭和 8,1933,https://dl.ndl.go.jp/pid/1458924,,,
昔の細島,昔の細島,伝説,延岡市,,,,,,,二　東臼杵郡の傳說,鈴木健一郎,日向の伝説,文華堂,昭和 8,1933,https://dl.ndl.go.jp/pid/1458924,,,
速日峰,速日峰,伝説,延岡市,,,,,,,二　東臼杵郡の傳說,鈴木健一郎,日向の伝説,文華堂,昭和 8,1933,https://dl.ndl.go.jp/pid/1458924,,,
義民の碑,義民の碑,伝説,延岡市,,,,,,,二　東臼杵郡の傳說,鈴木健一郎,日向の伝説,文華堂,昭和 8,1933,https://dl.ndl.go.jp/pid/1458924,,,
神門神社,かみかどじんじゃ,伝説,,,,,,,,二　東臼杵郡の傳說,鈴木健一郎,日向の伝説,文華堂,昭和 8,1933,https://dl.ndl.go.jp/pid/1458924,,,
,,伝説,,,,,,,,三　西臼杵郡の傳說,鈴木健一郎,日向の伝説,文華堂,昭和 8,1933,https://dl.ndl.go.jp/pid/1458924,,,
天孫の御降臨,天孫の御降臨,伝説,高千穂町,,,,,,,三　西臼杵郡の傳說,鈴木健一郎,日向の伝説,文華堂,昭和 8,1933,https://dl.ndl.go.jp/pid/1458924,,,
不詩田,不詩田,伝説,高千穂町,,,,,,,三　西臼杵郡の傳說,鈴木健一郎,日向の伝説,文華堂,昭和 8,1933,https://dl.ndl.go.jp/pid/1458924,,,
天の真名井,天の真名井,伝説,高千穂町,,,,,,,三　西臼杵郡の傳說,鈴木健一郎,日向の伝説,文華堂,昭和 8,1933,https://dl.ndl.go.jp/pid/1458924,,,
鬼八塚,おにやつか,伝説,高千穂町,,,,,,,三　西臼杵郡の傳說,鈴木健一郎,日向の伝説,文華堂,昭和 8,1933,https://dl.ndl.go.jp/pid/1458924,,,
鬼八異聞,おに八いぶん,伝説,高千穂町,,,,,,,三　西臼杵郡の傳說,鈴木健一郎,日向の伝説,文華堂,昭和 8,1933,https://dl.ndl.go.jp/pid/1458924,,,
三田井氏の滅亡と宗説,みたいしのめつぼうとそうせつ,伝説,高千穂町,,,,,,,三　西臼杵郡の傳說,鈴木健一郎,日向の伝説,文華堂,昭和 8,1933,https://dl.ndl.go.jp/pid/1458924,,,
文政頃の高千穂付近の生活,文政頃の高千穂付近の生活,伝説,高千穂町,,,,,,,三　西臼杵郡の傳說,鈴木健一郎,日向の伝説,文華堂,昭和 8,1933,https://dl.ndl.go.jp/pid/1458924,,,
二上山,二上山,伝説,高千穂町,,,,,,,三　西臼杵郡の傳說,鈴木健一郎,日向の伝説,文華堂,昭和 8,1933,https://dl.ndl.go.jp/pid/1458924,,,
二上嶽雌嶽の人穴,二上嶽雌嶽の人穴,伝説,高千穂町,,,,,,,三　西臼杵郡の傳說,鈴木健一郎,日向の伝説,文華堂,昭和 8,1933,https://dl.ndl.go.jp/pid/1458924,,,
深角神社の織田様,深角神社の織田様,伝説,日之影町,,,,,,,三　西臼杵郡の傳說,鈴木健一郎,日向の伝説,文華堂,昭和 8,1933,https://dl.ndl.go.jp/pid/1458924,,,
老婢の井戸,ろうひのいど,伝説,日之影町,,,,,,,三　西臼杵郡の傳說,鈴木健一郎,日向の伝説,文華堂,昭和 8,1933,https://dl.ndl.go.jp/pid/1458924,,,
かうもり岩屋,かうもりいわや,伝説,日之影町,,,,,,,三　西臼杵郡の傳說,鈴木健一郎,日向の伝説,文華堂,昭和 8,1933,https://dl.ndl.go.jp/pid/1458924,,,
血色の黍,血色の黍,伝説,日之影町,,,,,,,三　西臼杵郡の傳說,鈴木健一郎,日向の伝説,文華堂,昭和 8,1933,https://dl.ndl.go.jp/pid/1458924,,,
龍宮淵,たつみやえん,伝説,日之影町,,,,,,,三　西臼杵郡の傳說,鈴木健一郎,日向の伝説,文華堂,昭和 8,1933,https://dl.ndl.go.jp/pid/1458924,,,
三毛入野尊,三毛入野尊,伝説,日之影町,,,,,,,三　西臼杵郡の傳說,鈴木健一郎,日向の伝説,文華堂,昭和 8,1933,https://dl.ndl.go.jp/pid/1458924,,,
天孫と高城山,てんそんとこうしろやま,伝説,日之影町,,,,,,,三　西臼杵郡の傳說,鈴木健一郎,日向の伝説,文華堂,昭和 8,1933,https://dl.ndl.go.jp/pid/1458924,,,
七ッ山の名称,七ッやまのめいしょう,伝説,日之影町,,,,,,,三　西臼杵郡の傳說,鈴木健一郎,日向の伝説,文華堂,昭和 8,1933,https://dl.ndl.go.jp/pid/1458924,,,
七ッ山の甲斐姓といちのかみ,七ッやまのかいせいといちのかみ,伝説,日之影町,,,,,,,三　西臼杵郡の傳說,鈴木健一郎,日向の伝説,文華堂,昭和 8,1933,https://dl.ndl.go.jp/pid/1458924,,,
鞍岡の名称,鞍岡の名称,伝説,五ヶ瀬町,,,,,,,三　西臼杵郡の傳說,鈴木健一郎,日向の伝説,文華堂,昭和 8,1933,https://dl.ndl.go.jp/pid/1458924,,,
亀頭山城址,亀頭山城址,伝説,五ヶ瀬町,,,,,,,三　西臼杵郡の傳說,鈴木健一郎,日向の伝説,文華堂,昭和 8,1933,https://dl.ndl.go.jp/pid/1458924,,,
玄武山城址,玄武山城址,伝説,五ヶ瀬町,,,,,,,三　西臼杵郡の傳說,鈴木健一郎,日向の伝説,文華堂,昭和 8,1933,https://dl.ndl.go.jp/pid/1458924,,,
鬼切丸と鬼切石,おにきりまるとおにきりいし,伝説,五ヶ瀬町,,,,,,,三　西臼杵郡の傳說,鈴木健一郎,日向の伝説,文華堂,昭和 8,1933,https://dl.ndl.go.jp/pid/1458924,,,
一体は俺だ,一体は俺だ,伝説,,,,,,,,三　西臼杵郡の傳說,鈴木健一郎,日向の伝説,文華堂,昭和 8,1933,https://dl.ndl.go.jp/pid/1458924,,,
龍泉寺の地蔵尊,龍泉寺の地蔵尊,伝説,,,,,,,,三　西臼杵郡の傳說,鈴木健一郎,日向の伝説,文華堂,昭和 8,1933,https://dl.ndl.go.jp/pid/1458924,,,
大蛇の忠,大蛇の忠,伝説,,,,,,,,三　西臼杵郡の傳說,鈴木健一郎,日向の伝説,文華堂,昭和 8,1933,https://dl.ndl.go.jp/pid/1458924,,,
高見但馬守,高見但馬守,伝説,,,,,,,,三　西臼杵郡の傳說,鈴木健一郎,日向の伝説,文華堂,昭和 8,1933,https://dl.ndl.go.jp/pid/1458924,,,
杉ケ越大明神,杉ケ越大明神,伝説,,,,,,,,三　西臼杵郡の傳說,鈴木健一郎,日向の伝説,文華堂,昭和 8,1933,https://dl.ndl.go.jp/pid/1458924,,,
洞岳権現,洞岳権現,伝説,,,,,,,,三　西臼杵郡の傳說,鈴木健一郎,日向の伝説,文華堂,昭和 8,1933,https://dl.ndl.go.jp/pid/1458924,,,
椎葉の鷹,椎葉の鷹,伝説,椎葉村,,,,,,,三　西臼杵郡の傳說,鈴木健一郎,日向の伝説,文華堂,昭和 8,1933,https://dl.ndl.go.jp/pid/1458924,,,
鷹塚山,たかずかやま,伝説,椎葉村,,,,,,,三　西臼杵郡の傳說,鈴木健一郎,日向の伝説,文華堂,昭和 8,1933,https://dl.ndl.go.jp/pid/1458924,,,
松木の稲荷,松木の稲荷,伝説,椎葉村,,,,,,,三　西臼杵郡の傳說,鈴木健一郎,日向の伝説,文華堂,昭和 8,1933,https://dl.ndl.go.jp/pid/1458924,,,
平族の椎葉入り,平族の椎葉入り,伝説,椎葉村,,,,,,,三　西臼杵郡の傳說,鈴木健一郎,日向の伝説,文華堂,昭和 8,1933,https://dl.ndl.go.jp/pid/1458924,,,
平家の落人と那須氏,へいけのおちうどとなすし,伝説,椎葉村,,,,,,,三　西臼杵郡の傳說,鈴木健一郎,日向の伝説,文華堂,昭和 8,1933,https://dl.ndl.go.jp/pid/1458924,,,
奈須・椎葉の由来,奈須・椎葉の由来,伝説,椎葉村,,,,,,,三　西臼杵郡の傳說,鈴木健一郎,日向の伝説,文華堂,昭和 8,1933,https://dl.ndl.go.jp/pid/1458924,,,
仲塔山薬師寺,なかとうやまやくしじ,伝説,椎葉村,,,,,,,三　西臼杵郡の傳說,鈴木健一郎,日向の伝説,文華堂,昭和 8,1933,https://dl.ndl.go.jp/pid/1458924,,,
仲塔山の金壷,仲塔山の金壷,伝説,椎葉村,,,,,,,三　西臼杵郡の傳說,鈴木健一郎,日向の伝説,文華堂,昭和 8,1933,https://dl.ndl.go.jp/pid/1458924,,,
大河内地頭那須高貞,大河内地頭那須高貞,伝説,椎葉村,,,,,,,三　西臼杵郡の傳說,鈴木健一郎,日向の伝説,文華堂,昭和 8,1933,https://dl.ndl.go.jp/pid/1458924,,,
向山の駆動,むかいやまのくどう,伝説,椎葉村,,,,,,,三　西臼杵郡の傳說,鈴木健一郎,日向の伝説,文華堂,昭和 8,1933,https://dl.ndl.go.jp/pid/1458924,,,
那須主膳,那須主膳,伝説,椎葉村,,,,,,,三　西臼杵郡の傳說,鈴木健一郎,日向の伝説,文華堂,昭和 8,1933,https://dl.ndl.go.jp/pid/1458924,,,
御三池,御三池,伝説,椎葉村,,,,,,,三　西臼杵郡の傳說,鈴木健一郎,日向の伝説,文華堂,昭和 8,1933,https://dl.ndl.go.jp/pid/1458924,,,
白水の滝,白水の滝,伝説,椎葉村,,,,,,,三　西臼杵郡の傳說,鈴木健一郎,日向の伝説,文華堂,昭和 8,1933,https://dl.ndl.go.jp/pid/1458924,,,
八村杉,八村杉,伝説,椎葉村,,,,,,,三　西臼杵郡の傳說,鈴木健一郎,日向の伝説,文華堂,昭和 8,1933,https://dl.ndl.go.jp/pid/1458924,,,
昔の五ヶ村,むかしの五ヶむら,伝説,,,,,,,,三　西臼杵郡の傳說,鈴木健一郎,日向の伝説,文華堂,昭和 8,1933,https://dl.ndl.go.jp/pid/1458924,,,
,,伝説,,,,,,,,四　兒湯郡の傳說,鈴木健一郎,日向の伝説,文華堂,昭和 8,1933,https://dl.ndl.go.jp/pid/1458924,,,
蚊口浦の琴弾松,蚊口浦の琴弾松,伝説,高鍋町,,,,,,,四　兒湯郡の傳說,鈴木健一郎,日向の伝説,文華堂,昭和 8,1933,https://dl.ndl.go.jp/pid/1458924,,,
鵜戸神社,鵜戸神社,伝説,高鍋町,,,,,,,四　兒湯郡の傳說,鈴木健一郎,日向の伝説,文華堂,昭和 8,1933,https://dl.ndl.go.jp/pid/1458924,,,
毛比呂毛と石船,毛比呂毛と石船,伝説,高鍋町,,,,,,,四　兒湯郡の傳說,鈴木健一郎,日向の伝説,文華堂,昭和 8,1933,https://dl.ndl.go.jp/pid/1458924,,,
高鍋豆腐,たかなべとうふ,伝説,高鍋町,,,,,,,四　兒湯郡の傳說,鈴木健一郎,日向の伝説,文華堂,昭和 8,1933,https://dl.ndl.go.jp/pid/1458924,,,
太平寺井手,太平寺井手,伝説,高鍋町,,,,,,,四　兒湯郡の傳說,鈴木健一郎,日向の伝説,文華堂,昭和 8,1933,https://dl.ndl.go.jp/pid/1458924,,,
潮水ヶ池,潮水ヶ池,伝説,,,,,,,,四　兒湯郡の傳說,鈴木健一郎,日向の伝説,文華堂,昭和 8,1933,https://dl.ndl.go.jp/pid/1458924,,,
王子権現,王子権現,伝説,,,,,,,,四　兒湯郡の傳說,鈴木健一郎,日向の伝説,文華堂,昭和 8,1933,https://dl.ndl.go.jp/pid/1458924,,,
御衣楠,御衣楠,伝説,,,,,,,,四　兒湯郡の傳說,鈴木健一郎,日向の伝説,文華堂,昭和 8,1933,https://dl.ndl.go.jp/pid/1458924,,,
長谷観音,長谷観音,伝説,西都市,,,,,,,四　兒湯郡の傳說,鈴木健一郎,日向の伝説,文華堂,昭和 8,1933,https://dl.ndl.go.jp/pid/1458924,,,
笹ノ元の古墳,笹ノ元の古墳,伝説,,,,,,,,四　兒湯郡の傳說,鈴木健一郎,日向の伝説,文華堂,昭和 8,1933,https://dl.ndl.go.jp/pid/1458924,,,
酒泉院,酒泉院,伝説,,,,,,,,四　兒湯郡の傳說,鈴木健一郎,日向の伝説,文華堂,昭和 8,1933,https://dl.ndl.go.jp/pid/1458924,,,
伊東義益の頓死,伊東義益の頓死,伝説,,,,,,,,四　兒湯郡の傳說,鈴木健一郎,日向の伝説,文華堂,昭和 8,1933,https://dl.ndl.go.jp/pid/1458924,,,
行神塚,行神塚,伝説,,,,,,,,四　兒湯郡の傳說,鈴木健一郎,日向の伝説,文華堂,昭和 8,1933,https://dl.ndl.go.jp/pid/1458924,,,
高屋山陵,高屋山陵,伝説,,,,,,,,四　兒湯郡の傳說,鈴木健一郎,日向の伝説,文華堂,昭和 8,1933,https://dl.ndl.go.jp/pid/1458924,,,
鹿野田神社の潮井,鹿野田神社の潮井,伝説,,,,,,,,四　兒湯郡の傳說,鈴木健一郎,日向の伝説,文華堂,昭和 8,1933,https://dl.ndl.go.jp/pid/1458924,,,
黒貫寺,黒貫寺,伝説,,,,,,,,四　兒湯郡の傳說,鈴木健一郎,日向の伝説,文華堂,昭和 8,1933,https://dl.ndl.go.jp/pid/1458924,,,
慶部権現,慶部権現,伝説,,,,,,,,四　兒湯郡の傳說,鈴木健一郎,日向の伝説,文華堂,昭和 8,1933,https://dl.ndl.go.jp/pid/1458924,,,
柏峡の大野,柏峡の大野,伝説,,,,,,,,四　兒湯郡の傳說,鈴木健一郎,日向の伝説,文華堂,昭和 8,1933,https://dl.ndl.go.jp/pid/1458924,,,
都萬神社,都萬神社,伝説,,,,,,,,四　兒湯郡の傳說,鈴木健一郎,日向の伝説,文華堂,昭和 8,1933,https://dl.ndl.go.jp/pid/1458924,,,
国分寺と木喰上人,こくぶんじともくじきしょうにん,伝説,,,,,,,,四　兒湯郡の傳說,鈴木健一郎,日向の伝説,文華堂,昭和 8,1933,https://dl.ndl.go.jp/pid/1458924,,,
稚児殿池,稚児殿池,伝説,,,,,,,,四　兒湯郡の傳說,鈴木健一郎,日向の伝説,文華堂,昭和 8,1933,https://dl.ndl.go.jp/pid/1458924,,,
西都原の御陵墓,西都原の御陵墓,伝説,,,,,,,,四　兒湯郡の傳說,鈴木健一郎,日向の伝説,文華堂,昭和 8,1933,https://dl.ndl.go.jp/pid/1458924,,,
きんなら様,きんなら様,伝説,,,,,,,,四　兒湯郡の傳說,鈴木健一郎,日向の伝説,文華堂,昭和 8,1933,https://dl.ndl.go.jp/pid/1458924,,,
比木神社と福智王,比木神社と福智王,伝説,美郷町,,,,,,,四　兒湯郡の傳說,鈴木健一郎,日向の伝説,文華堂,昭和 8,1933,https://dl.ndl.go.jp/pid/1458924,,,
神龍の絵,神龍の絵,伝説,,,,,,,,四　兒湯郡の傳說,鈴木健一郎,日向の伝説,文華堂,昭和 8,1933,https://dl.ndl.go.jp/pid/1458924,,,
福永神社と南瓜,福永神社と南瓜,伝説,,,,,,,,四　兒湯郡の傳說,鈴木健一郎,日向の伝説,文華堂,昭和 8,1933,https://dl.ndl.go.jp/pid/1458924,,,
吐乃大明神,吐乃大明神,伝説,,,,,,,,四　兒湯郡の傳說,鈴木健一郎,日向の伝説,文華堂,昭和 8,1933,https://dl.ndl.go.jp/pid/1458924,,,
都農神社,都農神社,伝説,都農町,,,,,,,四　兒湯郡の傳說,鈴木健一郎,日向の伝説,文華堂,昭和 8,1933,https://dl.ndl.go.jp/pid/1458924,,,
延宝頃の津農神社,延宝頃の津農神社,伝説,,,,,,,,四　兒湯郡の傳說,鈴木健一郎,日向の伝説,文華堂,昭和 8,1933,https://dl.ndl.go.jp/pid/1458924,,,
徳泉寺の和尚と河童,徳泉寺の和尚と河童,伝説,,,,,,,,四　兒湯郡の傳說,鈴木健一郎,日向の伝説,文華堂,昭和 8,1933,https://dl.ndl.go.jp/pid/1458924,,,
尾鈴神社,おすずじんじゃ,伝説,,,,,,,,四　兒湯郡の傳說,鈴木健一郎,日向の伝説,文華堂,昭和 8,1933,https://dl.ndl.go.jp/pid/1458924,,,
天磐船,てんいわふね,伝説,,,,,,,,四　兒湯郡の傳說,鈴木健一郎,日向の伝説,文華堂,昭和 8,1933,https://dl.ndl.go.jp/pid/1458924,,,
神石三日月様,神石三日月様,伝説,,,,,,,,四　兒湯郡の傳說,鈴木健一郎,日向の伝説,文華堂,昭和 8,1933,https://dl.ndl.go.jp/pid/1458924,,,
神武天皇の美々津御出帆,神武天皇の美々津御出帆,伝説,,,,,,,,四　兒湯郡の傳說,鈴木健一郎,日向の伝説,文華堂,昭和 8,1933,https://dl.ndl.go.jp/pid/1458924,,,
神代の米良,神代の米良,伝説,,,,,,,,四　兒湯郡の傳說,鈴木健一郎,日向の伝説,文華堂,昭和 8,1933,https://dl.ndl.go.jp/pid/1458924,,,
米良の鏡山,米良の鏡山,伝説,,,,,,,,四　兒湯郡の傳說,鈴木健一郎,日向の伝説,文華堂,昭和 8,1933,https://dl.ndl.go.jp/pid/1458924,,,
磐長姫と銀鏡神社,磐長姫と銀鏡神社,伝説,,,,,,,,四　兒湯郡の傳說,鈴木健一郎,日向の伝説,文華堂,昭和 8,1933,https://dl.ndl.go.jp/pid/1458924,,,
米良と平家,米良と平家,伝説,,,,,,,,四　兒湯郡の傳說,鈴木健一郎,日向の伝説,文華堂,昭和 8,1933,https://dl.ndl.go.jp/pid/1458924,,,
米良の菊池氏,米良の菊池氏,伝説,,,,,,,,四　兒湯郡の傳說,鈴木健一郎,日向の伝説,文華堂,昭和 8,1933,https://dl.ndl.go.jp/pid/1458924,,,
西征将軍の米良入,西征将軍の米良入,伝説,,,,,,,,四　兒湯郡の傳說,鈴木健一郎,日向の伝説,文華堂,昭和 8,1933,https://dl.ndl.go.jp/pid/1458924,,,
米良千本槍,米良千本槍,伝説,,,,,,,,四　兒湯郡の傳說,鈴木健一郎,日向の伝説,文華堂,昭和 8,1933,https://dl.ndl.go.jp/pid/1458924,,,
,,伝説,,,,,,,,五　宮崎郡の傳說,鈴木健一郎,日向の伝説,文華堂,昭和 8,1933,https://dl.ndl.go.jp/pid/1458924,,,
檍原の三瀬,檍原の三瀬,伝説,宮崎市,宮崎市,,,,,,五　宮崎郡の傳說,鈴木健一郎,日向の伝説,文華堂,昭和 8,1933,https://dl.ndl.go.jp/pid/1458924,,,
小戸神社と橋小門,小戸神社と橋小門,伝説,宮崎市,宮崎市,,,,,,五　宮崎郡の傳說,鈴木健一郎,日向の伝説,文華堂,昭和 8,1933,https://dl.ndl.go.jp/pid/1458924,,,
宮崎神宮,宮崎神宮,伝説,宮崎市,宮崎市,,,,,,五　宮崎郡の傳說,鈴木健一郎,日向の伝説,文華堂,昭和 8,1933,https://dl.ndl.go.jp/pid/1458924,,,
神武天皇の宮居跡,神武天皇の宮居跡,伝説,宮崎市,宮崎市,,,,,,五　宮崎郡の傳說,鈴木健一郎,日向の伝説,文華堂,昭和 8,1933,https://dl.ndl.go.jp/pid/1458924,,,
帝釈寺,帝釈寺,伝説,宮崎市,宮崎市,,,,,,五　宮崎郡の傳說,鈴木健一郎,日向の伝説,文華堂,昭和 8,1933,https://dl.ndl.go.jp/pid/1458924,,,
景清の石塔,景清の石塔,伝説,宮崎市,宮崎市,,,,,,五　宮崎郡の傳說,鈴木健一郎,日向の伝説,文華堂,昭和 8,1933,https://dl.ndl.go.jp/pid/1458924,,,
高屋神社と高屋宮跡,たかやじんじゃとたかやきゅうあと,伝説,宮崎市,宮崎市,,,,,,五　宮崎郡の傳說,鈴木健一郎,日向の伝説,文華堂,昭和 8,1933,https://dl.ndl.go.jp/pid/1458924,,,
あらたかな水神様,あらたかなすいじんさま,伝説,宮崎市,宮崎市,,,,,,五　宮崎郡の傳說,鈴木健一郎,日向の伝説,文華堂,昭和 8,1933,https://dl.ndl.go.jp/pid/1458924,,,
宝の下の魔神,宝の下の魔神,伝説,宮崎市,宮崎市,,,,,,五　宮崎郡の傳說,鈴木健一郎,日向の伝説,文華堂,昭和 8,1933,https://dl.ndl.go.jp/pid/1458924,,,
冠獄,冠獄,伝説,宮崎市,宮崎市,,,,,,五　宮崎郡の傳說,鈴木健一郎,日向の伝説,文華堂,昭和 8,1933,https://dl.ndl.go.jp/pid/1458924,,,
蓮菜山の古戦場,蓮菜山の古戦場,伝説,宮崎市,宮崎市,,,,,,五　宮崎郡の傳說,鈴木健一郎,日向の伝説,文華堂,昭和 8,1933,https://dl.ndl.go.jp/pid/1458924,,,
石見晴信の遺世,石見晴信の遺世,伝説,宮崎市,宮崎市,,,,,,五　宮崎郡の傳說,鈴木健一郎,日向の伝説,文華堂,昭和 8,1933,https://dl.ndl.go.jp/pid/1458924,,,
奈古神社,奈古神社,伝説,宮崎市,宮崎市,,,,,,五　宮崎郡の傳說,鈴木健一郎,日向の伝説,文華堂,昭和 8,1933,https://dl.ndl.go.jp/pid/1458924,,,
宮崎城,宮崎城,伝説,宮崎市,宮崎市,,,,,,五　宮崎郡の傳說,鈴木健一郎,日向の伝説,文華堂,昭和 8,1933,https://dl.ndl.go.jp/pid/1458924,,,
水かけ地蔵,水かけ地蔵,伝説,宮崎市,宮崎市,,,,,,五　宮崎郡の傳說,鈴木健一郎,日向の伝説,文華堂,昭和 8,1933,https://dl.ndl.go.jp/pid/1458924,,,
江田神社,江田神社,伝説,宮崎市,宮崎市,,,,,,五　宮崎郡の傳說,鈴木健一郎,日向の伝説,文華堂,昭和 8,1933,https://dl.ndl.go.jp/pid/1458924,,,
刀工鬼正,とうこうきただし,伝説,宮崎市,宮崎市,,,,,,五　宮崎郡の傳說,鈴木健一郎,日向の伝説,文華堂,昭和 8,1933,https://dl.ndl.go.jp/pid/1458924,,,
網掛観音,網掛観音,伝説,宮崎市,宮崎市,,,,,,五　宮崎郡の傳說,鈴木健一郎,日向の伝説,文華堂,昭和 8,1933,https://dl.ndl.go.jp/pid/1458924,,,
案の山観音と頼朝の墓,あんのやまかんのんとよりとものはか,伝説,宮崎市,宮崎市,,,,,,五　宮崎郡の傳說,鈴木健一郎,日向の伝説,文華堂,昭和 8,1933,https://dl.ndl.go.jp/pid/1458924,,,
住吉神社,すみよしじんじゃ,伝説,宮崎市,宮崎市,,,,,,五　宮崎郡の傳說,鈴木健一郎,日向の伝説,文華堂,昭和 8,1933,https://dl.ndl.go.jp/pid/1458924,,,
広瀬神社,広瀬神社,伝説,宮崎市,宮崎市,,,,,,五　宮崎郡の傳說,鈴木健一郎,日向の伝説,文華堂,昭和 8,1933,https://dl.ndl.go.jp/pid/1458924,,,
久峰観音,久峰観音,伝説,宮崎市,宮崎市,,,,,,五　宮崎郡の傳說,鈴木健一郎,日向の伝説,文華堂,昭和 8,1933,https://dl.ndl.go.jp/pid/1458924,,,
節分桜,節分桜,伝説,宮崎市,宮崎市,,,,,,五　宮崎郡の傳說,鈴木健一郎,日向の伝説,文華堂,昭和 8,1933,https://dl.ndl.go.jp/pid/1458924,,,
巨田池の禁猟,巨田池の禁猟,伝説,宮崎市,宮崎市,,,,,,五　宮崎郡の傳說,鈴木健一郎,日向の伝説,文華堂,昭和 8,1933,https://dl.ndl.go.jp/pid/1458924,,,
佐土原の安宮大明神,さどわらのやすみやだいみょうじん,伝説,宮崎市,宮崎市,,,,,,五　宮崎郡の傳說,鈴木健一郎,日向の伝説,文華堂,昭和 8,1933,https://dl.ndl.go.jp/pid/1458924,,,
平等寺の鐘,平等寺の鐘,伝説,宮崎市,宮崎市,,,,,,五　宮崎郡の傳說,鈴木健一郎,日向の伝説,文華堂,昭和 8,1933,https://dl.ndl.go.jp/pid/1458924,,,
直純寺,直純寺,伝説,宮崎市,宮崎市,,,,,,五　宮崎郡の傳說,鈴木健一郎,日向の伝説,文華堂,昭和 8,1933,https://dl.ndl.go.jp/pid/1458924,,,
小原の観音,小原の観音,伝説,宮崎市,宮崎市,,,,,,五　宮崎郡の傳說,鈴木健一郎,日向の伝説,文華堂,昭和 8,1933,https://dl.ndl.go.jp/pid/1458924,,,
生目八幡,生目八幡,伝説,宮崎市,宮崎市,,,,,,五　宮崎郡の傳說,鈴木健一郎,日向の伝説,文華堂,昭和 8,1933,https://dl.ndl.go.jp/pid/1458924,,,
生目神社,生目神社,伝説,宮崎市,宮崎市,,,,,,五　宮崎郡の傳說,鈴木健一郎,日向の伝説,文華堂,昭和 8,1933,https://dl.ndl.go.jp/pid/1458924,,,
加護八幡,加護八幡,伝説,宮崎市,宮崎市,,,,,,五　宮崎郡の傳說,鈴木健一郎,日向の伝説,文華堂,昭和 8,1933,https://dl.ndl.go.jp/pid/1458924,,,
いしぼし様,いしぼしさま,伝説,宮崎市,宮崎市,,,,,,五　宮崎郡の傳說,鈴木健一郎,日向の伝説,文華堂,昭和 8,1933,https://dl.ndl.go.jp/pid/1458924,,,
白蛇の恵み,白蛇の恵み,伝説,宮崎市,宮崎市,,,,,,五　宮崎郡の傳說,鈴木健一郎,日向の伝説,文華堂,昭和 8,1933,https://dl.ndl.go.jp/pid/1458924,,,
岩切の新溝,岩切の新溝,伝説,宮崎市,宮崎市,,,,,,五　宮崎郡の傳說,鈴木健一郎,日向の伝説,文華堂,昭和 8,1933,https://dl.ndl.go.jp/pid/1458924,,,
水無川,水無川,伝説,宮崎市,宮崎市,,,,,,五　宮崎郡の傳說,鈴木健一郎,日向の伝説,文華堂,昭和 8,1933,https://dl.ndl.go.jp/pid/1458924,,,
戸主殺しの田,戸主殺しの田,伝説,宮崎市,宮崎市,,,,,,五　宮崎郡の傳說,鈴木健一郎,日向の伝説,文華堂,昭和 8,1933,https://dl.ndl.go.jp/pid/1458924,,,
木花と木花開耶姫,木花と木花開耶姫,伝説,宮崎市,宮崎市,,,,,,五　宮崎郡の傳說,鈴木健一郎,日向の伝説,文華堂,昭和 8,1933,https://dl.ndl.go.jp/pid/1458924,,,
青島神社,ちんたおじんじゃ,伝説,宮崎市,宮崎市,,,,,,五　宮崎郡の傳說,鈴木健一郎,日向の伝説,文華堂,昭和 8,1933,https://dl.ndl.go.jp/pid/1458924,,,
笠狭崎,かさせまさき,伝説,宮崎市,宮崎市,,,,,,五　宮崎郡の傳說,鈴木健一郎,日向の伝説,文華堂,昭和 8,1933,https://dl.ndl.go.jp/pid/1458924,,,
御崎寺,御崎寺,伝説,宮崎市,宮崎市,,,,,,五　宮崎郡の傳說,鈴木健一郎,日向の伝説,文華堂,昭和 8,1933,https://dl.ndl.go.jp/pid/1458924,,,
野島神社,野島神社,伝説,宮崎市,宮崎市,,,,,,五　宮崎郡の傳說,鈴木健一郎,日向の伝説,文華堂,昭和 8,1933,https://dl.ndl.go.jp/pid/1458924,,,
田野天建神社と百済王,田野天建神社と百済王,伝説,宮崎市,宮崎市,,,,,,五　宮崎郡の傳說,鈴木健一郎,日向の伝説,文華堂,昭和 8,1933,https://dl.ndl.go.jp/pid/1458924,,,
,,伝説,,,,,,,,五　宮崎郡の傳說,鈴木健一郎,日向の伝説,文華堂,昭和 8,1933,https://dl.ndl.go.jp/pid/1458924,,,
,,伝説,,,,,,,,六　南那珂郡の傳說,鈴木健一郎,日向の伝説,文華堂,昭和 8,1933,https://dl.ndl.go.jp/pid/1458924,,,
鵜戸神宮の岩屋,鵜戸神宮の岩屋,伝説,,南那珂郡,,,,,,六　南那珂郡の傳說,鈴木健一郎,日向の伝説,文華堂,昭和 8,1933,https://dl.ndl.go.jp/pid/1458924,,,
鵜戸の石の毛,鵜戸の石の毛,伝説,,南那珂郡,,,,,,六　南那珂郡の傳說,鈴木健一郎,日向の伝説,文華堂,昭和 8,1933,https://dl.ndl.go.jp/pid/1458924,,,
鵜戸の神橋,鵜戸の神橋,伝説,,南那珂郡,,,,,,六　南那珂郡の傳說,鈴木健一郎,日向の伝説,文華堂,昭和 8,1933,https://dl.ndl.go.jp/pid/1458924,,,
鵜戸の神徳,鵜戸の神徳,伝説,,南那珂郡,,,,,,六　南那珂郡の傳說,鈴木健一郎,日向の伝説,文華堂,昭和 8,1933,https://dl.ndl.go.jp/pid/1458924,,,
鵜戸神宮と武道家,うどじんぐうとぶどうか,伝説,,南那珂郡,,,,,,六　南那珂郡の傳說,鈴木健一郎,日向の伝説,文華堂,昭和 8,1933,https://dl.ndl.go.jp/pid/1458924,,,
鵜戸の山崩れ,うどのやまくずれ,伝説,,南那珂郡,,,,,,六　南那珂郡の傳說,鈴木健一郎,日向の伝説,文華堂,昭和 8,1933,https://dl.ndl.go.jp/pid/1458924,,,
玉依姫の社と陵,たまよりひめのしゃとおか,伝説,,南那珂郡,,,,,,六　南那珂郡の傳說,鈴木健一郎,日向の伝説,文華堂,昭和 8,1933,https://dl.ndl.go.jp/pid/1458924,,,
外の浦港,外の浦港,伝説,,南那珂郡,,,,,,六　南那珂郡の傳說,鈴木健一郎,日向の伝説,文華堂,昭和 8,1933,https://dl.ndl.go.jp/pid/1458924,,,
大島,おおしま,伝説,,南那珂郡,,,,,,六　南那珂郡の傳說,鈴木健一郎,日向の伝説,文華堂,昭和 8,1933,https://dl.ndl.go.jp/pid/1458924,,,
弘法の泉,ぐほうのいずみ,伝説,,南那珂郡,,,,,,六　南那珂郡の傳說,鈴木健一郎,日向の伝説,文華堂,昭和 8,1933,https://dl.ndl.go.jp/pid/1458924,,,
狐天に鳴く,狐天に鳴く,伝説,,南那珂郡,,,,,,六　南那珂郡の傳說,鈴木健一郎,日向の伝説,文華堂,昭和 8,1933,https://dl.ndl.go.jp/pid/1458924,,,
板敷神社,板敷神社,伝説,,南那珂郡,,,,,,六　南那珂郡の傳說,鈴木健一郎,日向の伝説,文華堂,昭和 8,1933,https://dl.ndl.go.jp/pid/1458924,,,
飯肥藩の検地と石高,めしこえはんのけんちとこくだか,伝説,,南那珂郡,,,,,,六　南那珂郡の傳說,鈴木健一郎,日向の伝説,文華堂,昭和 8,1933,https://dl.ndl.go.jp/pid/1458924,,,
飯肥藩主の十曜紋,飯肥藩主の十曜紋,伝説,,南那珂郡,,,,,,六　南那珂郡の傳說,鈴木健一郎,日向の伝説,文華堂,昭和 8,1933,https://dl.ndl.go.jp/pid/1458924,,,
飯肥藩士新年の挨拶,飯肥藩士新年の挨拶,伝説,,南那珂郡,,,,,,六　南那珂郡の傳說,鈴木健一郎,日向の伝説,文華堂,昭和 8,1933,https://dl.ndl.go.jp/pid/1458924,,,
永禄頃の武士気質,永禄頃の武士気質,伝説,,南那珂郡,,,,,,六　南那珂郡の傳說,鈴木健一郎,日向の伝説,文華堂,昭和 8,1933,https://dl.ndl.go.jp/pid/1458924,,,
飯肥へ行かうと鳴った鐘,飯肥へ行かうと鳴った鐘,伝説,,南那珂郡,,,,,,六　南那珂郡の傳說,鈴木健一郎,日向の伝説,文華堂,昭和 8,1933,https://dl.ndl.go.jp/pid/1458924,,,
祐還和尚,祐還和尚,伝説,,南那珂郡,,,,,,六　南那珂郡の傳說,鈴木健一郎,日向の伝説,文華堂,昭和 8,1933,https://dl.ndl.go.jp/pid/1458924,,,
木兎先生,木兎先生,伝説,,南那珂郡,,,,,,六　南那珂郡の傳說,鈴木健一郎,日向の伝説,文華堂,昭和 8,1933,https://dl.ndl.go.jp/pid/1458924,,,
海州和尚,へじゅおしょう,伝説,,南那珂郡,,,,,,六　南那珂郡の傳說,鈴木健一郎,日向の伝説,文華堂,昭和 8,1933,https://dl.ndl.go.jp/pid/1458924,,,
竹笛家宜竹,たけぶえそきたけ,伝説,,南那珂郡,,,,,,六　南那珂郡の傳說,鈴木健一郎,日向の伝説,文華堂,昭和 8,1933,https://dl.ndl.go.jp/pid/1458924,,,
蕃薯と飯肥藩,蕃薯と飯肥藩,伝説,,南那珂郡,,,,,,六　南那珂郡の傳說,鈴木健一郎,日向の伝説,文華堂,昭和 8,1933,https://dl.ndl.go.jp/pid/1458924,,,
大野主馬治房,大野主馬治房,伝説,,南那珂郡,,,,,,六　南那珂郡の傳說,鈴木健一郎,日向の伝説,文華堂,昭和 8,1933,https://dl.ndl.go.jp/pid/1458924,,,
元野の杉林,もとののすぎばやし,伝説,,南那珂郡,,,,,,六　南那珂郡の傳說,鈴木健一郎,日向の伝説,文華堂,昭和 8,1933,https://dl.ndl.go.jp/pid/1458924,,,
飯肥藩の養蚕,飯肥藩の養蚕,伝説,,南那珂郡,,,,,,六　南那珂郡の傳說,鈴木健一郎,日向の伝説,文華堂,昭和 8,1933,https://dl.ndl.go.jp/pid/1458924,,,
堕胎の禁,堕胎の禁,伝説,,南那珂郡,,,,,,六　南那珂郡の傳說,鈴木健一郎,日向の伝説,文華堂,昭和 8,1933,https://dl.ndl.go.jp/pid/1458924,,,
飯肥杉の由来,飯肥杉の由来,伝説,,南那珂郡,,,,,,六　南那珂郡の傳說,鈴木健一郎,日向の伝説,文華堂,昭和 8,1933,https://dl.ndl.go.jp/pid/1458924,,,
荒川稲,荒川稲,伝説,,南那珂郡,,,,,,六　南那珂郡の傳說,鈴木健一郎,日向の伝説,文華堂,昭和 8,1933,https://dl.ndl.go.jp/pid/1458924,,,
山女と■道弓,山女と■道弓,伝説,,南那珂郡,,,,,,六　南那珂郡の傳說,鈴木健一郎,日向の伝説,文華堂,昭和 8,1933,https://dl.ndl.go.jp/pid/1458924,,,
頓智小僧徳蔵主,頓智小僧徳蔵主,伝説,,南那珂郡,,,,,,六　南那珂郡の傳說,鈴木健一郎,日向の伝説,文華堂,昭和 8,1933,https://dl.ndl.go.jp/pid/1458924,,,
油津の堀川,油津の堀川,伝説,,南那珂郡,,,,,,六　南那珂郡の傳說,鈴木健一郎,日向の伝説,文華堂,昭和 8,1933,https://dl.ndl.go.jp/pid/1458924,,,
伊東助之進の切腹,伊東助之進の切腹,伝説,,南那珂郡,,,,,,六　南那珂郡の傳說,鈴木健一郎,日向の伝説,文華堂,昭和 8,1933,https://dl.ndl.go.jp/pid/1458924,,,
坊主が浜の由来,ぼうずがはまのゆらい,伝説,,南那珂郡,,,,,,六　南那珂郡の傳說,鈴木健一郎,日向の伝説,文華堂,昭和 8,1933,https://dl.ndl.go.jp/pid/1458924,,,
狐塚,狐塚,伝説,,南那珂郡,,,,,,六　南那珂郡の傳說,鈴木健一郎,日向の伝説,文華堂,昭和 8,1933,https://dl.ndl.go.jp/pid/1458924,,,
平山神社,平山神社,伝説,,南那珂郡,,,,,,六　南那珂郡の傳說,鈴木健一郎,日向の伝説,文華堂,昭和 8,1933,https://dl.ndl.go.jp/pid/1458924,,,
平山の駒繋松,平山の駒繋松,伝説,,南那珂郡,,,,,,六　南那珂郡の傳說,鈴木健一郎,日向の伝説,文華堂,昭和 8,1933,https://dl.ndl.go.jp/pid/1458924,,,
景行天皇の御遺蹟,景行天皇の御遺蹟,伝説,,南那珂郡,,,,,,六　南那珂郡の傳說,鈴木健一郎,日向の伝説,文華堂,昭和 8,1933,https://dl.ndl.go.jp/pid/1458924,,,
柴谷の硯材,柴谷の硯材,伝説,,南那珂郡,,,,,,六　南那珂郡の傳說,鈴木健一郎,日向の伝説,文華堂,昭和 8,1933,https://dl.ndl.go.jp/pid/1458924,,,
伊東肝属の虚戦,伊東肝属の虚戦,伝説,,南那珂郡,,,,,,六　南那珂郡の傳說,鈴木健一郎,日向の伝説,文華堂,昭和 8,1933,https://dl.ndl.go.jp/pid/1458924,,,
伊東平右衛門の祠,伊東平右衛門の祠,伝説,,南那珂郡,,,,,,六　南那珂郡の傳說,鈴木健一郎,日向の伝説,文華堂,昭和 8,1933,https://dl.ndl.go.jp/pid/1458924,,,
永徳寺の薬師如来,永徳寺の薬師如来,伝説,,南那珂郡,,,,,,六　南那珂郡の傳說,鈴木健一郎,日向の伝説,文華堂,昭和 8,1933,https://dl.ndl.go.jp/pid/1458924,,,
神女ます子,神女ます子,伝説,,南那珂郡,,,,,,六　南那珂郡の傳說,鈴木健一郎,日向の伝説,文華堂,昭和 8,1933,https://dl.ndl.go.jp/pid/1458924,,,
妖女寿法院,妖女寿法院,伝説,,南那珂郡,,,,,,六　南那珂郡の傳說,鈴木健一郎,日向の伝説,文華堂,昭和 8,1933,https://dl.ndl.go.jp/pid/1458924,,,
櫛間大明神,櫛間大明神,伝説,,南那珂郡,,,,,,六　南那珂郡の傳說,鈴木健一郎,日向の伝説,文華堂,昭和 8,1933,https://dl.ndl.go.jp/pid/1458924,,,
伊作久逸,伊作久逸,伝説,,南那珂郡,,,,,,六　南那珂郡の傳說,鈴木健一郎,日向の伝説,文華堂,昭和 8,1933,https://dl.ndl.go.jp/pid/1458924,,,
,,伝説,,,,,,,,七　東諸縣郡の傳說,鈴木健一郎,日向の伝説,文華堂,昭和 8,1933,https://dl.ndl.go.jp/pid/1458924,,,
倉岡の地名と備前の墓,倉岡の地名と備前の墓,伝説,宮崎市,東諸縣郡,,,,,,七　東諸縣郡の傳說,鈴木健一郎,日向の伝説,文華堂,昭和 8,1933,https://dl.ndl.go.jp/pid/1458924,,,
池尻城,池尻城,伝説,宮崎市,東諸縣郡,,,,,,七　東諸縣郡の傳說,鈴木健一郎,日向の伝説,文華堂,昭和 8,1933,https://dl.ndl.go.jp/pid/1458924,,,
飯山寺,飯山寺,伝説,宮崎市,東諸縣郡,,,,,,七　東諸縣郡の傳說,鈴木健一郎,日向の伝説,文華堂,昭和 8,1933,https://dl.ndl.go.jp/pid/1458924,,,
高岡の石敢当,たかおかのせきかんとう,伝説,宮崎市,東諸縣郡,,,,,,七　東諸縣郡の傳說,鈴木健一郎,日向の伝説,文華堂,昭和 8,1933,https://dl.ndl.go.jp/pid/1458924,,,
栗野大明神社,栗野大明神社,伝説,宮崎市,東諸縣郡,,,,,,七　東諸縣郡の傳說,鈴木健一郎,日向の伝説,文華堂,昭和 8,1933,https://dl.ndl.go.jp/pid/1458924,,,
月知梅,月知梅,伝説,宮崎市,東諸縣郡,,,,,,七　東諸縣郡の傳說,鈴木健一郎,日向の伝説,文華堂,昭和 8,1933,https://dl.ndl.go.jp/pid/1458924,,,
大日堂,大日堂,伝説,宮崎市,東諸縣郡,,,,,,七　東諸縣郡の傳說,鈴木健一郎,日向の伝説,文華堂,昭和 8,1933,https://dl.ndl.go.jp/pid/1458924,,,
松尾山本永寺,松尾山本永寺,伝説,宮崎市,東諸縣郡,,,,,,七　東諸縣郡の傳說,鈴木健一郎,日向の伝説,文華堂,昭和 8,1933,https://dl.ndl.go.jp/pid/1458924,,,
内山の稲荷神社,内山の稲荷神社,伝説,宮崎市,東諸縣郡,,,,,,七　東諸縣郡の傳說,鈴木健一郎,日向の伝説,文華堂,昭和 8,1933,https://dl.ndl.go.jp/pid/1458924,,,
高岡の地名と天ヶ城,高岡の地名と天ヶ城,伝説,宮崎市,東諸縣郡,,,,,,七　東諸縣郡の傳說,鈴木健一郎,日向の伝説,文華堂,昭和 8,1933,https://dl.ndl.go.jp/pid/1458924,,,
内山の増長寺,内山の増長寺,伝説,宮崎市,東諸縣郡,,,,,,七　東諸縣郡の傳說,鈴木健一郎,日向の伝説,文華堂,昭和 8,1933,https://dl.ndl.go.jp/pid/1458924,,,
犬熊山,いぬくまやま,伝説,宮崎市,東諸縣郡,,,,,,七　東諸縣郡の傳說,鈴木健一郎,日向の伝説,文華堂,昭和 8,1933,https://dl.ndl.go.jp/pid/1458924,,,
飯盛の名称,飯盛の名称,伝説,宮崎市,東諸縣郡,,,,,,七　東諸縣郡の傳說,鈴木健一郎,日向の伝説,文華堂,昭和 8,1933,https://dl.ndl.go.jp/pid/1458924,,,
秀長の禁制,秀長の禁制,伝説,宮崎市,東諸縣郡,,,,,,七　東諸縣郡の傳說,鈴木健一郎,日向の伝説,文華堂,昭和 8,1933,https://dl.ndl.go.jp/pid/1458924,,,
真金山法華岳寺,真金山法華岳寺,伝説,国富町,東諸縣郡,,,,,,七　東諸縣郡の傳說,鈴木健一郎,日向の伝説,文華堂,昭和 8,1933,https://dl.ndl.go.jp/pid/1458924,,,
法華岳の薬師と和泉式部,法華岳の薬師と和泉式部,伝説,国富町,東諸縣郡,,,,,,七　東諸縣郡の傳說,鈴木健一郎,日向の伝説,文華堂,昭和 8,1933,https://dl.ndl.go.jp/pid/1458924,,,
法華岳の木鶉,法華岳の木鶉,伝説,国富町,東諸縣郡,,,,,,七　東諸縣郡の傳說,鈴木健一郎,日向の伝説,文華堂,昭和 8,1933,https://dl.ndl.go.jp/pid/1458924,,,
綾・錦原の地名,綾・錦原の地名,伝説,綾町,東諸縣郡,,,,,,七　東諸縣郡の傳說,鈴木健一郎,日向の伝説,文華堂,昭和 8,1933,https://dl.ndl.go.jp/pid/1458924,,,
綾の錦原,綾の錦原,伝説,綾町,東諸縣郡,,,,,,七　東諸縣郡の傳說,鈴木健一郎,日向の伝説,文華堂,昭和 8,1933,https://dl.ndl.go.jp/pid/1458924,,,
綾神社,あやじんじゃ,伝説,綾町,東諸縣郡,,,,,,七　東諸縣郡の傳說,鈴木健一郎,日向の伝説,文華堂,昭和 8,1933,https://dl.ndl.go.jp/pid/1458924,,,
三宮大明神社,三宮大明神社,伝説,綾町,東諸縣郡,,,,,,七　東諸縣郡の傳說,鈴木健一郎,日向の伝説,文華堂,昭和 8,1933,https://dl.ndl.go.jp/pid/1458924,,,
川中岳の阿弥陀と法華岳の薬師,かわなかがくのあみだとほっけだけのやくし,伝説,綾町,東諸縣郡,,,,,,七　東諸縣郡の傳說,鈴木健一郎,日向の伝説,文華堂,昭和 8,1933,https://dl.ndl.go.jp/pid/1458924,,,
綾村の西光寺,綾村の西光寺,伝説,綾町,東諸縣郡,,,,,,七　東諸縣郡の傳說,鈴木健一郎,日向の伝説,文華堂,昭和 8,1933,https://dl.ndl.go.jp/pid/1458924,,,
,,伝説,,西諸縣郡,,,,,,八　西諸縣郡の傳說,鈴木健一郎,日向の伝説,文華堂,昭和 8,1933,https://dl.ndl.go.jp/pid/1458924,,,
小林市の地名,こばやししのちめい,伝説,小林市,西諸縣郡,,,,,,八　西諸縣郡の傳說,鈴木健一郎,日向の伝説,文華堂,昭和 8,1933,https://dl.ndl.go.jp/pid/1458924,,,
夷守嶽,夷守嶽,伝説,小林市,西諸縣郡,,,,,,八　西諸縣郡の傳說,鈴木健一郎,日向の伝説,文華堂,昭和 8,1933,https://dl.ndl.go.jp/pid/1458924,,,
霧島嶺神社,霧島嶺神社,伝説,,西諸縣郡,,,,,,八　西諸縣郡の傳說,鈴木健一郎,日向の伝説,文華堂,昭和 8,1933,https://dl.ndl.go.jp/pid/1458924,,,
天の逆鉾,天の逆鉾,伝説,,西諸縣郡,,,,,,八　西諸縣郡の傳說,鈴木健一郎,日向の伝説,文華堂,昭和 8,1933,https://dl.ndl.go.jp/pid/1458924,,,
天の逆鉾異聞,天の逆鉾異聞,伝説,,西諸縣郡,,,,,,八　西諸縣郡の傳說,鈴木健一郎,日向の伝説,文華堂,昭和 8,1933,https://dl.ndl.go.jp/pid/1458924,,,
鷹塔山の寺跡,鷹塔山の寺跡,伝説,,西諸縣郡,,,,,,八　西諸縣郡の傳說,鈴木健一郎,日向の伝説,文華堂,昭和 8,1933,https://dl.ndl.go.jp/pid/1458924,,,
鷹導山承和寺,鷹導山承和寺,伝説,,西諸縣郡,,,,,,八　西諸縣郡の傳說,鈴木健一郎,日向の伝説,文華堂,昭和 8,1933,https://dl.ndl.go.jp/pid/1458924,,,
拝鷹大明神,おがみたかだいみょうじん,伝説,,西諸縣郡,,,,,,八　西諸縣郡の傳說,鈴木健一郎,日向の伝説,文華堂,昭和 8,1933,https://dl.ndl.go.jp/pid/1458924,,,
細野の十日市,細野の十日市,伝説,,西諸縣郡,,,,,,八　西諸縣郡の傳說,鈴木健一郎,日向の伝説,文華堂,昭和 8,1933,https://dl.ndl.go.jp/pid/1458924,,,
柏木崎丹後守の戦死,柏木崎丹後守の戦死,伝説,,西諸縣郡,,,,,,八　西諸縣郡の傳說,鈴木健一郎,日向の伝説,文華堂,昭和 8,1933,https://dl.ndl.go.jp/pid/1458924,,,
岩瀬川の洞穴,岩瀬川の洞穴,伝説,,西諸縣郡,,,,,,八　西諸縣郡の傳說,鈴木健一郎,日向の伝説,文華堂,昭和 8,1933,https://dl.ndl.go.jp/pid/1458924,,,
宮の原の杉,宮の原の杉,伝説,,西諸縣郡,,,,,,八　西諸縣郡の傳說,鈴木健一郎,日向の伝説,文華堂,昭和 8,1933,https://dl.ndl.go.jp/pid/1458924,,,
増人,増人,伝説,,西諸縣郡,,,,,,八　西諸縣郡の傳說,鈴木健一郎,日向の伝説,文華堂,昭和 8,1933,https://dl.ndl.go.jp/pid/1458924,,,
伊集院忠真と弔躍,いじゅういんただざねとちょうおどり,伝説,,西諸縣郡,,,,,,八　西諸縣郡の傳說,鈴木健一郎,日向の伝説,文華堂,昭和 8,1933,https://dl.ndl.go.jp/pid/1458924,,,
今城,いましろ,伝説,,西諸縣郡,,,,,,八　西諸縣郡の傳說,鈴木健一郎,日向の伝説,文華堂,昭和 8,1933,https://dl.ndl.go.jp/pid/1458924,,,
狭野神社,さのじんじゃ,伝説,,西諸縣郡,,,,,,八　西諸縣郡の傳說,鈴木健一郎,日向の伝説,文華堂,昭和 8,1933,https://dl.ndl.go.jp/pid/1458924,,,
神武天皇御降誕の地,神武天皇御降誕の地,伝説,,西諸縣郡,,,,,,八　西諸縣郡の傳說,鈴木健一郎,日向の伝説,文華堂,昭和 8,1933,https://dl.ndl.go.jp/pid/1458924,,,
御池の護摩壇,御池の護摩壇,伝説,,西諸縣郡,,,,,,八　西諸縣郡の傳說,鈴木健一郎,日向の伝説,文華堂,昭和 8,1933,https://dl.ndl.go.jp/pid/1458924,,,
白鳥神社,白鳥神社,伝説,えびの市,西諸縣郡,,,,,,八　西諸縣郡の傳說,鈴木健一郎,日向の伝説,文華堂,昭和 8,1933,https://dl.ndl.go.jp/pid/1458924,,,
白鳥権現の神徳,白鳥権現の神徳,伝説,えびの市,西諸縣郡,,,,,,八　西諸縣郡の傳說,鈴木健一郎,日向の伝説,文華堂,昭和 8,1933,https://dl.ndl.go.jp/pid/1458924,,,
白鳥の池,白鳥の池,伝説,えびの市,西諸縣郡,,,,,,八　西諸縣郡の傳說,鈴木健一郎,日向の伝説,文華堂,昭和 8,1933,https://dl.ndl.go.jp/pid/1458924,,,
六観音池,六観音池,伝説,えびの市,西諸縣郡,,,,,,八　西諸縣郡の傳說,鈴木健一郎,日向の伝説,文華堂,昭和 8,1933,https://dl.ndl.go.jp/pid/1458924,,,
桶平の壘,桶平の壘,伝説,えびの市,西諸縣郡,,,,,,八　西諸縣郡の傳說,鈴木健一郎,日向の伝説,文華堂,昭和 8,1933,https://dl.ndl.go.jp/pid/1458924,,,
木崎原の戦,木崎原の戦,伝説,えびの市,西諸縣郡,,,,,,八　西諸縣郡の傳說,鈴木健一郎,日向の伝説,文華堂,昭和 8,1933,https://dl.ndl.go.jp/pid/1458924,,,
狗留孫山の社寺,いぬとまりまごやまのしゃじ,伝説,えびの市,西諸縣郡,,,,,,八　西諸縣郡の傳說,鈴木健一郎,日向の伝説,文華堂,昭和 8,1933,https://dl.ndl.go.jp/pid/1458924,,,
狗留孫仏の誕生窟,いぬとまりまごぼとけのたんじょういわや,伝説,えびの市,西諸縣郡,,,,,,八　西諸縣郡の傳說,鈴木健一郎,日向の伝説,文華堂,昭和 8,1933,https://dl.ndl.go.jp/pid/1458924,,,
出水川,出水川,伝説,えびの市,西諸縣郡,,,,,,八　西諸縣郡の傳說,鈴木健一郎,日向の伝説,文華堂,昭和 8,1933,https://dl.ndl.go.jp/pid/1458924,,,
飛諏方神社,飛諏方神社,伝説,えびの市,西諸縣郡,,,,,,八　西諸縣郡の傳說,鈴木健一郎,日向の伝説,文華堂,昭和 8,1933,https://dl.ndl.go.jp/pid/1458924,,,
加久藤城,加久藤城,伝説,えびの市,西諸縣郡,,,,,,八　西諸縣郡の傳說,鈴木健一郎,日向の伝説,文華堂,昭和 8,1933,https://dl.ndl.go.jp/pid/1458924,,,
加久藤の一本杉,かくかつらのいっぽんすぎ,伝説,えびの市,西諸縣郡,,,,,,八　西諸縣郡の傳說,鈴木健一郎,日向の伝説,文華堂,昭和 8,1933,https://dl.ndl.go.jp/pid/1458924,,,
菅原神社,菅原神社,伝説,えびの市,西諸縣郡,,,,,,八　西諸縣郡の傳說,鈴木健一郎,日向の伝説,文華堂,昭和 8,1933,https://dl.ndl.go.jp/pid/1458924,,,
吉田温泉,吉田温泉,伝説,えびの市,西諸縣郡,,,,,,八　西諸縣郡の傳說,鈴木健一郎,日向の伝説,文華堂,昭和 8,1933,https://dl.ndl.go.jp/pid/1458924,,,
,,伝説,,北諸縣郡,,,,,,九　北諸縣郡の傳說,鈴木健一郎,日向の伝説,文華堂,昭和 8,1933,https://dl.ndl.go.jp/pid/1458924,,,
的野八幡,的野八幡,伝説,都城市,北諸縣郡,,,,,,九　北諸縣郡の傳說,鈴木健一郎,日向の伝説,文華堂,昭和 8,1933,https://dl.ndl.go.jp/pid/1458924,,,
熊野神社,熊野神社,伝説,都城市,北諸縣郡,,,,,,九　北諸縣郡の傳說,鈴木健一郎,日向の伝説,文華堂,昭和 8,1933,https://dl.ndl.go.jp/pid/1458924,,,
修善寺,修善寺,伝説,都城市,北諸縣郡,,,,,,九　北諸縣郡の傳說,鈴木健一郎,日向の伝説,文華堂,昭和 8,1933,https://dl.ndl.go.jp/pid/1458924,,,
山之口の古城,やまのくちのこじょう,伝説,都城市,北諸縣郡,,,,,,九　北諸縣郡の傳說,鈴木健一郎,日向の伝説,文華堂,昭和 8,1933,https://dl.ndl.go.jp/pid/1458924,,,
三俣城址,みつまたしろあと,伝説,都城市,北諸縣郡,,,,,,九　北諸縣郡の傳說,鈴木健一郎,日向の伝説,文華堂,昭和 8,1933,https://dl.ndl.go.jp/pid/1458924,,,
正応寺と正応桜,正応寺と正応桜,伝説,都城市,北諸縣郡,,,,,,九　北諸縣郡の傳說,鈴木健一郎,日向の伝説,文華堂,昭和 8,1933,https://dl.ndl.go.jp/pid/1458924,,,
西生寺,西生寺,伝説,都城市,北諸縣郡,,,,,,九　北諸縣郡の傳說,鈴木健一郎,日向の伝説,文華堂,昭和 8,1933,https://dl.ndl.go.jp/pid/1458924,,,
島津院と島津の荘,島津院と島津の荘,伝説,都城市,北諸縣郡,,,,,,九　北諸縣郡の傳說,鈴木健一郎,日向の伝説,文華堂,昭和 8,1933,https://dl.ndl.go.jp/pid/1458924,,,
島津稲荷,島津稲荷,伝説,都城市,北諸縣郡,,,,,,九　北諸縣郡の傳說,鈴木健一郎,日向の伝説,文華堂,昭和 8,1933,https://dl.ndl.go.jp/pid/1458924,,,
都城・島津の地名,都城・島津の地名,伝説,都城市,北諸縣郡,,,,,,九　北諸縣郡の傳說,鈴木健一郎,日向の伝説,文華堂,昭和 8,1933,https://dl.ndl.go.jp/pid/1458924,,,
神柱神社,かみはしらじんじゃ,伝説,都城市,北諸縣郡,,,,,,九　北諸縣郡の傳說,鈴木健一郎,日向の伝説,文華堂,昭和 8,1933,https://dl.ndl.go.jp/pid/1458924,,,
興金寺,興金寺,伝説,都城市,北諸縣郡,,,,,,九　北諸縣郡の傳說,鈴木健一郎,日向の伝説,文華堂,昭和 8,1933,https://dl.ndl.go.jp/pid/1458924,,,
明人何欽吉の墓,明人何欽吉の墓,伝説,都城市,北諸縣郡,,,,,,九　北諸縣郡の傳說,鈴木健一郎,日向の伝説,文華堂,昭和 8,1933,https://dl.ndl.go.jp/pid/1458924,,,
一万城,いちまんじょう,伝説,都城市,北諸縣郡,,,,,,九　北諸縣郡の傳說,鈴木健一郎,日向の伝説,文華堂,昭和 8,1933,https://dl.ndl.go.jp/pid/1458924,,,
都城の製茶,都城の製茶,伝説,都城市,北諸縣郡,,,,,,九　北諸縣郡の傳說,鈴木健一郎,日向の伝説,文華堂,昭和 8,1933,https://dl.ndl.go.jp/pid/1458924,,,
新霧島権現,しんきりしまごんげん,伝説,都城市,北諸縣郡,,,,,,九　北諸縣郡の傳說,鈴木健一郎,日向の伝説,文華堂,昭和 8,1933,https://dl.ndl.go.jp/pid/1458924,,,
天長寺の不動尊,天長寺の不動尊,伝説,都城市,北諸縣郡,,,,,,九　北諸縣郡の傳說,鈴木健一郎,日向の伝説,文華堂,昭和 8,1933,https://dl.ndl.go.jp/pid/1458924,,,
五十町の薬師堂,五十町の薬師堂,伝説,都城市,北諸縣郡,,,,,,九　北諸縣郡の傳說,鈴木健一郎,日向の伝説,文華堂,昭和 8,1933,https://dl.ndl.go.jp/pid/1458924,,,
荒人大明神,荒人大明神,伝説,都城市,北諸縣郡,,,,,,九　北諸縣郡の傳說,鈴木健一郎,日向の伝説,文華堂,昭和 8,1933,https://dl.ndl.go.jp/pid/1458924,,,
小山川原の戦,小山川原の戦,伝説,都城市,北諸縣郡,,,,,,九　北諸縣郡の傳說,鈴木健一郎,日向の伝説,文華堂,昭和 8,1933,https://dl.ndl.go.jp/pid/1458924,,,
諏方神社,諏方神社,伝説,都城市,北諸縣郡,,,,,,九　北諸縣郡の傳說,鈴木健一郎,日向の伝説,文華堂,昭和 8,1933,https://dl.ndl.go.jp/pid/1458924,,,
美少年曾山次十郎,美少年曾山次十郎,伝説,都城市,北諸縣郡,,,,,,九　北諸縣郡の傳說,鈴木健一郎,日向の伝説,文華堂,昭和 8,1933,https://dl.ndl.go.jp/pid/1458924,,,
山田城の戦,山田城の戦,伝説,都城市,北諸縣郡,,,,,,九　北諸縣郡の傳說,鈴木健一郎,日向の伝説,文華堂,昭和 8,1933,https://dl.ndl.go.jp/pid/1458924,,,
荒武神社,荒武神社,伝説,都城市,北諸縣郡,,,,,,九　北諸縣郡の傳說,鈴木健一郎,日向の伝説,文華堂,昭和 8,1933,https://dl.ndl.go.jp/pid/1458924,,,
東霧島神社,東霧島神社,伝説,都城市,北諸縣郡,,,,,,九　北諸縣郡の傳說,鈴木健一郎,日向の伝説,文華堂,昭和 8,1933,https://dl.ndl.go.jp/pid/1458924,,,
東霧島神社の裂盤,つまぎりしまじんじゃのきればん,伝説,都城市,北諸縣郡,,,,,,九　北諸縣郡の傳說,鈴木健一郎,日向の伝説,文華堂,昭和 8,1933,https://dl.ndl.go.jp/pid/1458924,,,
故有谷の神石,故有谷の神石,伝説,都城市,北諸縣郡,,,,,,九　北諸縣郡の傳說,鈴木健一郎,日向の伝説,文華堂,昭和 8,1933,https://dl.ndl.go.jp/pid/1458924,,,
神像の威力,神像の威力,伝説,都城市,北諸縣郡,,,,,,九　北諸縣郡の傳說,鈴木健一郎,日向の伝説,文華堂,昭和 8,1933,https://dl.ndl.go.jp/pid/1458924,,,
大井手の春日神社,大井手の春日神社,伝説,都城市,北諸縣郡,,,,,,九　北諸縣郡の傳說,鈴木健一郎,日向の伝説,文華堂,昭和 8,1933,https://dl.ndl.go.jp/pid/1458924,,,
南朝の忠臣肝属八郎,南朝の忠臣肝属八郎,伝説,都城市,北諸縣郡,,,,,,九　北諸縣郡の傳說,鈴木健一郎,日向の伝説,文華堂,昭和 8,1933,https://dl.ndl.go.jp/pid/1458924,,,
石山寺の実庵和尚,石山寺の実庵和尚,伝説,都城市,北諸縣郡,,,,,,九　北諸縣郡の傳說,鈴木健一郎,日向の伝説,文華堂,昭和 8,1933,https://dl.ndl.go.jp/pid/1458924,,,
井之城の深洞,井之城の深洞,伝説,都城市,北諸縣郡,,,,,,九　北諸縣郡の傳說,鈴木健一郎,日向の伝説,文華堂,昭和 8,1933,https://dl.ndl.go.jp/pid/1458924,,,
,,伝説,,,,,,,,一〇　日向の傳說補遺,鈴木健一郎,日向の伝説,文華堂,昭和 8,1933,https://dl.ndl.go.jp/pid/1458924,,,
河童と闘ふ（延岡）,河童と闘ふ（延岡）,伝説,延岡市,,河童、,,,,,一〇　日向の傳說補遺,鈴木健一郎,日向の伝説,文華堂,昭和 8,1933,https://dl.ndl.go.jp/pid/1458924,,,
海賀九門の墓（細島）,海賀九門の墓（細島）,伝説,日向市,,,,,,,一〇　日向の傳說補遺,鈴木健一郎,日向の伝説,文華堂,昭和 8,1933,https://dl.ndl.go.jp/pid/1458924,,,
臼杵統景の亡霊（高城）,臼杵統景の亡霊（高城）,伝説,木城町,,,,,,,一〇　日向の傳說補遺,鈴木健一郎,日向の伝説,文華堂,昭和 8,1933,https://dl.ndl.go.jp/pid/1458924,,,
牛の流行病（三納）,牛の流行病（三納）,伝説,西都市,,,,,,,一〇　日向の傳說補遺,鈴木健一郎,日向の伝説,文華堂,昭和 8,1933,https://dl.ndl.go.jp/pid/1458924,,,
雨乞の御利益（三納）,雨乞の御利益（三納）,伝説,西都市,,,,,,,一〇　日向の傳說補遺,鈴木健一郎,日向の伝説,文華堂,昭和 8,1933,https://dl.ndl.go.jp/pid/1458924,,,
侫臣保賀次郎（都於郡）,おもねしんほがじろう（とのこおり）,伝説,西都市,,,,,,,一〇　日向の傳說補遺,鈴木健一郎,日向の伝説,文華堂,昭和 8,1933,https://dl.ndl.go.jp/pid/1458924,,,
式部塚（鹿野田）,式部塚（鹿野田）,伝説,西都市,,,,,,,一〇　日向の傳說補遺,鈴木健一郎,日向の伝説,文華堂,昭和 8,1933,https://dl.ndl.go.jp/pid/1458924,,,
伊東家の陥落,伊東家の陥落,伝説,西都市,,,,,,,一〇　日向の傳說補遺,鈴木健一郎,日向の伝説,文華堂,昭和 8,1933,https://dl.ndl.go.jp/pid/1458924,,,
島津家萩を忌む（佐土原）,島津家萩を忌む（佐土原）,伝説,宮崎市,,,,,,,一〇　日向の傳說補遺,鈴木健一郎,日向の伝説,文華堂,昭和 8,1933,https://dl.ndl.go.jp/pid/1458924,,,
古い手振,古い手振,伝説,宮崎市,,,,,,,一〇　日向の傳說補遺,鈴木健一郎,日向の伝説,文華堂,昭和 8,1933,https://dl.ndl.go.jp/pid/1458924,,,
花ヶ島のおこり（花ヶ島）,花ヶ島のおこり（花ヶ島）,伝説,宮崎市,,,,,,,一〇　日向の傳說補遺,鈴木健一郎,日向の伝説,文華堂,昭和 8,1933,https://dl.ndl.go.jp/pid/1458924,,,
瓶の水（和知川原）,びんのみず（わちがわら）,伝説,宮崎市,,,,,,,一〇　日向の傳說補遺,鈴木健一郎,日向の伝説,文華堂,昭和 8,1933,https://dl.ndl.go.jp/pid/1458924,,,
伊東祐祟の赤江灘難船（内海）,伊東祐祟の赤江灘難船（内海）,伝説,宮崎市,,,,,,,一〇　日向の傳說補遺,鈴木健一郎,日向の伝説,文華堂,昭和 8,1933,https://dl.ndl.go.jp/pid/1458924,,,
伊武三省の詠歌（赤江）,伊武三省の詠歌（赤江）,伝説,宮崎市,,,,,,,一〇　日向の傳說補遺,鈴木健一郎,日向の伝説,文華堂,昭和 8,1933,https://dl.ndl.go.jp/pid/1458924,,,
飯野の風穴（飯野）,飯野の風穴（飯野）,伝説,小林市,,,,,,,一〇　日向の傳說補遺,鈴木健一郎,日向の伝説,文華堂,昭和 8,1933,https://dl.ndl.go.jp/pid/1458924,,,
霧島登山の故実,霧島登山の故実,伝説,,,,,,,,一〇　日向の傳說補遺,鈴木健一郎,日向の伝説,文華堂,昭和 8,1933,https://dl.ndl.go.jp/pid/1458924,,,
笠■岳大明神（福島）,笠■岳大明神（福島）,伝説,,,,,,,,一〇　日向の傳說補遺,鈴木健一郎,日向の伝説,文華堂,昭和 8,1933,https://dl.ndl.go.jp/pid/1458924,,,
景清（宮崎）,かげきよ（みやざき）,伝説,宮崎市,,,,,,,一〇　日向の傳說補遺,鈴木健一郎,日向の伝説,文華堂,昭和 8,1933,https://dl.ndl.go.jp/pid/1458924,,,
櫻川,櫻川,伝説,宮崎市,,,,,,,一〇　日向の傳說補遺,鈴木健一郎,日向の伝説,文華堂,昭和 8,1933,https://dl.ndl.go.jp/pid/1458924,,,
,,伝説,,,,,,,,一一　日向の傳說拾遺,鈴木健一郎,日向の伝説,文華堂,昭和 8,1933,https://dl.ndl.go.jp/pid/1458924,,,
天村雲命（西臼杵郡）,天村雲命（西臼杵郡）,伝説,,,,,,,,一一　日向の傳說拾遺,鈴木健一郎,日向の伝説,文華堂,昭和 8,1933,https://dl.ndl.go.jp/pid/1458924,,,
佐藤道元,さとうどうげん,伝説,,,,,,,,一一　日向の傳說拾遺,鈴木健一郎,日向の伝説,文華堂,昭和 8,1933,https://dl.ndl.go.jp/pid/1458924,,,
水無しの川,みずなしのかわ,伝説,,,,,,,,一一　日向の傳說拾遺,鈴木健一郎,日向の伝説,文華堂,昭和 8,1933,https://dl.ndl.go.jp/pid/1458924,,,
鞍岡の地名,鞍岡の地名,伝説,,,,,,,,一一　日向の傳說拾遺,鈴木健一郎,日向の伝説,文華堂,昭和 8,1933,https://dl.ndl.go.jp/pid/1458924,,,
芋の八重の地名,いものやえのちめい,伝説,,,,,,,,一一　日向の傳說拾遺,鈴木健一郎,日向の伝説,文華堂,昭和 8,1933,https://dl.ndl.go.jp/pid/1458924,,,
延岡の流灌頂（東臼杵郡）,のべおかのながれかんじょう（ひがしうすきぐん）,伝説,延岡市,,,,,,,一一　日向の傳說拾遺,鈴木健一郎,日向の伝説,文華堂,昭和 8,1933,https://dl.ndl.go.jp/pid/1458924,,,
延岡の時鐘,延岡の時鐘,伝説,延岡市,,,,,,,一一　日向の傳說拾遺,鈴木健一郎,日向の伝説,文華堂,昭和 8,1933,https://dl.ndl.go.jp/pid/1458924,,,
光勝寺の狸,みつかつてらのたぬき,伝説,延岡市,,,,,,,一一　日向の傳說拾遺,鈴木健一郎,日向の伝説,文華堂,昭和 8,1933,https://dl.ndl.go.jp/pid/1458924,,,
諏訪の分け口の人柱,すわのわけぐちのひとばしら,伝説,延岡市,,,,,,,一一　日向の傳說拾遺,鈴木健一郎,日向の伝説,文華堂,昭和 8,1933,https://dl.ndl.go.jp/pid/1458924,,,
御領塚の由来,御領塚の由来,伝説,延岡市,,,,,,,一一　日向の傳說拾遺,鈴木健一郎,日向の伝説,文華堂,昭和 8,1933,https://dl.ndl.go.jp/pid/1458924,,,
琴塚,琴塚,伝説,延岡市,,,,,,,一一　日向の傳說拾遺,鈴木健一郎,日向の伝説,文華堂,昭和 8,1933,https://dl.ndl.go.jp/pid/1458924,,,
酒井大明神,酒井大明神,伝説,延岡市,,,,,,,一一　日向の傳說拾遺,鈴木健一郎,日向の伝説,文華堂,昭和 8,1933,https://dl.ndl.go.jp/pid/1458924,,,
小梓の阿弥陀如来,小梓の阿弥陀如来,伝説,延岡市,,,,,,,一一　日向の傳說拾遺,鈴木健一郎,日向の伝説,文華堂,昭和 8,1933,https://dl.ndl.go.jp/pid/1458924,,,
西南戦争の片影,西南戦争の片影,伝説,延岡市,,,,,,,一一　日向の傳說拾遺,鈴木健一郎,日向の伝説,文華堂,昭和 8,1933,https://dl.ndl.go.jp/pid/1458924,,,
昔の東海港,昔の東海港,伝説,延岡市,,,,,,,一一　日向の傳說拾遺,鈴木健一郎,日向の伝説,文華堂,昭和 8,1933,https://dl.ndl.go.jp/pid/1458924,,,
くろがね岩あかがね岩,くろがね岩あかがね岩,伝説,,,,,,,,一一　日向の傳說拾遺,鈴木健一郎,日向の伝説,文華堂,昭和 8,1933,https://dl.ndl.go.jp/pid/1458924,,,
本宮大明神,本宮大明神,伝説,日向市,,,,,,,一一　日向の傳說拾遺,鈴木健一郎,日向の伝説,文華堂,昭和 8,1933,https://dl.ndl.go.jp/pid/1458924,,,
富高八幡神社,富高八幡神社,伝説,日向市,,,,,,,一一　日向の傳說拾遺,鈴木健一郎,日向の伝説,文華堂,昭和 8,1933,https://dl.ndl.go.jp/pid/1458924,,,
祐邑の祟りと日要上人,祐邑の祟りと日要上人,伝説,日向市,,,,,,,一一　日向の傳說拾遺,鈴木健一郎,日向の伝説,文華堂,昭和 8,1933,https://dl.ndl.go.jp/pid/1458924,,,
細島の淡島さん,細島の淡島さん,伝説,日向市,,,,,,,一一　日向の傳說拾遺,鈴木健一郎,日向の伝説,文華堂,昭和 8,1933,https://dl.ndl.go.jp/pid/1458924,,,
白帆ぎらひの尾鈴権現（児湯郡）,しらほぎらひのおすずごんげん（こゆぐん）,伝説,都農町,,,,,,,一一　日向の傳說拾遺,鈴木健一郎,日向の伝説,文華堂,昭和 8,1933,https://dl.ndl.go.jp/pid/1458924,,,
都農の濱下り,都農の濱下り,伝説,都農町,,浜下り,,,,,一一　日向の傳說拾遺,鈴木健一郎,日向の伝説,文華堂,昭和 8,1933,https://dl.ndl.go.jp/pid/1458924,,,
一宮東の宮の権現,一宮東の宮の権現,伝説,都農町,,,,,,,一一　日向の傳說拾遺,鈴木健一郎,日向の伝説,文華堂,昭和 8,1933,https://dl.ndl.go.jp/pid/1458924,,,
剣士治右衛門,剣士治右衛門,伝説,,,,,,,,一一　日向の傳說拾遺,鈴木健一郎,日向の伝説,文華堂,昭和 8,1933,https://dl.ndl.go.jp/pid/1458924,,,
湯の本の冷泉,ゆのほんのれいせん,伝説,,,,,,,,一一　日向の傳說拾遺,鈴木健一郎,日向の伝説,文華堂,昭和 8,1933,https://dl.ndl.go.jp/pid/1458924,,,
湯言寺山の黄金千枚,ゆげんてらやまのおうごん千まい,伝説,,,,,,,,一一　日向の傳說拾遺,鈴木健一郎,日向の伝説,文華堂,昭和 8,1933,https://dl.ndl.go.jp/pid/1458924,,,
日講上人,にっこうしょうにん,伝説,,,,,,,,一一　日向の傳說拾遺,鈴木健一郎,日向の伝説,文華堂,昭和 8,1933,https://dl.ndl.go.jp/pid/1458924,,,
三國大守の鐘の行方,三國大守の鐘の行方,伝説,,,,,,,,一一　日向の傳說拾遺,鈴木健一郎,日向の伝説,文華堂,昭和 8,1933,https://dl.ndl.go.jp/pid/1458924,,,
平原の神石（宮崎市郡）,へいげんのじんせき（みやざきしぐん）,伝説,宮崎市,,,,,,,一一　日向の傳說拾遺,鈴木健一郎,日向の伝説,文華堂,昭和 8,1933,https://dl.ndl.go.jp/pid/1458924,,,
恒久神社の由来,恒久神社の由来,伝説,宮崎市,,,,,赤江郷土史,,一一　日向の傳說拾遺,鈴木健一郎,日向の伝説,文華堂,昭和 8,1933,https://dl.ndl.go.jp/pid/1458924,,,
渡守の風流,渡守の風流,伝説,,,,,,,,一一　日向の傳說拾遺,鈴木健一郎,日向の伝説,文華堂,昭和 8,1933,https://dl.ndl.go.jp/pid/1458924,,,
黒荷田の蛇権現（南那珂郡）,黒荷田の蛇権現（南那珂郡）,伝説,,,,,,,,一一　日向の傳說拾遺,鈴木健一郎,日向の伝説,文華堂,昭和 8,1933,https://dl.ndl.go.jp/pid/1458924,,,
吉野方の大根川,吉野方の大根川,伝説,,,,,,,,一一　日向の傳說拾遺,鈴木健一郎,日向の伝説,文華堂,昭和 8,1933,https://dl.ndl.go.jp/pid/1458924,,,
岩折神社と市木神社,いわおりじんじゃといちきじんじゃ,伝説,,,,,,,,一一　日向の傳說拾遺,鈴木健一郎,日向の伝説,文華堂,昭和 8,1933,https://dl.ndl.go.jp/pid/1458924,,,
ちじゆ様,ちじゆ様,伝説,,,,,,,,一一　日向の傳說拾遺,鈴木健一郎,日向の伝説,文華堂,昭和 8,1933,https://dl.ndl.go.jp/pid/1458924,,,
永徳寺の芽師と宗近の址,えいとくじのめしとむねちかのあと,伝説,,,,,,,,一一　日向の傳說拾遺,鈴木健一郎,日向の伝説,文華堂,昭和 8,1933,https://dl.ndl.go.jp/pid/1458924,,,
福島沖の黒船,ふくしまおきのくろふね,伝説,,,,,,,,一一　日向の傳說拾遺,鈴木健一郎,日向の伝説,文華堂,昭和 8,1933,https://dl.ndl.go.jp/pid/1458924,,,
中別府の蛇王権現,中別府の蛇王権現,伝説,,,,,,,,一一　日向の傳說拾遺,鈴木健一郎,日向の伝説,文華堂,昭和 8,1933,https://dl.ndl.go.jp/pid/1458924,,,
八床の洞窟,八床の洞窟,伝説,,,,,,,,一一　日向の傳說拾遺,鈴木健一郎,日向の伝説,文華堂,昭和 8,1933,https://dl.ndl.go.jp/pid/1458924,,,
兼喜神社（北諸県郡）,兼喜神社（北諸県郡）,伝説,,,,,,,,一一　日向の傳說拾遺,鈴木健一郎,日向の伝説,文華堂,昭和 8,1933,https://dl.ndl.go.jp/pid/1458924,,,
静女の身投,静女の身投,伝説,,,,,,,,一一　日向の傳說拾遺,鈴木健一郎,日向の伝説,文華堂,昭和 8,1933,https://dl.ndl.go.jp/pid/1458924,,,
本永寺の黒本尊（東諸県郡）,本永寺の黒本尊（東諸県郡）,伝説,,,,,,,,一一　日向の傳說拾遺,鈴木健一郎,日向の伝説,文華堂,昭和 8,1933,https://dl.ndl.go.jp/pid/1458924,,,
去川関,去川関,伝説,,,,,,,,一一　日向の傳說拾遺,鈴木健一郎,日向の伝説,文華堂,昭和 8,1933,https://dl.ndl.go.jp/pid/1458924,,,
どほん堰（西諸県郡）,どほん堰（西諸県郡）,伝説,,,,,,,,一一　日向の傳說拾遺,鈴木健一郎,日向の伝説,文華堂,昭和 8,1933,https://dl.ndl.go.jp/pid/1458924,,,
南方神社の神様,南方神社の神様,伝説,,,,,,,,一一　日向の傳說拾遺,鈴木健一郎,日向の伝説,文華堂,昭和 8,1933,https://dl.ndl.go.jp/pid/1458924,,,
蛇ヶ淵,蛇ヶ淵,伝説,,,,,,,,一一　日向の傳說拾遺,鈴木健一郎,日向の伝説,文華堂,昭和 8,1933,https://dl.ndl.go.jp/pid/1458924,,,
魂，（俗信）,魂，（俗信）,その他,,えびの市,,,,,楢木範行,宮崎県眞幸村,,旅と伝説	6巻7号通巻67号,三元社,昭和8年,1933,怪異・妖怪伝承データベース,,,
,,伝説,,,,,,,,,菊池秋四郎,三弥物語,延岡新聞社,昭和 9,1934,,,,
皇祚登祥の靈地/1,皇祚登祥の靈地/1,神話,,,,,,,,,国府種徳,神国日向,九州風景協会,昭和 9,1934,https://dl.ndl.go.jp/pid/1234063,,,
神の國から神秘の國へ/7,神の國から神秘の國へ/7,神話,,,,,,,,,国府種徳,神国日向,九州風景協会,昭和 9,1934,https://dl.ndl.go.jp/pid/1234063,,,
霧島か高千穗か/12,霧島か高千穗か/12,神話,,,,,,,,,国府種徳,神国日向,九州風景協会,昭和 9,1934,https://dl.ndl.go.jp/pid/1234063,,,
霧島山の天然美/21,霧島山の天然美/21,神話,,,,,,,,,国府種徳,神国日向,九州風景協会,昭和 9,1934,https://dl.ndl.go.jp/pid/1234063,,,
霧島靈峰の尊嚴/25,霧島靈峰の尊嚴/25,神話,,,,,,,,,国府種徳,神国日向,九州風景協会,昭和 9,1934,https://dl.ndl.go.jp/pid/1234063,,,
宮崎神宮/30,宮崎神宮/30,神話,,宮崎市,,,,,,,国府種徳,神国日向,九州風景協会,昭和 9,1934,https://dl.ndl.go.jp/pid/1234063,,,
皇宮家/35,すめらぎみやけ/35,神話,,,,,,,,,国府種徳,神国日向,九州風景協会,昭和 9,1934,https://dl.ndl.go.jp/pid/1234063,,,
狹野神社/38,狹野神社/38,神話,,,,,,,,,国府種徳,神国日向,九州風景協会,昭和 9,1934,https://dl.ndl.go.jp/pid/1234063,,,
皇子原/41,皇子原/41,神話,,,,,,,,,国府種徳,神国日向,九州風景協会,昭和 9,1934,https://dl.ndl.go.jp/pid/1234063,,,
都嶋と都城臺地/45,つじまとみやこのじょううでなち/45,神話,,,,,,,,,国府種徳,神国日向,九州風景協会,昭和 9,1934,https://dl.ndl.go.jp/pid/1234063,,,
祖母山と四皇子ケ峯/47,祖母山と四皇子ケ峯/47,神話,,,,,,,,,国府種徳,神国日向,九州風景協会,昭和 9,1934,https://dl.ndl.go.jp/pid/1234063,,,
皇子原か四皇子ケ峯か/53,皇子原か四皇子ケ峯か/53,神話,,,,,,,,,国府種徳,神国日向,九州風景協会,昭和 9,1934,https://dl.ndl.go.jp/pid/1234063,,,
四皇子ケ峯と高千穗神社/71,四皇子ケ峯と高千穗神社/71,神話,,,,,,,,,国府種徳,神国日向,九州風景協会,昭和 9,1934,https://dl.ndl.go.jp/pid/1234063,,,
高千穗峽/76,高千穗峽/76,神話,,,,,,,,,国府種徳,神国日向,九州風景協会,昭和 9,1934,https://dl.ndl.go.jp/pid/1234063,,,
比叡山と矢筈嶽/79,比叡山と矢筈嶽/79,神話,延岡市,,,,,,,,国府種徳,神国日向,九州風景協会,昭和 9,1934,https://dl.ndl.go.jp/pid/1234063,,,
行縢山/81,むかばきやま/81,神話,延岡市,,,,,,,,国府種徳,神国日向,九州風景協会,昭和 9,1934,https://dl.ndl.go.jp/pid/1234063,,,
可愛山陵と可愛嶽の戰蹟/85,可愛山陵と可愛嶽の戰蹟/85,神話,延岡市,,,,,,,,国府種徳,神国日向,九州風景協会,昭和 9,1934,https://dl.ndl.go.jp/pid/1234063,,,
延岡市/87,延岡市/87,神話,延岡市,,,,,,,,国府種徳,神国日向,九州風景協会,昭和 9,1934,https://dl.ndl.go.jp/pid/1234063,,,
乙嶋/114,乙嶋/114,神話,延岡市,,,,,,,,国府種徳,神国日向,九州風景協会,昭和 9,1934,https://dl.ndl.go.jp/pid/1234063,,,
富高と伊勢ケ濱/116,富高と伊勢ケ濱/116,神話,日向市,,,,,,,,国府種徳,神国日向,九州風景協会,昭和 9,1934,https://dl.ndl.go.jp/pid/1234063,,,
美々津/118,美々津/118,神話,日向市,,,,,,,,国府種徳,神国日向,九州風景協会,昭和 9,1934,https://dl.ndl.go.jp/pid/1234063,,,
米良と椎葉/123,米良と椎葉/123,神話,,,,,,,,,国府種徳,神国日向,九州風景協会,昭和 9,1934,https://dl.ndl.go.jp/pid/1234063,,,
津農町と高鍋町/129,津農町と高鍋町/129,神話,高鍋町,,,,,,,,国府種徳,神国日向,九州風景協会,昭和 9,1934,https://dl.ndl.go.jp/pid/1234063,,,
廣瀨/131,ひろせ/131,神話,宮崎市,,,,,,,,国府種徳,神国日向,九州風景協会,昭和 9,1934,https://dl.ndl.go.jp/pid/1234063,,,
佐土原町と座論梅/133,さどわらちょうとざろんうめ/133,神話,宮崎市,,,,,,,,国府種徳,神国日向,九州風景協会,昭和 9,1934,https://dl.ndl.go.jp/pid/1234063,,,
國府と國分寺/135,國府と國分寺/135,神話,西都市,,,,,,,,国府種徳,神国日向,九州風景協会,昭和 9,1934,https://dl.ndl.go.jp/pid/1234063,,,
無戶室阯と丹裳小町/138,無戶室阯と丹裳小町/138,神話,西都市,,,,,,,,国府種徳,神国日向,九州風景協会,昭和 9,1934,https://dl.ndl.go.jp/pid/1234063,,,
妻町の都滿神社/141,妻町の都滿神社/141,神話,西都市,,,,,,,,国府種徳,神国日向,九州風景協会,昭和 9,1934,https://dl.ndl.go.jp/pid/1234063,,,
西都原の古墳群/145,西都原の古墳群/145,神話,西都市,,,,,,,,国府種徳,神国日向,九州風景協会,昭和 9,1934,https://dl.ndl.go.jp/pid/1234063,,,
本庄町の古墳と藥師/148,ほんじょうちょうのこふんとやくし/148,神話,国富町,,,,,,,,国府種徳,神国日向,九州風景協会,昭和 9,1934,https://dl.ndl.go.jp/pid/1234063,,,
宮崎市/150,宮崎市/150,神話,宮崎市,宮崎市,,,,,,,国府種徳,神国日向,九州風景協会,昭和 9,1934,https://dl.ndl.go.jp/pid/1234063,,,
小戸神社と檍ケ原/161,おどじんじゃとあおきケばら/161,神話,宮崎市,宮崎市,,,,,,,国府種徳,神国日向,九州風景協会,昭和 9,1934,https://dl.ndl.go.jp/pid/1234063,,,
靑島/163,あおしま/163,神話,宮崎市,宮崎市,,,,,,,国府種徳,神国日向,九州風景協会,昭和 9,1934,https://dl.ndl.go.jp/pid/1234063,,,
鵜戶神宮/179,鵜戶神宮/179,神話,日南市,,,,,,,,国府種徳,神国日向,九州風景協会,昭和 9,1934,https://dl.ndl.go.jp/pid/1234063,,,
梅ケ濱/182,梅ケ濱/182,神話,日南市,,,,,,,,国府種徳,神国日向,九州風景協会,昭和 9,1934,https://dl.ndl.go.jp/pid/1234063,,,
油津港と運河/184,油津港と運河/184,神話,日南市,,,,,,,,国府種徳,神国日向,九州風景協会,昭和 9,1934,https://dl.ndl.go.jp/pid/1234063,,,
都井岬と有朋灣/186,都井岬と有朋灣/186,神話,串間市,,,,,,,,国府種徳,神国日向,九州風景協会,昭和 9,1934,https://dl.ndl.go.jp/pid/1234063,,,
福島町/188,福島町/188,神話,串間市,,,,,,,,国府種徳,神国日向,九州風景協会,昭和 9,1934,https://dl.ndl.go.jp/pid/1234063,,,
飫肥/190,おび/190,神話,日南市,,,,,,,,国府種徳,神国日向,九州風景協会,昭和 9,1934,https://dl.ndl.go.jp/pid/1234063,,,
都城市/192,都城市/192,神話,都城市,,,,,,,,国府種徳,神国日向,九州風景協会,昭和 9,1934,https://dl.ndl.go.jp/pid/1234063,,,
關の尾の甌穴群/194,かんのおのおうけつぐん/194,神話,都城市,,,,,,,,国府種徳,神国日向,九州風景協会,昭和 9,1934,https://dl.ndl.go.jp/pid/1234063,,,
狗留孫峽(日向耶馬溪)/196,くるそんきょう（ひゅうがやばけい）,神話,えびの市,,,,,,,,国府種徳,神国日向,九州風景協会,昭和 9,1934,https://dl.ndl.go.jp/pid/1234063,,,
小林町と陰陽石/198,小林町と陰陽石/198,神話,小林市,,,,,,,,国府種徳,神国日向,九州風景協会,昭和 9,1934,https://dl.ndl.go.jp/pid/1234063,,,
京町溫泉鄕/200,きょうまちおんせんきょう,神話,えびの市,,,,,,,,国府種徳,神国日向,九州風景協会,昭和 9,1934,https://dl.ndl.go.jp/pid/1234063,,,
日向の今昔/205,日向の今昔/205,神話,,,,,,,,,国府種徳,神国日向,九州風景協会,昭和 9,1934,https://dl.ndl.go.jp/pid/1234063,,,
神武天皇の御東征(大古)/205,神武天皇の御東征(大古)/205,神話,,,,,,,,,国府種徳,神国日向,九州風景協会,昭和 9,1934,https://dl.ndl.go.jp/pid/1234063,,,
耳川の役(中古)/210,みみがわのえき,神話,,,,,,,,,国府種徳,神国日向,九州風景協会,昭和 9,1934,https://dl.ndl.go.jp/pid/1234063,,,
可愛岳(明治)/214,可愛岳(明治)/214,神話,,,,,,,,,国府種徳,神国日向,九州風景協会,昭和 9,1934,https://dl.ndl.go.jp/pid/1234063,,,
一本の白い道(現代)/220,一ほんのしろいみち(げんだい)/220,神話,,,,,,,,,国府種徳,神国日向,九州風景協会,昭和 9,1934,https://dl.ndl.go.jp/pid/1234063,,,
,,神話,,,,,,,,,野井槙太郎,天孫垂跡高千穂峯,野井槙太郎,昭和 9,1934,,,,
,,,,,,,,,,,関　敬吾,島原半島民話集,建設社,昭和10,1935,,,,
,,,,,,,,,,,,旅と伝説 24巻　昭和12年8月号,岩崎美術社,昭和12,1937,,,,
,,,日向市,,,,,,,,石川恒太郎 編,富島町史,富島町,昭和16,1941,https://dl.ndl.go.jp/pid/1042236/1/20,,,
,,,,,,,,,,,日高重孝,日向の山彦,文華堂,昭和16,1941,,,,
龍,龍,,,,,,,,日高輝寿,指切,,民間伝承　6巻10号,民間伝承の会,昭和16年,1941,怪異・妖怪伝承データベース,,,
阿波岐原と禊祓/7,阿波岐原と禊祓/7,伝説,,宮崎市,,,,,,,松山敏,神代の史蹟と日向の伝説　神の国伝説の国物語,文華堂,昭和17,1942,https://dl.ndl.go.jp/pid/1055755,,,
高天原と天の岩屋戸/11,たかまがはらとてんのいわやと/11,伝説,,高千穂町,,,,,,,松山敏,神代の史蹟と日向の伝説　神の国伝説の国物語,文華堂,昭和17,1942,https://dl.ndl.go.jp/pid/1055755,,,
天孫降臨と高千穗/14,天孫降臨と高千穗/14,伝説,,高千穂町,,,,,,,松山敏,神代の史蹟と日向の伝説　神の国伝説の国物語,文華堂,昭和17,1942,https://dl.ndl.go.jp/pid/1055755,,,
霧島（天の逆鉾の由來）/16,きりしま（てんのさかほこのよしき）/16,伝説,,,,,,,,,松山敏,神代の史蹟と日向の伝説　神の国伝説の国物語,文華堂,昭和17,1942,https://dl.ndl.go.jp/pid/1055755,,,
高千穗/20,高千穗/20,伝説,,,,,,,,,松山敏,神代の史蹟と日向の伝説　神の国伝説の国物語,文華堂,昭和17,1942,https://dl.ndl.go.jp/pid/1055755,,,
天の眞名井/22,天の眞名井/22,伝説,,,,,,,,,松山敏,神代の史蹟と日向の伝説　神の国伝説の国物語,文華堂,昭和17,1942,https://dl.ndl.go.jp/pid/1055755,,,
天孫と不蒔田/24,天孫と不蒔田/24,伝説,,,,,,,,,松山敏,神代の史蹟と日向の伝説　神の国伝説の国物語,文華堂,昭和17,1942,https://dl.ndl.go.jp/pid/1055755,,,
二上山と洞窟/26,二上山と洞窟/26,伝説,,,,,,,,,松山敏,神代の史蹟と日向の伝説　神の国伝説の国物語,文華堂,昭和17,1942,https://dl.ndl.go.jp/pid/1055755,,,
天孫と高城山/28,天孫と高城山/28,伝説,,,,,,,,,松山敏,神代の史蹟と日向の伝説　神の国伝説の国物語,文華堂,昭和17,1942,https://dl.ndl.go.jp/pid/1055755,,,
西都原（逢初川と妻園）/29,西都原（逢初川と妻園）/29,伝説,西都市,西都市,,,,,,,松山敏,神代の史蹟と日向の伝説　神の国伝説の国物語,文華堂,昭和17,1942,https://dl.ndl.go.jp/pid/1055755,,,
都萬神社と片目の鮒/35,つまじんじゃとかためのふな/35,伝説,西都市,西都市,,,,,,,松山敏,神代の史蹟と日向の伝説　神の国伝説の国物語,文華堂,昭和17,1942,https://dl.ndl.go.jp/pid/1055755,,,
磐長姫と米良銀鏡神社/37,磐長姫と米良銀鏡神社/37,伝説,西都市,西都市,,,,,,,松山敏,神代の史蹟と日向の伝説　神の国伝説の国物語,文華堂,昭和17,1942,https://dl.ndl.go.jp/pid/1055755,,,
神代時代の米良/41,神代時代の米良/41,伝説,,,,,,,,,松山敏,神代の史蹟と日向の伝説　神の国伝説の国物語,文華堂,昭和17,1942,https://dl.ndl.go.jp/pid/1055755,,,
木花咲耶姫命と木花の遺蹟/42,このはなさくやひめのみことときばなのいせき,伝説,宮崎市,宮崎市,,,,,,,松山敏,神代の史蹟と日向の伝説　神の国伝説の国物語,文華堂,昭和17,1942,https://dl.ndl.go.jp/pid/1055755,,,
可愛山陵の傳説/44,可愛山陵の傳説/44,伝説,,,,,,,,,松山敏,神代の史蹟と日向の伝説　神の国伝説の国物語,文華堂,昭和17,1942,https://dl.ndl.go.jp/pid/1055755,,,
洞岳權現とその附近/46,洞岳權現とその附近/46,伝説,,,,,,,,,松山敏,神代の史蹟と日向の伝説　神の国伝説の国物語,文華堂,昭和17,1942,https://dl.ndl.go.jp/pid/1055755,,,
大己貴命と三輪神社/48,大己貴命と三輪神社/48,伝説,,,,,,,,,松山敏,神代の史蹟と日向の伝説　神の国伝説の国物語,文華堂,昭和17,1942,https://dl.ndl.go.jp/pid/1055755,,,
かうもり岩屋の由來/49,かうもり岩屋の由來/49,伝説,,,こうもり、蝙蝠,,,,,,松山敏,神代の史蹟と日向の伝説　神の国伝説の国物語,文華堂,昭和17,1942,https://dl.ndl.go.jp/pid/1055755,,,
青島（海の幸、山の幸）/50,青島（海の幸、山の幸）/50,伝説,宮崎市,宮崎市,,,,,,,松山敏,神代の史蹟と日向の伝説　神の国伝説の国物語,文華堂,昭和17,1942,https://dl.ndl.go.jp/pid/1055755,,,
高屋山上陵の傳説/58,高屋山上陵の傳説/58,伝説,,,,,,,,,松山敏,神代の史蹟と日向の伝説　神の国伝説の国物語,文華堂,昭和17,1942,https://dl.ndl.go.jp/pid/1055755,,,
鵜戸神宮（岩屋の傳説）/60,うどじんぐう（いわやのつたうせつ）/60,伝説,日南市,,,,,,,,松山敏,神代の史蹟と日向の伝説　神の国伝説の国物語,文華堂,昭和17,1942,https://dl.ndl.go.jp/pid/1055755,,,
鵜戸飴の由來/64,鵜戸飴の由來/64,伝説,日南市,,,,,,,,松山敏,神代の史蹟と日向の伝説　神の国伝説の国物語,文華堂,昭和17,1942,https://dl.ndl.go.jp/pid/1055755,,,
玉依姫命と宮浦神社/65,玉依姫命と宮浦神社/65,伝説,日南市,,,,,,,,松山敏,神代の史蹟と日向の伝説　神の国伝説の国物語,文華堂,昭和17,1942,https://dl.ndl.go.jp/pid/1055755,,,
速日の峰/66,速日の峰/66,伝説,,,,,,,,,松山敏,神代の史蹟と日向の伝説　神の国伝説の国物語,文華堂,昭和17,1942,https://dl.ndl.go.jp/pid/1055755,,,
饒速日命と天磐船/67,ぎょうすみやかひいのちとてんいわふね/67,伝説,,,,,,,,,松山敏,神代の史蹟と日向の伝説　神の国伝説の国物語,文華堂,昭和17,1942,https://dl.ndl.go.jp/pid/1055755,,,
御毛沼命と鬼八塚/69,御毛沼命と鬼八塚/69,伝説,,,,,,,,,松山敏,神代の史蹟と日向の伝説　神の国伝説の国物語,文華堂,昭和17,1942,https://dl.ndl.go.jp/pid/1055755,,,
神武天皇御誕生地（皇子原と狹野神社）/74,じんむてんのうおたんじょうち（おうじばらとさのじんじゃ）/74,伝説,,,,,,,,,松山敏,神代の史蹟と日向の伝説　神の国伝説の国物語,文華堂,昭和17,1942,https://dl.ndl.go.jp/pid/1055755,,,
四皇子ケ峯/77,四皇子ケ峯/77,伝説,,,,,,,,,松山敏,神代の史蹟と日向の伝説　神の国伝説の国物語,文華堂,昭和17,1942,https://dl.ndl.go.jp/pid/1055755,,,
佐野原と鵜戸の吹毛井/78,さのはらとうどのふきげい/78,伝説,,,,,,,,,松山敏,神代の史蹟と日向の伝説　神の国伝説の国物語,文華堂,昭和17,1942,https://dl.ndl.go.jp/pid/1055755,,,
皇居屋（神武天皇御皇居の址）/80,皇居屋（神武天皇御皇居の址）/80,伝説,,,,,,,,,松山敏,神代の史蹟と日向の伝説　神の国伝説の国物語,文華堂,昭和17,1942,https://dl.ndl.go.jp/pid/1055755,,,
宮崎神宮（宮崎の宮と御東遷の御議）/83,宮崎神宮（宮崎の宮と御東遷の御議）/83,伝説,,宮崎市,,,,,,,松山敏,神代の史蹟と日向の伝説　神の国伝説の国物語,文華堂,昭和17,1942,https://dl.ndl.go.jp/pid/1055755,,,
吾平津姫命と御巡幸の聖地/86,吾平津姫命と御巡幸の聖地/86,伝説,,,,,,,,,松山敏,神代の史蹟と日向の伝説　神の国伝説の国物語,文華堂,昭和17,1942,https://dl.ndl.go.jp/pid/1055755,,,
神武天皇御東遷の御聖蹟/88,神武天皇御東遷の御聖蹟/88,伝説,,,,,,,,,松山敏,神代の史蹟と日向の伝説　神の国伝説の国物語,文華堂,昭和17,1942,https://dl.ndl.go.jp/pid/1055755,,,
神武天皇と搗き入れ餠（美々津の御船出と腰掛石の由來）/91,じんむてんのうとつきいれもち（みみつのごふなでとこしかけごくのよしき）/91,伝説,,,,,,,,,松山敏,神代の史蹟と日向の伝説　神の国伝説の国物語,文華堂,昭和17,1942,https://dl.ndl.go.jp/pid/1055755,,,
鬼八伝説,きはちでんせつ,"昔話, 伝説",,,,,,,,,中村地平,河童の遠征,翼賛出版協会,昭和19年,1944,,,,
皸の童子,ひびのどうじ,"昔話, 伝説",,,,,,,,,中村地平,河童の遠征,翼賛出版協会,昭和19年,1944,,,,
夢買ひの長者,夢買ひの長者,"昔話, 伝説",,,,,,,,,中村地平,河童の遠征,翼賛出版協会,昭和19年,1944,,,,
炭燒小五郞,すみしょうしょう五郞,"昔話, 伝説",,,,,,,,,中村地平,河童の遠征,翼賛出版協会,昭和19年,1944,,,,
椎葉村ものがたり,椎葉村ものがたり,"昔話, 伝説",,,,,,,,,中村地平,河童の遠征,翼賛出版協会,昭和19年,1944,,,,
河童の遠征,かっぱのえんせい,"昔話, 伝説",,,河童、,,,,,,中村地平,河童の遠征,翼賛出版協会,昭和19年,1944,,,,
人柱のお姫さま,人柱のお姫さま,"昔話, 伝説",,,,,,,,,中村地平,河童の遠征,翼賛出版協会,昭和19年,1944,,,,
和尚さんと河童,和尚さんと河童,"昔話, 伝説",,,河童、,,,,,,中村地平,河童の遠征,翼賛出版協会,昭和19年,1944,,,,
生きてゐる龍,生きてゐる龍,"昔話, 伝説",,,,,,,,,中村地平,河童の遠征,翼賛出版協会,昭和19年,1944,,,,
盲目の法師と娘,もうもくのほうしとむすめ,"昔話, 伝説",,,,,,,,,中村地平,河童の遠征,翼賛出版協会,昭和19年,1944,,,,
親へび子へび,おやへびごへび,"昔話, 伝説",,,,,,,,,中村地平,河童の遠征,翼賛出版協会,昭和19年,1944,,,,
櫻の童子,櫻の童子,"昔話, 伝説",,,,,,,,,中村地平,河童の遠征,翼賛出版協会,昭和19年,1944,,,,
,,,,,,,,,,,日本放送協会,日本昔話名彙,日本放送出版協会,昭和23,1948,,,,
,,,,,,,,,,,松田仙峡,北方郷土読本,光風文化会,昭和24,1949,,,,
,,,,,,,,,,,日本放送協会,日本伝説名彙,日本放送出版協会,昭和25,1950,,,,
,,,,,,,,,,,大久保源右衛門,日向古今物語　上,大久保源右衛門,昭和28,1953,,,,
天村雲命,天村雲命,伝説,,西臼杵郡,,,,,,,中村地平,日向民話集 日向文庫　10,日向文庫刊行会,昭和29,1954,,,,
鬼八伝説,きはちでんせつ,伝説,,西臼杵郡,,,,,,,中村地平,日向民話集 日向文庫　10,日向文庫刊行会,昭和29,1954,,,,
皸の童子,皸の童子,伝説,,西臼杵郡,,,,,,,中村地平,日向民話集 日向文庫　10,日向文庫刊行会,昭和29,1954,,,,
神をまもる大蛇,かみをまもるだいじゃ,伝説,,西臼杵郡,蛇、,,,,,,中村地平,日向民話集 日向文庫　10,日向文庫刊行会,昭和29,1954,,,,
夢買いの長者,夢買いの長者,伝説,,西臼杵郡,,,,,,,中村地平,日向民話集 日向文庫　10,日向文庫刊行会,昭和29,1954,,,,
霊力のある武士,霊力のある武士,伝説,,西臼杵郡,,,,,,,中村地平,日向民話集 日向文庫　10,日向文庫刊行会,昭和29,1954,,,,
お金ヶ浜とお倉ヶ浜,お金ヶ浜とお倉ヶ浜,伝説,,東臼杵郡,,,,,,,中村地平,日向民話集 日向文庫　10,日向文庫刊行会,昭和29,1954,,,,
朝鮮王の漂着,朝鮮王の漂着,伝説,,東臼杵郡,,,,,,,中村地平,日向民話集 日向文庫　10,日向文庫刊行会,昭和29,1954,,,,
琴塚の山姥,琴塚の山姥,伝説,,東臼杵郡,,,,,,,中村地平,日向民話集 日向文庫　10,日向文庫刊行会,昭和29,1954,,,,
こがねの農具,こがねの農具,伝説,,東臼杵郡,,,,,,,中村地平,日向民話集 日向文庫　10,日向文庫刊行会,昭和29,1954,,,,
椎葉物語,椎葉物語,伝説,,東臼杵郡,,,,,,,中村地平,日向民話集 日向文庫　10,日向文庫刊行会,昭和29,1954,,,,
仙千代哀話,せんちよあいわ,伝説,,東臼杵郡,,,,,,,中村地平,日向民話集 日向文庫　10,日向文庫刊行会,昭和29,1954,,,,
塩焼と鶏,しおやきとにわとり,伝説,,東臼杵郡,,,,,,,中村地平,日向民話集 日向文庫　10,日向文庫刊行会,昭和29,1954,,,,
人柱のお姫様,ひとばしらのおひめさま,伝説,,東臼杵郡,,,,,,,中村地平,日向民話集 日向文庫　10,日向文庫刊行会,昭和29,1954,,,,
河童の遠征,河童の遠征,伝説,,東臼杵郡,河童、,,,,,,中村地平,日向民話集 日向文庫　10,日向文庫刊行会,昭和29,1954,,,,
ひょうすぼどん,ひょうすぼどん,伝説,,東臼杵郡,河童、,,,,,,中村地平,日向民話集 日向文庫　10,日向文庫刊行会,昭和29,1954,,,,
搗入れ餅,つきいれもち,伝説,,児湯郡,,,,,,,中村地平,日向民話集 日向文庫　10,日向文庫刊行会,昭和29,1954,,,,
大根川の由来,大根川の由来,伝説,,児湯郡,,,,,,,中村地平,日向民話集 日向文庫　10,日向文庫刊行会,昭和29,1954,,,,
子見ずの池,子見ずの池,伝説,,児湯郡,,,,,,,中村地平,日向民話集 日向文庫　10,日向文庫刊行会,昭和29,1954,,,,
白帆の嫌いな権現さま,白帆の嫌いな権現さま,伝説,,児湯郡,,,,,,,中村地平,日向民話集 日向文庫　10,日向文庫刊行会,昭和29,1954,,,,
桜川物語,桜川物語,伝説,,児湯郡,,,,,,,中村地平,日向民話集 日向文庫　10,日向文庫刊行会,昭和29,1954,,,,
冷泉と弘法大師,れいせんとこうぼうだいし,伝説,,児湯郡,,,,,,,中村地平,日向民話集 日向文庫　10,日向文庫刊行会,昭和29,1954,,,,
稚児ヶ池と長千代丸,稚児ヶ池と長千代丸,伝説,,児湯郡,,,,,,,中村地平,日向民話集 日向文庫　10,日向文庫刊行会,昭和29,1954,,,,
美少年と短冊,美少年と短冊,伝説,,児湯郡,,,,,,,中村地平,日向民話集 日向文庫　10,日向文庫刊行会,昭和29,1954,,,,
和尚さんと河童,和尚さんと河童,伝説,,児湯郡,河童、,,,,,,中村地平,日向民話集 日向文庫　10,日向文庫刊行会,昭和29,1954,,,,
生きている龍,いきているりゅう,伝説,,児湯郡,,,,,,,中村地平,日向民話集 日向文庫　10,日向文庫刊行会,昭和29,1954,,,,
神龍の絵,神龍の絵,伝説,,児湯郡,,,,,,,中村地平,日向民話集 日向文庫　10,日向文庫刊行会,昭和29,1954,,,,
神石三ヶ月さま,じんせき三かげつさま,伝説,,児湯郡,,,,,,,中村地平,日向民話集 日向文庫　10,日向文庫刊行会,昭和29,1954,,,,
米良のあさよむ,米良のあさよむ,伝説,,児湯郡,,,,,,,中村地平,日向民話集 日向文庫　10,日向文庫刊行会,昭和29,1954,,,,
田野の百済王,田野の百済王,伝説,宮崎市,宮崎市,,,,,,,中村地平,日向民話集 日向文庫　10,日向文庫刊行会,昭和29,1954,,,,
水無川,みずなしがわ,伝説,宮崎市,宮崎市,,,,,,,中村地平,日向民話集 日向文庫　10,日向文庫刊行会,昭和29,1954,,,,
景清伝説,かげきよでんせつ,伝説,宮崎市,宮崎市,,,,,,,中村地平,日向民話集 日向文庫　10,日向文庫刊行会,昭和29,1954,,,,
安姫と猿楽役者,安姫と猿楽役者,伝説,宮崎市,宮崎市,,,,,,,中村地平,日向民話集 日向文庫　10,日向文庫刊行会,昭和29,1954,,,,
緋の片袖,緋の片袖,伝説,宮崎市,宮崎市,,,,,,,中村地平,日向民話集 日向文庫　10,日向文庫刊行会,昭和29,1954,,,,
白蛇の恵み,白蛇の恵み,伝説,宮崎市,宮崎市,蛇、,,,,,,中村地平,日向民話集 日向文庫　10,日向文庫刊行会,昭和29,1954,,,,
大蜘蛛の怪,大蜘蛛の怪,伝説,宮崎市,宮崎市,,,,,,,中村地平,日向民話集 日向文庫　10,日向文庫刊行会,昭和29,1954,,,,
跡江の半平どん,あとえのはんぺんどん,伝説,宮崎市,宮崎市,,,,,,,中村地平,日向民話集 日向文庫　10,日向文庫刊行会,昭和29,1954,,,,
志津摩物語,志津摩物語,伝説,宮崎市,宮崎市,,,,,,,中村地平,日向民話集 日向文庫　10,日向文庫刊行会,昭和29,1954,,,,
刀工鬼正,刀工鬼正,伝説,宮崎市,宮崎市,,,,,,,中村地平,日向民話集 日向文庫　10,日向文庫刊行会,昭和29,1954,,,,
州におりた鶴,州におりた鶴,伝説,宮崎市,宮崎市,,,,,,,中村地平,日向民話集 日向文庫　10,日向文庫刊行会,昭和29,1954,,,,
水かけ地蔵,水かけ地蔵,伝説,宮崎市,宮崎市,,,,,,,中村地平,日向民話集 日向文庫　10,日向文庫刊行会,昭和29,1954,,,,
元町橋の怪,元町橋の怪,伝説,宮崎市,宮崎市,,,,,,,中村地平,日向民話集 日向文庫　10,日向文庫刊行会,昭和29,1954,,,,
法華嶽薬師由来,法華嶽薬師由来,伝説,国富町,東諸県郡,,,,,,,中村地平,日向民話集 日向文庫　10,日向文庫刊行会,昭和29,1954,,,,
和泉式部物語,和泉式部物語,伝説,国富町,東諸県郡,,,,,,,中村地平,日向民話集 日向文庫　10,日向文庫刊行会,昭和29,1954,,,,
静女の身投,しずめのみなげ,伝説,,北諸県郡,,,,,,,中村地平,日向民話集 日向文庫　10,日向文庫刊行会,昭和29,1954,,,,
若宮の死,若宮の死,伝説,,北諸県郡,,,,,,,中村地平,日向民話集 日向文庫　10,日向文庫刊行会,昭和29,1954,,,,
神さまと鎌,かみさまとかま,伝説,,西諸県郡,,,,,,,中村地平,日向民話集 日向文庫　10,日向文庫刊行会,昭和29,1954,,,,
白鳥神社の白旗,白鳥神社の白旗,伝説,,西諸県郡,,,,,,,中村地平,日向民話集 日向文庫　10,日向文庫刊行会,昭和29,1954,,,,
仁王様と大豆,におうさまとだいず,伝説,,西諸県郡,,,,,,,中村地平,日向民話集 日向文庫　10,日向文庫刊行会,昭和29,1954,,,,
お浪ヶ池,おなみヶいけ,伝説,,西諸県郡,,,,,,,中村地平,日向民話集 日向文庫　10,日向文庫刊行会,昭和29,1954,,,,
山猫のいる坂,山猫のいる坂,伝説,,西諸県郡,,,,,,,中村地平,日向民話集 日向文庫　10,日向文庫刊行会,昭和29,1954,,,,
蛇ヶ淵,蛇ヶ淵,伝説,,西諸県郡,蛇、,,,,,,中村地平,日向民話集 日向文庫　10,日向文庫刊行会,昭和29,1954,,,,
飯野の風穴,飯野の風穴,伝説,,西諸県郡,,,,,,,中村地平,日向民話集 日向文庫　10,日向文庫刊行会,昭和29,1954,,,,
継子滝,継子滝,伝説,,西諸県郡,,,,,,,中村地平,日向民話集 日向文庫　10,日向文庫刊行会,昭和29,1954,,,,
太腹観音,ふとはらかんのん,伝説,日南市,南那珂郡,,,,,,,中村地平,日向民話集 日向文庫　10,日向文庫刊行会,昭和29,1954,,,,
弘法の泉,弘法の泉,伝説,日南市,南那珂郡,,,,,,,中村地平,日向民話集 日向文庫　10,日向文庫刊行会,昭和29,1954,,,,
ちじゆ様と泉,ちじゆ様と泉,伝説,日南市,南那珂郡,,,,,,,中村地平,日向民話集 日向文庫　10,日向文庫刊行会,昭和29,1954,,,,
銀の杖,銀の杖,伝説,日南市,南那珂郡,,,,,,,中村地平,日向民話集 日向文庫　10,日向文庫刊行会,昭和29,1954,,,,
親へび子へび,おやへびごへび,伝説,日南市,南那珂郡,蛇、,,,,,,中村地平,日向民話集 日向文庫　10,日向文庫刊行会,昭和29,1954,,,,
蛇王権現,蛇王権現,伝説,日南市,南那珂郡,蛇、,,,,,,中村地平,日向民話集 日向文庫　10,日向文庫刊行会,昭和29,1954,,,,
戦国時代の日向武士,戦国時代の日向武士,伝説,日南市,南那珂郡,,,,,,,中村地平,日向民話集 日向文庫　10,日向文庫刊行会,昭和29,1954,,,,
赤づら法印,赤づら法印,伝説,日南市,南那珂郡,,,,,,,中村地平,日向民話集 日向文庫　10,日向文庫刊行会,昭和29,1954,,,,
坊主ヶ浜,坊主ヶ浜,伝説,日南市,南那珂郡,,,,,,,中村地平,日向民話集 日向文庫　10,日向文庫刊行会,昭和29,1954,,,,
頓智小僧,頓智小僧,伝説,日南市,南那珂郡,,,,,,,中村地平,日向民話集 日向文庫　10,日向文庫刊行会,昭和29,1954,,,,
伊勢や日向の物語,伊勢や日向の物語,伝説,,その他,,,,,,,中村地平,日向民話集 日向文庫　10,日向文庫刊行会,昭和29,1954,,,,
生霊と蛇,生霊と蛇,伝説,,その他,蛇、,,,,,,中村地平,日向民話集 日向文庫　10,日向文庫刊行会,昭和29,1954,,,,
,,伝説,,,,,,,中村地平,民話の形成（あとがき）,中村地平,日向民話集 日向文庫　10,日向文庫刊行会,昭和29,1954,,,,
,,,,,,,,,,,日高重孝,日向の山彦　続,文華堂,昭和29,1954,,,,
おしょうさんとカッパ,おしょうさんとカッパ,昔話,,,河童、,,,,比江島重孝,おしょうさんとカッパ,児童文学者協会 編,日本むかしばなし宝玉集 上,宝文館,昭和30,1955,,,,
,,,,,,,,,,,香春建一,風雲　上・下篇,西郷臨末史刊行会,昭和30,1955,,,,
鬼婆々,鬼婆々,,,,,,,,,,,日向民俗	4号／通巻4号,日向民俗学会,昭和32年,1957,怪異・妖怪伝承データベース,,,
1、狐の太郎左衛門,1、狐の太郎左衛門,昔話,,,,,,,,,比江島重孝,日向の民話第1集（日本の民話14）,未来社,昭和33,1958,,,,
2、命長い名,2、命長い名,昔話,,,,,,,,,比江島重孝,日向の民話第1集（日本の民話14）,未来社,昭和33,1958,,,,
3、琴塚,3、琴塚,昔話,,,,,,,,,比江島重孝,日向の民話第1集（日本の民話14）,未来社,昭和33,1958,,,,
4、河童の遠征,4、かっぱのえんせい,昔話,,,河童、,,,,,,比江島重孝,日向の民話第1集（日本の民話14）,未来社,昭和33,1958,,,,
5、銭をひる馬,5、ぜにをひるうま,昔話,,,,,,,,,比江島重孝,日向の民話第1集（日本の民話14）,未来社,昭和33,1958,,,,
6、牛の鼻ぐり,6、牛の鼻ぐり,昔話,,,,,,,,,比江島重孝,日向の民話第1集（日本の民話14）,未来社,昭和33,1958,,,,
7、塩焼きと鶏,7、塩焼きと鶏,昔話,,,,,,,,,比江島重孝,日向の民話第1集（日本の民話14）,未来社,昭和33,1958,,,,
8、お金ガ浜とお倉ガ浜,8、お金ガ浜とお倉ガ浜,昔話,,,,,,,,,比江島重孝,日向の民話第1集（日本の民話14）,未来社,昭和33,1958,,,,
9、大蛇の子,9、大蛇の子,昔話,,,蛇、,,,,,,比江島重孝,日向の民話第1集（日本の民話14）,未来社,昭和33,1958,,,,
10、ひょすぼ岩（河童岩）,10、ひょすぼいわ（かっぱいわ）,昔話,,,河童、,,,,,,比江島重孝,日向の民話第1集（日本の民話14）,未来社,昭和33,1958,,,,
11、黄金の鍬,11、おうごんのくわ,昔話,,,,,,,,,比江島重孝,日向の民話第1集（日本の民話14）,未来社,昭和33,1958,,,,
12、黄金の壺,12、黄金の壺,昔話,,,,,,,,,比江島重孝,日向の民話第1集（日本の民話14）,未来社,昭和33,1958,,,,
13、河童と金丸どん,13、河童と金丸どん,昔話,,,河童、,,,,,,比江島重孝,日向の民話第1集（日本の民話14）,未来社,昭和33,1958,,,,
14、鬼切丸,14、鬼切丸,昔話,,,,,,,,,比江島重孝,日向の民話第1集（日本の民話14）,未来社,昭和33,1958,,,,
15、西の長者,15、にしのちょうじゃ,昔話,,,,,,,,,比江島重孝,日向の民話第1集（日本の民話14）,未来社,昭和33,1958,,,,
16、ひできちばなし,16、ひできちばなし,昔話,,,,,,,,,比江島重孝,日向の民話第1集（日本の民話14）,未来社,昭和33,1958,,,,
17、あかぎれの童子,17、あかぎれの童子,昔話,,,,,,,,,比江島重孝,日向の民話第1集（日本の民話14）,未来社,昭和33,1958,,,,
18	河童の魔よけ,18	河童の魔よけ,昔話,,,河童、,,,,,,比江島重孝,日向の民話第1集（日本の民話14）,未来社,昭和33,1958,,,,
19、河童のお礼参り,19、河童のお礼参り,昔話,,,河童、,,,,,,比江島重孝,日向の民話第1集（日本の民話14）,未来社,昭和33,1958,,,,
20、化猫の宿,20、化猫の宿,昔話,,,,,,,,,比江島重孝,日向の民話第1集（日本の民話14）,未来社,昭和33,1958,,,,
21、とんころとんころ,21、とんころとんころ,昔話,,,,,,,,,比江島重孝,日向の民話第1集（日本の民話14）,未来社,昭和33,1958,,,,
22、重箱ばば,22、重箱ばば,昔話,,,,,,,,,比江島重孝,日向の民話第1集（日本の民話14）,未来社,昭和33,1958,,,,
23、じたとがた,23、じたとがた,昔話,,,,,,,,,比江島重孝,日向の民話第1集（日本の民話14）,未来社,昭和33,1958,,,,
24、腹痛の池,24、腹痛の池,昔話,,,,,,,,,比江島重孝,日向の民話第1集（日本の民話14）,未来社,昭和33,1958,,,,
25、虎ときつね,25、虎ときつね,昔話,,,,,,,,,比江島重孝,日向の民話第1集（日本の民話14）,未来社,昭和33,1958,,,,
26、おなら売り,26、おなら売り,昔話,,,,,,,,,比江島重孝,日向の民話第1集（日本の民話14）,未来社,昭和33,1958,,,,
27、宝の下の鶴,27、宝の下の鶴,昔話,,,,,,,,,比江島重孝,日向の民話第1集（日本の民話14）,未来社,昭和33,1958,,,,
28、猿カニ合戦,28、猿カニ合戦,昔話,,,,,,,,,比江島重孝,日向の民話第1集（日本の民話14）,未来社,昭和33,1958,,,,
29、うしろくそ、まえ味噌,29、うしろくそ、まえみそ,昔話,,,,,,,,,比江島重孝,日向の民話第1集（日本の民話14）,未来社,昭和33,1958,,,,
30、半ぴどん,30、半ぴどん,昔話,,,,,,,,,比江島重孝,日向の民話第1集（日本の民話14）,未来社,昭和33,1958,,,,
31、魚藍の観音,31、ぎょらんのかんのん,昔話,,,,,,,,,比江島重孝,日向の民話第1集（日本の民話14）,未来社,昭和33,1958,,,,
32、海幸山幸,32、うみさちやまさち,昔話,,,,,,,,,比江島重孝,日向の民話第1集（日本の民話14）,未来社,昭和33,1958,,,,
33、びんたあげえびんたさげえ,33、びんたあげえびんたさげえ,昔話,,,,,,,,,比江島重孝,日向の民話第1集（日本の民話14）,未来社,昭和33,1958,,,,
34、火車がねろちょった,34、かしゃがねろちょった,昔話,,,,,,,,,比江島重孝,日向の民話第1集（日本の民話14）,未来社,昭和33,1958,,,,
35、十死と仁王,35、じっしとにおう,昔話,,,,,,,,,比江島重孝,日向の民話第1集（日本の民話14）,未来社,昭和33,1958,,,,
36、こればあさん笠賃よ,36、こればあさん笠賃よ,昔話,,,,,,,,,比江島重孝,日向の民話第1集（日本の民話14）,未来社,昭和33,1958,,,,
37、うしろむきの地蔵さま,37、うしろむきの地蔵さま,昔話,,,,,,,,,比江島重孝,日向の民話第1集（日本の民話14）,未来社,昭和33,1958,,,,
38、おかしな屁,38、おかしな屁,昔話,,,,,,,,,比江島重孝,日向の民話第1集（日本の民話14）,未来社,昭和33,1958,,,,
39、灰のしめなわ,39、灰のしめなわ,昔話,,,,,,,,,比江島重孝,日向の民話第1集（日本の民話14）,未来社,昭和33,1958,,,,
40、火消しのカラス坊主,40、火消しのカラス坊主,昔話,,,,,,,,,比江島重孝,日向の民話第1集（日本の民話14）,未来社,昭和33,1958,,,,
41、あちこちの寺,41、あちこちの寺,昔話,,,,,,,,,比江島重孝,日向の民話第1集（日本の民話14）,未来社,昭和33,1958,,,,
42、そばと米の御飯,42、そばと米の御飯,昔話,,,,,,,,,比江島重孝,日向の民話第1集（日本の民話14）,未来社,昭和33,1958,,,,
43、ばばおるかい,43、ばばおるかい,昔話,,,,,,,,,比江島重孝,日向の民話第1集（日本の民話14）,未来社,昭和33,1958,,,,
44、阿呆ばなし,44、阿呆ばなし,昔話,,,,,,,,,比江島重孝,日向の民話第1集（日本の民話14）,未来社,昭和33,1958,,,,
45、母狐,45、母狐,昔話,,,,,,,,,比江島重孝,日向の民話第1集（日本の民話14）,未来社,昭和33,1958,,,,
46、銀杏の木,46、銀杏の木,昔話,,,,,,,,,比江島重孝,日向の民話第1集（日本の民話14）,未来社,昭和33,1958,,,,
47、エビとカラス,47、エビとカラス,昔話,,,,,,,,,比江島重孝,日向の民話第1集（日本の民話14）,未来社,昭和33,1958,,,,
48、黄金の精,48、黄金の精,昔話,,,,,,,,,比江島重孝,日向の民話第1集（日本の民話14）,未来社,昭和33,1958,,,,
49、ほか１９編,49、ほか１９へん,昔話,,,,,,,,,比江島重孝,日向の民話第1集（日本の民話14）,未来社,昭和33,1958,,,,
,,伝説,宮崎市,,,,,,,,田中与志郎,生目義士（いくる目義士） 悪七兵衛景清伝,生目義士編纂後援会,昭和33,1958,,,,
,,その他,,,,,,,,,木下順二,日本民話選,岩波書店,昭和33,1958,,,,
くゎひり,くゎひり,昔話,,,笑話,,,,,,比江島重孝,半ぴのげな話,未来社,昭和34,1959,,,,
日向の盗人,ひなたのぬすびと,昔話,,,笑話,,,,,,比江島重孝,半ぴのげな話,未来社,昭和34,1959,,,,
耳々津と都農,耳々津と都農,昔話,,,笑話,,,,,,比江島重孝,半ぴのげな話,未来社,昭和34,1959,,,,
七月の山蒸し,七月の山蒸し,昔話,,,笑話,,,,,,比江島重孝,半ぴのげな話,未来社,昭和34,1959,,,,
法事の御馳走,法事の御馳走,昔話,,,笑話,,,,,,比江島重孝,半ぴのげな話,未来社,昭和34,1959,,,,
ほら出たお経,ほら出たお経,昔話,,,笑話,,,,,,比江島重孝,半ぴのげな話,未来社,昭和34,1959,,,,
泥棒の家に泥棒,泥棒の家に泥棒,昔話,,,笑話,,,,,,比江島重孝,半ぴのげな話,未来社,昭和34,1959,,,,
よだきい,よだきい,昔話,,,笑話,,,,,,比江島重孝,半ぴのげな話,未来社,昭和34,1959,,,,
鵜戸参り,鵜戸参り,昔話,,,笑話,,,,,,比江島重孝,半ぴのげな話,未来社,昭和34,1959,,,,
麦屁,むぎへ,昔話,,,笑話,,,,,,比江島重孝,半ぴのげな話,未来社,昭和34,1959,,,,
屁ひりばばどん,屁ひりばばどん,昔話,,,笑話,,,,,,比江島重孝,半ぴのげな話,未来社,昭和34,1959,,,,
琴三味線,ことさみせん,昔話,,,笑話,,,,,,比江島重孝,半ぴのげな話,未来社,昭和34,1959,,,,
吝嗇（りんしょく）坊競争,りんしょく（りんしょく）ぼうきょうそう,昔話,,,笑話,,,,,,比江島重孝,半ぴのげな話,未来社,昭和34,1959,,,,
「が」と「に」,「が」と「に」,昔話,,,笑話,,,,,,比江島重孝,半ぴのげな話,未来社,昭和34,1959,,,,
短気は損気,たんきはそんき,昔話,,,笑話,,,,,,比江島重孝,半ぴのげな話,未来社,昭和34,1959,,,,
どちらがこんめえか,どちらがこんめえか,昔話,,,笑話,,,,,,比江島重孝,半ぴのげな話,未来社,昭和34,1959,,,,
なすび,なすび,昔話,,,笑話,,,,,,比江島重孝,半ぴのげな話,未来社,昭和34,1959,,,,
古い話くらべ,ふるいはなしくらべ,昔話,,,笑話,,,,,,比江島重孝,半ぴのげな話,未来社,昭和34,1959,,,,
よだきごろの話,よだきごろの話,昔話,,,笑話,,,,,,比江島重孝,半ぴのげな話,未来社,昭和34,1959,,,,
ナシの木に上洛し,ナシのきにじょうらくし,昔話,,,笑話,,,,,,比江島重孝,半ぴのげな話,未来社,昭和34,1959,,,,
鷹はいいもんじゃ,鷹はいいもんじゃ,昔話,,,笑話,,,,,,比江島重孝,半ぴのげな話,未来社,昭和34,1959,,,,
袖振り舞,袖振り舞,昔話,,,笑話,,,,,,比江島重孝,半ぴのげな話,未来社,昭和34,1959,,,,
九九八十一,九九八十一,昔話,,,笑話,,,,,,比江島重孝,半ぴのげな話,未来社,昭和34,1959,,,,
ただの釣針,ただのつりばり,昔話,,,笑話,,,,,,比江島重孝,半ぴのげな話,未来社,昭和34,1959,,,,
毛違い,毛違い,昔話,,,笑話,,,,,,比江島重孝,半ぴのげな話,未来社,昭和34,1959,,,,
大先頭,大先頭,昔話,,,笑話,,,,,,比江島重孝,半ぴのげな話,未来社,昭和34,1959,,,,
三木と一木の鳥,三木と一木の鳥,昔話,,,笑話,,,,,,比江島重孝,半ぴのげな話,未来社,昭和34,1959,,,,
鴨三羽の大猟ばなし,鴨三羽の大猟ばなし,昔話,,,笑話,,,,,,比江島重孝,半ぴのげな話,未来社,昭和34,1959,,,,
雷どんの茶屋,雷どんの茶屋,昔話,,,笑話,,,,,,比江島重孝,半ぴのげな話,未来社,昭和34,1959,,,,
からいも屁,からいも屁,昔話,,,笑話,,,,,,比江島重孝,半ぴのげな話,未来社,昭和34,1959,,,,
カラスとカクオ,カラスとカクオ,昔話,,,笑話,,,,,,比江島重孝,半ぴのげな話,未来社,昭和34,1959,,,,
米のめし,米のめし,昔話,,,笑話,,,,,,比江島重孝,半ぴのげな話,未来社,昭和34,1959,,,,
こんにゃく小僧,こんにゃく小僧,昔話,,,笑話,,,,,,比江島重孝,半ぴのげな話,未来社,昭和34,1959,,,,
知恵小僧,知恵小僧,昔話,,,笑話,,,,,,比江島重孝,半ぴのげな話,未来社,昭和34,1959,,,,
餅に立てた柱,餅に立てた柱,昔話,,,笑話,,,,,,比江島重孝,半ぴのげな話,未来社,昭和34,1959,,,,
和尚と小僧と藪医者どん,おしょうとこぞうとやぶいしゃどん,昔話,,,笑話,,,,,,比江島重孝,半ぴのげな話,未来社,昭和34,1959,,,,
いい猟,いいりょう,昔話,,,笑話,,,,,,比江島重孝,半ぴのげな話,未来社,昭和34,1959,,,,
片目と鼻ぼんとちんば,かためとはなぼんとちんば,昔話,,,笑話,,,,,,比江島重孝,半ぴのげな話,未来社,昭和34,1959,,,,
びん棒,びん棒,昔話,,,笑話,,,,,,比江島重孝,半ぴのげな話,未来社,昭和34,1959,,,,
五木の兵衛,五木の兵衛,昔話,,,笑話,,,,,,比江島重孝,半ぴのげな話,未来社,昭和34,1959,,,,
倉三つ,くらみっつ,昔話,,,半びのげな話,,,,,,比江島重孝,半ぴのげな話,未来社,昭和34,1959,,,,
嫁じょの世話,嫁じょの世話,昔話,,,半びのげな話,,,,,,比江島重孝,半ぴのげな話,未来社,昭和34,1959,,,,
半ぴどんの鵜戸さん参リ,半ぴどんの鵜戸さん参リ,昔話,,,半びのげな話,,,,,,比江島重孝,半ぴのげな話,未来社,昭和34,1959,,,,
六斗一升,六斗一升,昔話,,,半びのげな話,,,,,,比江島重孝,半ぴのげな話,未来社,昭和34,1959,,,,
五万の木に八万の鳥,五万の木に八万の鳥,昔話,,,半びのげな話,,,,,,比江島重孝,半ぴのげな話,未来社,昭和34,1959,,,,
十里かずら,十里かずら,昔話,,,半びのげな話,,,,,,比江島重孝,半ぴのげな話,未来社,昭和34,1959,,,,
死なにゃなおろか,死なにゃなおろか,昔話,,,半びのげな話,,,,,,比江島重孝,半ぴのげな話,未来社,昭和34,1959,,,,
呑まにゃ放さぬ,のみまにゃはなさぬ,昔話,,,半びのげな話,,,,,,比江島重孝,半ぴのげな話,未来社,昭和34,1959,,,,
半びどんの天登り,半びどんの天登り,昔話,,,半びのげな話,,,,,,比江島重孝,半ぴのげな話,未来社,昭和34,1959,,,,
毛焼と美々津,毛焼と美々津,昔話,,,半びのげな話,,,,,,比江島重孝,半ぴのげな話,未来社,昭和34,1959,,,,
祝いの牛蒡,祝いの牛蒡,昔話,,,半びのげな話,,,,,,比江島重孝,半ぴのげな話,未来社,昭和34,1959,,,,
二斗は片荷,二斗は片荷,昔話,,,半びのげな話,,,,,,比江島重孝,半ぴのげな話,未来社,昭和34,1959,,,,
半ぴどんの粟作り,半ぴどんの粟作り,昔話,,,半びのげな話,,,,,,比江島重孝,半ぴのげな話,未来社,昭和34,1959,,,,
五合と御娘,五合と御娘,昔話,,,半びのげな話,,,,,,比江島重孝,半ぴのげな話,未来社,昭和34,1959,,,,
尻錠,尻錠,昔話,,,半びのげな話,,,,,,比江島重孝,半ぴのげな話,未来社,昭和34,1959,,,,
道普請の岩,道普請の岩,昔話,,,半びのげな話,,,,,,比江島重孝,半ぴのげな話,未来社,昭和34,1959,,,,
大根の不作,大根の不作,昔話,,,半びのげな話,,,,,,比江島重孝,半ぴのげな話,未来社,昭和34,1959,,,,
三十男に腹籠女,三十男に腹籠女,昔話,,,半びのげな話,,,,,,比江島重孝,半ぴのげな話,未来社,昭和34,1959,,,,
冬の青草、夏の枯草,冬の青草、夏の枯草,昔話,,,半びのげな話,,,,,,比江島重孝,半ぴのげな話,未来社,昭和34,1959,,,,
赤手拭,赤手拭,昔話,,,半びのげな話,,,,,,比江島重孝,半ぴのげな話,未来社,昭和34,1959,,,,
片割れ月,片割れ月,昔話,,,半びのげな話,,,,,,比江島重孝,半ぴのげな話,未来社,昭和34,1959,,,,
腹籠女,腹籠女,昔話,,,半びのげな話,,,,,,比江島重孝,半ぴのげな話,未来社,昭和34,1959,,,,
正月の節木,正月の節木,昔話,,,半びのげな話,,,,,,比江島重孝,半ぴのげな話,未来社,昭和34,1959,,,,
藍にゃいい,藍にゃいい,昔話,,,半びのげな話,,,,,,比江島重孝,半ぴのげな話,未来社,昭和34,1959,,,,
挽木,挽木,昔話,,,半びのげな話,,,,,,比江島重孝,半ぴのげな話,未来社,昭和34,1959,,,,
夜遊びの竿,夜遊びの竿,昔話,,,半びのげな話,,,,,,比江島重孝,半ぴのげな話,未来社,昭和34,1959,,,,
蟹のくにゃ傷がある,蟹のくにゃ傷がある,昔話,,,鳥獣草木諜,,,,,,比江島重孝,半ぴのげな話,未来社,昭和34,1959,,,,
サルどんカニどん,サルどんカニどん,昔話,,,鳥獣草木諜,,,,,,比江島重孝,半ぴのげな話,未来社,昭和34,1959,,,,
尾切れ,尾切れ,昔話,,,鳥獣草木諜,,,,,,比江島重孝,半ぴのげな話,未来社,昭和34,1959,,,,
ぐちゃぐい,ぐちゃぐい,昔話,,,鳥獣草木諜,,,,,,比江島重孝,半ぴのげな話,未来社,昭和34,1959,,,,
ばばの骨,ばばの骨,昔話,,,鳥獣草木諜,,,,,,比江島重孝,半ぴのげな話,未来社,昭和34,1959,,,,
犬神様,犬神様,昔話,,,鳥獣草木諜,,,,,,比江島重孝,半ぴのげな話,未来社,昭和34,1959,,,,
鯉とハゼクロとなまず,鯉とハゼクロとなまず,昔話,,,鳥獣草木諜,,,,,,比江島重孝,半ぴのげな話,未来社,昭和34,1959,,,,
古屋のもり,古屋のもり,昔話,,,鳥獣草木諜,,,,,,比江島重孝,半ぴのげな話,未来社,昭和34,1959,,,,
ガマの報恩,ガマの報恩,昔話,,,鳥獣草木諜,,,,,,比江島重孝,半ぴのげな話,未来社,昭和34,1959,,,,
神兵小太郎,神兵小太郎,昔話,,,鳥獣草木諜,,,,,,比江島重孝,半ぴのげな話,未来社,昭和34,1959,,,,
キツネの役人,キツネの役人,昔話,,,鳥獣草木諜,,,,,,比江島重孝,半ぴのげな話,未来社,昭和34,1959,,,,
嫁まがい,嫁まがい,昔話,,,鳥獣草木諜,,,,,,比江島重孝,半ぴのげな話,未来社,昭和34,1959,,,,
火細工は危ねかった,火細工は危ねかった,昔話,,,鳥獣草木諜,,,,,,比江島重孝,半ぴのげな話,未来社,昭和34,1959,,,,
キツネ話,キツネ話,昔話,,,鳥獣草木諜,,,,,,比江島重孝,半ぴのげな話,未来社,昭和34,1959,,,,
キキーがもどかす,キキーがもどかす,昔話,,,鳥獣草木諜,,,,,,比江島重孝,半ぴのげな話,未来社,昭和34,1959,,,,
猫塚,ねこつか,昔話,,,鳥獣草木諜,,,,,,比江島重孝,半ぴのげな話,未来社,昭和34,1959,,,,
尻子をあぐる,しりごをあぐる,昔話,,,鳥獣草木諜,,,,,,比江島重孝,半ぴのげな話,未来社,昭和34,1959,,,,
河童と雑水,河童と雑水,昔話,,,鳥獣草木諜,,,,,,比江島重孝,半ぴのげな話,未来社,昭和34,1959,,,,
ひょすほの妙薬,ひょすほの妙薬,昔話,,,河童、鳥獣草木諜,,,,,,比江島重孝,半ぴのげな話,未来社,昭和34,1959,,,,
殻類食わすな,からるいくらわすな,昔話,,,鳥獣草木諜,,,,,,比江島重孝,半ぴのげな話,未来社,昭和34,1959,,,,
カニとビキ,カニとビキ,昔話,,,鳥獣草木諜,,,,,,比江島重孝,半ぴのげな話,未来社,昭和34,1959,,,,
五月節句の角巻き,五月節句の角巻き,昔話,,,鳥獣草木諜,,,,,,比江島重孝,半ぴのげな話,未来社,昭和34,1959,,,,
かりこ坊,かりこ坊,昔話,,,河童、鳥獣草木諜,,,,,,比江島重孝,半ぴのげな話,未来社,昭和34,1959,,,,
桜の畝,桜の畝,昔話,,,鳥獣草木諜,,,,,,比江島重孝,半ぴのげな話,未来社,昭和34,1959,,,,
もったの竹さん,もったの竹さん,昔話,,,鳥獣草木諜,,,,,,比江島重孝,半ぴのげな話,未来社,昭和34,1959,,,,
ねずみ浄土,ねずみ浄土,昔話,,,致富課,,,,,,比江島重孝,半ぴのげな話,未来社,昭和34,1959,,,,
炭焼小五郎,炭焼小五郎,昔話,,,致富課,,,,,,比江島重孝,半ぴのげな話,未来社,昭和34,1959,,,,
千石船の夢見,千石船の夢見,昔話,,,致富課,,,,,,比江島重孝,半ぴのげな話,未来社,昭和34,1959,,,,
盗賊退治の七兵術,盗賊退治の七兵術,昔話,,,致富課,,,,,,比江島重孝,半ぴのげな話,未来社,昭和34,1959,,,,
万の倉よリ子か宝,万の倉よリ子か宝,昔話,,,致富課,,,,,,比江島重孝,半ぴのげな話,未来社,昭和34,1959,,,,
三年寝太郎,三年寝太郎,昔話,,,致富課,,,,,,比江島重孝,半ぴのげな話,未来社,昭和34,1959,,,,
貧乏神,貧乏神,昔話,,,致富課,,,,,,比江島重孝,半ぴのげな話,未来社,昭和34,1959,,,,
樹蔵・杢蔵・竹蔵,樹蔵・杢蔵・竹蔵,昔話,,,致富課,,,,,,比江島重孝,半ぴのげな話,未来社,昭和34,1959,,,,
一寸法師,一寸法師,昔話,,,一寸法師その他,,,,,,比江島重孝,半ぴのげな話,未来社,昭和34,1959,,,,
石屋がいちばん,石屋がいちばん,昔話,,,一寸法師その他,,,,,,比江島重孝,半ぴのげな話,未来社,昭和34,1959,,,,
鼻高くなれ,鼻高くなれ,昔話,,,一寸法師その他,,,,,,比江島重孝,半ぴのげな話,未来社,昭和34,1959,,,,
歯なし,はなし,昔話,,,一寸法師その他,,,,,,比江島重孝,半ぴのげな話,未来社,昭和34,1959,,,,
左縄の灰,左縄の灰,昔話,,,一寸法師その他,,,,,,比江島重孝,半ぴのげな話,未来社,昭和34,1959,,,,
金一と金次,金一と金次,昔話,,,一寸法師その他,,,,,,比江島重孝,半ぴのげな話,未来社,昭和34,1959,,,,
やーかん,やーかん,昔話,,,一寸法師その他,,,,,,比江島重孝,半ぴのげな話,未来社,昭和34,1959,,,,
おかゆ出ろ,おかゆ出ろ,昔話,,,一寸法師その他,,,,,,比江島重孝,半ぴのげな話,未来社,昭和34,1959,,,,
仁王と鰐口,におうとわにぐち,昔話,,,一寸法師その他,,,,,,比江島重孝,半ぴのげな話,未来社,昭和34,1959,,,,
難田,難田,昔話,,,一寸法師その他,,,,,,比江島重孝,半ぴのげな話,未来社,昭和34,1959,,,,
藤巻き地蔵,藤巻き地蔵,昔話,,,一寸法師その他,,,,,,比江島重孝,半ぴのげな話,未来社,昭和34,1959,,,,
男の節句,男の節句,昔話,,,一寸法師その他,,,,,,比江島重孝,半ぴのげな話,未来社,昭和34,1959,,,,
女の節句,女の節句,昔話,,,一寸法師その他,,,,,,比江島重孝,半ぴのげな話,未来社,昭和34,1959,,,,
水という字,水という字,昔話,,,一寸法師その他,,,,,,比江島重孝,半ぴのげな話,未来社,昭和34,1959,,,,
もぐら,もぐら,昔話,,,一寸法師その他,,,,,,比江島重孝,半ぴのげな話,未来社,昭和34,1959,,,,
卵の約束,卵の約束,昔話,,,一寸法師その他,,,,,,比江島重孝,半ぴのげな話,未来社,昭和34,1959,,,,
判じ物,判じ物,昔話,,,一寸法師その他,,,,,,比江島重孝,半ぴのげな話,未来社,昭和34,1959,,,,
名無し木,名無し木,昔話,,,一寸法師その他,,,,,,比江島重孝,半ぴのげな話,未来社,昭和34,1959,,,,
相撲は取るな,相撲は取るな,昔話,,,一寸法師その他,,,,,,比江島重孝,半ぴのげな話,未来社,昭和34,1959,,,,
黄金仏,黄金仏,昔話,,,一寸法師その他,,,,,,比江島重孝,半ぴのげな話,未来社,昭和34,1959,,,,
福男,福男,昔話,,,一寸法師その他,,,,,,比江島重孝,半ぴのげな話,未来社,昭和34,1959,,,,
赤じゅばんの祝い,あかじゅばんのいわい,昔話,,,一寸法師その他,,,,,,比江島重孝,半ぴのげな話,未来社,昭和34,1959,,,,
馬の腹痛,馬の腹痛,昔話,,,一寸法師その他,,,,,,比江島重孝,半ぴのげな話,未来社,昭和34,1959,,,,
河豚の口,河豚の口,昔話,,,一寸法師その他,,,,,,比江島重孝,半ぴのげな話,未来社,昭和34,1959,,,,
食わず女房,くわずにょうぼう,昔話,,,一寸法師その他,,,,,,比江島重孝,半ぴのげな話,未来社,昭和34,1959,,,,
術のある者,術のある者,昔話,,,一寸法師その他,,,,,,比江島重孝,半ぴのげな話,未来社,昭和34,1959,,,,
常山小僧,常山小僧,昔話,,,一寸法師その他,,,,,,比江島重孝,半ぴのげな話,未来社,昭和34,1959,,,,
よだきごろの夢,よだきごろの夢,昔話,,,一寸法師その他,,,,,,比江島重孝,半ぴのげな話,未来社,昭和34,1959,,,,
横手五郎,横手五郎,昔話,,,一寸法師その他,,,,,,比江島重孝,半ぴのげな話,未来社,昭和34,1959,,,,
,,,,,,,,,,椎葉村民俗聞書(一）（二）,菅沼晃次郎,民俗(豊中)3-1,菅沼晃次郎,昭和34,1959,,,,
六斗一升,六と一しょう,,,,,,,,,,,民話　2-10（113）,未来社,昭和34年10月,1959,,,,
,,,,,,,,,,,比江島重孝編,日本の昔話 １０,未来社,昭和34,1959,,,,
日向の米の話,日向の米の話,伝説,,,（上世の巻）,,,,,,日高重孝,日向今昔物語,橘百貨店出版部,昭和35,1960,,,,
日向の駒の話,ひなたのこまのはなし,伝説,,,（上世の巻）,,,,,,日高重孝,日向今昔物語,橘百貨店出版部,昭和35,1960,,,,
入?した日向の貴嬪の話,入?した日向の貴嬪の話,伝説,,,（上世の巻）,,,,,,日高重孝,日向今昔物語,橘百貨店出版部,昭和35,1960,,,,
百済王族の日向漂着の話,百済王族の日向漂着の話,伝説,,,（上世の巻）,,,,,,日高重孝,日向今昔物語,橘百貨店出版部,昭和35,1960,,,,
「伊勢や日向の物語」の話,「伊勢や日向の物語」の話,伝説,,,（上世の巻）,,,,,,日高重孝,日向今昔物語,橘百貨店出版部,昭和35,1960,,,,
上代日向の交通の話,上代日向の交通の話,伝説,,,（上世の巻）,,,,,,日高重孝,日向今昔物語,橘百貨店出版部,昭和35,1960,,,,
日向の古舞踊の話,日向の古舞踊の話,伝説,,,（上世の巻）,,,,,,日高重孝,日向今昔物語,橘百貨店出版部,昭和35,1960,,,,
日本武尊と大人弥五郎の話,日本武尊と大人弥五郎の話,伝説,,,（上世の巻）,,,,,,日高重孝,日向今昔物語,橘百貨店出版部,昭和35,1960,,,,
鬼八法師の話,鬼八法師の話,伝説,,,（上世の巻）,,,,,,日高重孝,日向今昔物語,橘百貨店出版部,昭和35,1960,,,,
曾我兄弟と伊東氏先祖の話,曾我兄弟と伊東氏先祖の話,伝説,,,（中世の巻）,,,,,,日高重孝,日向今昔物語,橘百貨店出版部,昭和35,1960,,,,
日向の景�C伝説の話,日向の景�C伝説の話,伝説,,,（中世の巻）,,,,,,日高重孝,日向今昔物語,橘百貨店出版部,昭和35,1960,,,,
和泉式部と法華嶽薬師の話,和泉式部と法華嶽薬師の話,伝説,,,（中世の巻）,,,,,,日高重孝,日向今昔物語,橘百貨店出版部,昭和35,1960,,,,
祖母山中の皸童子の話,祖母山中の皸童子の話,伝説,,,（中世の巻）,,,,,,日高重孝,日向今昔物語,橘百貨店出版部,昭和35,1960,,,,
椎葉山中の民謡の話,椎葉山中の民謡の話,伝説,,,（中世の巻）,,,,,,日高重孝,日向今昔物語,橘百貨店出版部,昭和35,1960,,,,
足利義昭の日向落ちの話,足利義昭の日向落ちの話,伝説,,,（中世の巻）,,,,,,日高重孝,日向今昔物語,橘百貨店出版部,昭和35,1960,,,,
稚子ヶ池の話,稚子ヶ池の話,伝説,,,（中世の巻）,,,,,,日高重孝,日向今昔物語,橘百貨店出版部,昭和35,1960,,,,
人買に買はれた桜子の話,人買に買はれた桜子の話,伝説,,,（中世の巻）,,,,,,日高重孝,日向今昔物語,橘百貨店出版部,昭和35,1960,,,,
日向における宮方武家方の話,ひなたにおけるみやかたぶけかたのはなし,伝説,,,（中世の巻）,,,,,,日高重孝,日向今昔物語,橘百貨店出版部,昭和35,1960,,,,
伊東三位入道義祐の話,いとうさんいいりみちよしすけのはなし,伝説,,,（中世の巻）,,,,,,日高重孝,日向今昔物語,橘百貨店出版部,昭和35,1960,,,,
秀吉の西征と都城異変の話,秀吉の西征と都城異変の話,伝説,,,（近世の巻）,,,,,,日高重孝,日向今昔物語,橘百貨店出版部,昭和35,1960,,,,
県（延岡）の城主沿革の話,県（延岡）の城主沿革の話,伝説,,,（近世の巻）,,,,,,日高重孝,日向今昔物語,橘百貨店出版部,昭和35,1960,,,,
権藤種盛宮崎篭城の話,権藤種盛宮崎篭城の話,伝説,,,（近世の巻）,,,,,,日高重孝,日向今昔物語,橘百貨店出版部,昭和35,1960,,,,
少年羅馬使節伊東満所の話,少年羅馬使節伊東満所の話,伝説,,,（近世の巻）,,,,,,日高重孝,日向今昔物語,橘百貨店出版部,昭和35,1960,,,,
榎原の神女寿法院の話,榎原の神女寿法院の話,伝説,,,（近世の巻）,,,,,,日高重孝,日向今昔物語,橘百貨店出版部,昭和35,1960,,,,
藩学の話,藩学の話,伝説,,,（近世の巻）,,,,,,日高重孝,日向今昔物語,橘百貨店出版部,昭和35,1960,,,,
百姓一揆の話,百姓一揆の話,伝説,,,（近世の巻）,,,,,,日高重孝,日向今昔物語,橘百貨店出版部,昭和35,1960,,,,
志津摩騒動の話,志津摩騒動の話,伝説,,,（近世の巻）,,,,,,日高重孝,日向今昔物語,橘百貨店出版部,昭和35,1960,,,,
木喰上人の話,もくじきしょうにんのはなし,伝説,,,（近世の巻）,,,,,,日高重孝,日向今昔物語,橘百貨店出版部,昭和35,1960,,,,
宮崎の夏祭りと水掛け地蔵の話,宮崎の夏祭りと水掛け地蔵の話,伝説,,宮崎市,（近世の巻）,,,,,,日高重孝,日向今昔物語,橘百貨店出版部,昭和35,1960,,,,
西郷札と宮崎県再置の話,西郷札と宮崎県再置の話,伝説,,,（近世の巻）,,,,,,日高重孝,日向今昔物語,橘百貨店出版部,昭和35,1960,,,,
跡江の半平どんの話,跡江の半平どんの話,伝説,,宮崎市,（近世の巻）,,,,,,日高重孝,日向今昔物語,橘百貨店出版部,昭和35,1960,,,,
石井十次の話,石井十次の話,伝説,,,（近世の巻）,,,,,,日高重孝,日向今昔物語,橘百貨店出版部,昭和35,1960,,,,
常夏の青島の話,とこなつのちんたおのはなし,伝説,,宮崎市,（近世の巻）,,,,,,日高重孝,日向今昔物語,橘百貨店出版部,昭和35,1960,,,,
神話伝説から見た古代日向の話,神話伝説から見た古代日向の話,伝説,,,（増補）,,,,,,日高重孝,日向今昔物語,橘百貨店出版部,昭和35,1960,,,,
遺跡、遺物から見た日向文化の話,遺跡、遺物から見た日向文化の話,伝説,,,（増補）,,,,,,日高重孝,日向今昔物語,橘百貨店出版部,昭和35,1960,,,,
,,,,,,,,,,,比江島重孝,かっぱ小僧,理論社,昭和35年,1960,https://dl.ndl.go.jp/pid/1639021,,,
,,,,,,,,,,神武天皇の東征と高千穂・阿蘇,滝川政次郎,高千穂・阿蘇,滝川政次郎,昭和35,1960,,,,
ある百姓の遺書,ある百姓の遺書,,,,,,,,比江島重孝,ある百姓の遺書,,民話3-7（22）,,昭和35年7月,1960,,,,
,,,,,,,,,比江島重孝,がけの上の学校,,こども家の光9月号　付録,,昭和35年9月,1960,,,,
,,,,,,,,,比江島重孝,民話　池のかえる,,小学校用校内放送台本集　1学期,実業之日本社,昭和35,1960,,,,
金神,金神,,延岡市,北浦町,,,,,郷田洋文,東九州の行事伝承（六）,,西郊民俗　通巻12号,西郊民俗談話会,昭和35年,1960,怪異・妖怪伝承データベース,,,
子供三人いれば家が傾むく—間引き—,子供三人いれば家が傾むく—間引き—,世間話,,,,,,,,,,日向今と昔,日本放送協会宮崎放送局放送部,昭和36,1961,,,,
佐土原藩贋金造り?末記,佐土原藩贋金造り?末記,世間話,,,,,,,,,,日向今と昔,日本放送協会宮崎放送局放送部,昭和36,1961,,,,
日向の山椒大夫たち,ひなたのさんしょうだゆうたち,世間話,,,,,,,,,,日向今と昔,日本放送協会宮崎放送局放送部,昭和36,1961,,,,
杉安井堰と児玉久右衛門,杉安井堰と児玉久右衛門,世間話,,,,,,,,,,日向今と昔,日本放送協会宮崎放送局放送部,昭和36,1961,,,,
槓峰鉱山記,槓峰鉱山記,世間話,,,,,,,,,,日向今と昔,日本放送協会宮崎放送局放送部,昭和36,1961,,,,
飫肥杉ものがたり,飫肥杉ものがたり,世間話,,,,,,,,,,日向今と昔,日本放送協会宮崎放送局放送部,昭和36,1961,,,,
去川の関,去川の関,世間話,,宮崎市,,,,,,,,日向今と昔,日本放送協会宮崎放送局放送部,昭和36,1961,,,,
安久節,あくたかし,世間話,,,,,,,,,,日向今と昔,日本放送協会宮崎放送局放送部,昭和36,1961,,,,
かくれ念仏,かくれ念仏,世間話,,,,,,,,,,日向今と昔,日本放送協会宮崎放送局放送部,昭和36,1961,,,,
日向かぼちゃのよか嫁女,日向かぼちゃのよか嫁女,世間話,,宮崎市,,,,,,,,日向今と昔,日本放送協会宮崎放送局放送部,昭和36,1961,,,,
西郷札と西南戦争,西郷札と西南戦争,世間話,,,,,,,,,,日向今と昔,日本放送協会宮崎放送局放送部,昭和36,1961,,,,
ヤナ奉行と田の神様,ヤナ奉行と田の神様,世間話,,,,,,,,,,日向今と昔,日本放送協会宮崎放送局放送部,昭和36,1961,,,,
フランス山暴動,フランス山暴動,世間話,,,,,,,,,,日向今と昔,日本放送協会宮崎放送局放送部,昭和36,1961,,,,
古い商人の町本庄,古い商人の町本庄,世間話,,,,,,,,,,日向今と昔,日本放送協会宮崎放送局放送部,昭和36,1961,,,,
植民地日向,植民地日向,世間話,,宮崎市,,,,,,,,日向今と昔,日本放送協会宮崎放送局放送部,昭和36,1961,,,,
佐土原藩の庶民生活,佐土原藩の庶民生活,世間話,,宮崎市,,,,,,,,日向今と昔,日本放送協会宮崎放送局放送部,昭和36,1961,,,,
城ヶ崎今昔,城ヶ崎今昔,世間話,,宮崎市,,,,,,,,日向今と昔,日本放送協会宮崎放送局放送部,昭和36,1961,,,,
山陰百姓逃散始末記,さんいんびゃくしょうにげばらしまつき,世間話,,,,,,,,,,日向今と昔,日本放送協会宮崎放送局放送部,昭和36,1961,,,,
本庄水流用水を作った人々,ほんじょうすいりゅうようすいをつくったひとびと,世間話,,,,,,,,,,日向今と昔,日本放送協会宮崎放送局放送部,昭和36,1961,,,,
日向の土俗信仰,日向の土俗信仰,世間話,,,,,,,,,,日向今と昔,日本放送協会宮崎放送局放送部,昭和36,1961,,,,
延岡藩下級武士と��のぼり猿��,APIエラー: Invalid params,世間話,,,,,,,,,,日向今と昔,日本放送協会宮崎放送局放送部,昭和36,1961,,,,
土呂久鉱山記,とろくこうざんき,世間話,,,,,,,,,,日向今と昔,日本放送協会宮崎放送局放送部,昭和36,1961,,,,
夏の夕焼け舟つなげ,なつのゆうやけぶねつなげ,世間話,,,,,,,,,,日向今と昔,日本放送協会宮崎放送局放送部,昭和36,1961,,,,
椎葉きのうきょう,椎葉きのうきょう,世間話,,,,,,,,,,日向今と昔,日本放送協会宮崎放送局放送部,昭和36,1961,,,,
生きてる風習,生きてる風習,世間話,,,,,,,,,,日向今と昔,日本放送協会宮崎放送局放送部,昭和36,1961,,,,
茶銭葦銭（茶どころ三ヶ所）,茶銭葦銭（茶どころ三ヶ所）,世間話,,,,,,,,,,日向今と昔,日本放送協会宮崎放送局放送部,昭和36,1961,,,,
忘れられた��新しき村��,忘れられた��新しき村��,世間話,,,,,,,,,,日向今と昔,日本放送協会宮崎放送局放送部,昭和36,1961,,,,
共有林を守った人々,共有林を守った人々,世間話,,,,,,,,,,日向今と昔,日本放送協会宮崎放送局放送部,昭和36,1961,,,,
宮崎県誕生,みやざきけんたんじょう,世間話,,,,,,,,,,日向今と昔,日本放送協会宮崎放送局放送部,昭和36,1961,,,,
高千穂郷の神領運動,高千穂郷の神領運動,世間話,,,,,,,,,,日向今と昔,日本放送協会宮崎放送局放送部,昭和36,1961,,,,
日向の農奴（デカン）達,日向の農奴（デカン）達,世間話,,,,,,,,,,日向今と昔,日本放送協会宮崎放送局放送部,昭和36,1961,,,,
串問地方の牧場の変遷,串問地方の牧場の変遷,世間話,,,,,,,,,,日向今と昔,日本放送協会宮崎放送局放送部,昭和36,1961,,,,
二つの小作戦議（飯野・尊木）,ふたつのこさくせんぎ（いいの・みことき）,世間話,,,,,,,,,,日向今と昔,日本放送協会宮崎放送局放送部,昭和36,1961,,,,
おがみや繁盛記,おがみや繁盛記,世間話,,,,,,,,,,日向今と昔,日本放送協会宮崎放送局放送部,昭和36,1961,,,,
,,世間話,,,,,,,,,,日向今と昔,日本放送協会宮崎放送局放送部,昭和36,1961,,,,
高千穂峰と天の岩戸/11,たかちほみねとあまのいわと/11,伝説,,,,,,,,,"藤沢衛彦, 二反長半 編著",少年少女日本伝説全集 8,東京創元社,昭和36,1961,https://dl.ndl.go.jp/pid/2975515,,,
平家村とめくら景清/68,平家村とめくら景清/68,伝説,宮崎市,,,,,,,,"藤沢衛彦, 二反長半 編著",少年少女日本伝説全集 8,東京創元社,昭和36,1961,,,,
キリシタン少年天草四郎/91,キリシタン少年天草四郎/91,伝説,,,,,,,,,"藤沢衛彦, 二反長半 編著",少年少女日本伝説全集 8,東京創元社,昭和36,1961,,,,
河童ひよすえの意地っぱり/126,河童ひよすえの意地っぱり/126,伝説,,,,,,,,,"藤沢衛彦, 二反長半 編著",少年少女日本伝説全集 8,東京創元社,昭和36,1961,,,,
夢買いの六助商人/213,ゆめかいのろくすけしょうにん/213,伝説,,,,,,,,,"藤沢衛彦, 二反長半 編著",少年少女日本伝説全集 8,東京創元社,昭和36,1961,,,,
日当山の侏儒どんどん/218,日当山の侏儒どんどん/218,伝説,,,,,,,,,"藤沢衛彦, 二反長半 編著",少年少女日本伝説全集 8,東京創元社,昭和36,1961,,,,
,,,,,,,,,,,,三股町史,三股町,昭和36,1961,https://dl.ndl.go.jp/pid/2993981/1/150,,,
鶴富屋敷,鶴富屋敷,伝説,椎葉村,,,,,,,,武田静澄 著,日本伝説の旅 下 (近畿・中国・四国・九州) (現代教養文庫),社会思想研究会出版部,昭和37,1962,,,,
カサヤミの式部,カサヤミのしきぶ,伝説,,,,,,,,,武田静澄 著,日本伝説の旅 下 (近畿・中国・四国・九州) (現代教養文庫),社会思想研究会出版部,昭和37,1962,,,,
盲景清,盲景清,伝説,,,,,,,,,武田静澄 著,日本伝説の旅 下 (近畿・中国・四国・九州) (現代教養文庫),社会思想研究会出版部,昭和37,1962,,,,
トドロ滝,トドロたき,伝説,えびの市,えびの市,,,,,,第七編　古蹟名勝伝説,加久藤町郷土誌編纂委員会 編,加久藤町郷土誌,加久藤町,昭和40年,1965,,,,
金松法然様,金松法然様,伝説,えびの市,えびの市,,,,,,第七編　古蹟名勝伝説,加久藤町郷土誌編纂委員会 編,加久藤町郷土誌,加久藤町,昭和40年,1965,,,,
こだん堂の伝説と蛇ケ渕の伝説,こだん堂の伝説と蛇ケ渕の伝説,伝説,えびの市,えびの市,蛇、,,,,,第七編　古蹟名勝伝説,加久藤町郷土誌編纂委員会 編,加久藤町郷土誌,加久藤町,昭和40年,1965,,,,
耳墓伝説,耳墓伝説,伝説,えびの市,えびの市,,,,,,第七編　古蹟名勝伝説,加久藤町郷土誌編纂委員会 編,加久藤町郷土誌,加久藤町,昭和40年,1965,,,,
八反田岡の伝説,八反田岡の伝説,伝説,えびの市,えびの市,,,,,,第七編　古蹟名勝伝説,加久藤町郷土誌編纂委員会 編,加久藤町郷土誌,加久藤町,昭和40年,1965,,,,
彦山の伝説,彦山の伝説,伝説,えびの市,えびの市,,,,,,第七編　古蹟名勝伝説,加久藤町郷土誌編纂委員会 編,加久藤町郷土誌,加久藤町,昭和40年,1965,,,,
イヂチどんの墓の伝説,イヂチどんのはかのでんせつ,伝説,えびの市,えびの市,,,,,,第七編　古蹟名勝伝説,加久藤町郷土誌編纂委員会 編,加久藤町郷土誌,加久藤町,昭和40年,1965,,,,
千石岩と鬼岩,せんごくいわとおにいわ,伝説,えびの市,えびの市,,,,,,第七編　古蹟名勝伝説,加久藤町郷土誌編纂委員会 編,加久藤町郷土誌,加久藤町,昭和40年,1965,,,,
飛諏訪神社の伝説,ひすわじんじゃのでんせつ,伝説,えびの市,えびの市,,,,,,第七編　古蹟名勝伝説,加久藤町郷土誌編纂委員会 編,加久藤町郷土誌,加久藤町,昭和40年,1965,,,,
出水の伝説,出水の伝説,伝説,えびの市,えびの市,,,,,,第七編　古蹟名勝伝説,加久藤町郷土誌編纂委員会 編,加久藤町郷土誌,加久藤町,昭和40年,1965,,,,
水無川の伝説,水無川の伝説,伝説,えびの市,えびの市,,,,,,第七編　古蹟名勝伝説,加久藤町郷土誌編纂委員会 編,加久藤町郷土誌,加久藤町,昭和40年,1965,,,,
西矢倉の伝説,西矢倉の伝説,伝説,えびの市,えびの市,,,,,,第七編　古蹟名勝伝説,加久藤町郷土誌編纂委員会 編,加久藤町郷土誌,加久藤町,昭和40年,1965,,,,
大太鼓踊の伝説,大太鼓踊の伝説,伝説,えびの市,えびの市,,,,,,第七編　古蹟名勝伝説,加久藤町郷土誌編纂委員会 編,加久藤町郷土誌,加久藤町,昭和40年,1965,,,,
法然様の伝説,法然様の伝説,伝説,えびの市,えびの市,,,,,,第七編　古蹟名勝伝説,加久藤町郷土誌編纂委員会 編,加久藤町郷土誌,加久藤町,昭和40年,1965,,,,
経峯権現様の伝説,経峯権現様の伝説,伝説,えびの市,えびの市,,,,,,第七編　古蹟名勝伝説,加久藤町郷土誌編纂委員会 編,加久藤町郷土誌,加久藤町,昭和40年,1965,,,,
魂,魂,伝説,美郷町,美郷町西郷村,,,,,,宮崎県東臼杵郡西郷村,國學院大學民俗学研究会,民俗採訪	通巻昭和38年度号,國學院大學 民俗学研究会,昭和40年,1965,怪異・妖怪伝承データベース,,,
雷,雷,伝説,美郷町,美郷町西郷村,,,,,,宮崎県東臼杵郡西郷村,國學院大學民俗学研究会,民俗採訪	通巻昭和38年度号,國學院大學 民俗学研究会,昭和40年,1965,怪異・妖怪伝承データベース,,,
豊前坊,豊前坊,伝説,美郷町,美郷町西郷村,,,,,,宮崎県東臼杵郡西郷村,國學院大學民俗学研究会,民俗採訪	通巻昭和38年度号,國學院大學 民俗学研究会,昭和40年,1965,怪異・妖怪伝承データベース,,,
蛇，ヤマガラ，カラスヘビ,蛇，ヤマガラ，カラスヘビ,伝説,美郷町,美郷町西郷村,,,,,,宮崎県東臼杵郡西郷村,國學院大學民俗学研究会,民俗採訪	通巻昭和38年度号,國學院大學 民俗学研究会,昭和40年,1965,怪異・妖怪伝承データベース,,,
蛇神つき,蛇神つき,伝説,美郷町,美郷町西郷村,,,,,,宮崎県東臼杵郡西郷村,國學院大學民俗学研究会,民俗採訪	通巻昭和38年度号,國學院大學 民俗学研究会,昭和40年,1965,怪異・妖怪伝承データベース,,,
蛇,蛇,伝説,美郷町,美郷町西郷村,,,,,,宮崎県東臼杵郡西郷村,國學院大學民俗学研究会,民俗採訪	通巻昭和38年度号,國學院大學 民俗学研究会,昭和40年,1965,怪異・妖怪伝承データベース,,,
薬師様,やくしさま,伝説,美郷町,美郷町西郷村,,,,,,宮崎県東臼杵郡西郷村,國學院大學民俗学研究会,民俗採訪	通巻昭和38年度号,國學院大學 民俗学研究会,昭和40年,1965,怪異・妖怪伝承データベース,,,
荒神様,こうじんさま,伝説,美郷町,美郷町西郷村,,,,,,宮崎県東臼杵郡西郷村,國學院大學民俗学研究会,民俗採訪	通巻昭和38年度号,國學院大學 民俗学研究会,昭和40年,1965,怪異・妖怪伝承データベース,,,
荒神さん，外神様,荒神さん，外神様,伝説,美郷町,美郷町西郷村,,,,,,宮崎県東臼杵郡西郷村,國學院大學民俗学研究会,民俗採訪	通巻昭和38年度号,國學院大學 民俗学研究会,昭和40年,1965,怪異・妖怪伝承データベース,,,
猫,ねこ,伝説,美郷町,美郷町西郷村,,,,,,宮崎県東臼杵郡西郷村,國學院大學民俗学研究会,民俗採訪	通巻昭和38年度号,國學院大學 民俗学研究会,昭和40年,1965,怪異・妖怪伝承データベース,,,
猫,ねこ,伝説,美郷町,美郷町西郷村,,,,,,宮崎県東臼杵郡西郷村,國學院大學民俗学研究会,民俗採訪	通巻昭和38年度号,國學院大學 民俗学研究会,昭和40年,1965,怪異・妖怪伝承データベース,,,
狼,狼,伝説,美郷町,美郷町西郷村,,,,,,宮崎県東臼杵郡西郷村,國學院大學民俗学研究会,民俗採訪	通巻昭和38年度号,國學院大學 民俗学研究会,昭和40年,1965,怪異・妖怪伝承データベース,,,
狸,狸,伝説,美郷町,美郷町西郷村,,,,,,宮崎県東臼杵郡西郷村,國學院大學民俗学研究会,民俗採訪	通巻昭和38年度号,國學院大學 民俗学研究会,昭和40年,1965,怪異・妖怪伝承データベース,,,
狸,狸,伝説,美郷町,美郷町西郷村,,,,,,宮崎県東臼杵郡西郷村,國學院大學民俗学研究会,民俗採訪	通巻昭和38年度号,國學院大學 民俗学研究会,昭和40年,1965,怪異・妖怪伝承データベース,,,
狸,狸,伝説,美郷町,美郷町西郷村,,,,,,宮崎県東臼杵郡西郷村,國學院大學民俗学研究会,民俗採訪	通巻昭和38年度号,國學院大學 民俗学研究会,昭和40年,1965,怪異・妖怪伝承データベース,,,
犬神，鼠，蛇，犬,犬神，鼠，蛇，犬,伝説,美郷町,美郷町西郷村,,,,,,宮崎県東臼杵郡西郷村,國學院大學民俗学研究会,民俗採訪	通巻昭和38年度号,國學院大學 民俗学研究会,昭和40年,1965,怪異・妖怪伝承データベース,,,
犬神，犬神持，風持,犬神，犬神持，風持,伝説,美郷町,美郷町西郷村,,,,,,宮崎県東臼杵郡西郷村,國學院大學民俗学研究会,民俗採訪	通巻昭和38年度号,國學院大學 民俗学研究会,昭和40年,1965,怪異・妖怪伝承データベース,,,
犬神,犬神,伝説,美郷町,美郷町西郷村,,,,,,宮崎県東臼杵郡西郷村,國學院大學民俗学研究会,民俗採訪	通巻昭和38年度号,國學院大學 民俗学研究会,昭和40年,1965,怪異・妖怪伝承データベース,,,
犬神,犬神,伝説,美郷町,美郷町西郷村,,,,,,宮崎県東臼杵郡西郷村,國學院大學民俗学研究会,民俗採訪	通巻昭和38年度号,國學院大學 民俗学研究会,昭和40年,1965,怪異・妖怪伝承データベース,,,
犬神,犬神,伝説,美郷町,美郷町西郷村,,,,,,宮崎県東臼杵郡西郷村,國學院大學民俗学研究会,民俗採訪	通巻昭和38年度号,國學院大學 民俗学研究会,昭和40年,1965,怪異・妖怪伝承データベース,,,
犬神,いぬかみ,伝説,美郷町,美郷町西郷村,,,,,,宮崎県東臼杵郡西郷村,國學院大學民俗学研究会,民俗採訪	通巻昭和38年度号,國學院大學 民俗学研究会,昭和40年,1965,怪異・妖怪伝承データベース,,,
犬神,犬神,伝説,美郷町,美郷町西郷村,,,,,,宮崎県東臼杵郡西郷村,國學院大學民俗学研究会,民俗採訪	通巻昭和38年度号,國學院大學 民俗学研究会,昭和40年,1965,怪異・妖怪伝承データベース,,,
火車,火車,伝説,美郷町,美郷町西郷村,,,,,,宮崎県東臼杵郡西郷村,國學院大學民俗学研究会,民俗採訪	通巻昭和38年度号,國學院大學 民俗学研究会,昭和40年,1965,怪異・妖怪伝承データベース,,,
河童,河童,伝説,美郷町,美郷町西郷村,河童、,,,,,宮崎県東臼杵郡西郷村,國學院大學民俗学研究会,民俗採訪	通巻昭和38年度号,國學院大學 民俗学研究会,昭和40年,1965,怪異・妖怪伝承データベース,,,
椀貸淵,椀貸淵,伝説,美郷町,美郷町西郷村,,,,,,宮崎県東臼杵郡西郷村,國學院大學民俗学研究会,民俗採訪	通巻昭和38年度号,國學院大學 民俗学研究会,昭和40年,1965,怪異・妖怪伝承データベース,,,
憑きもの，鼠，蛇,つきもの，ねずみ，へび,伝説,美郷町,美郷町西郷村,,,,,,宮崎県東臼杵郡西郷村,國學院大學民俗学研究会,民俗採訪	通巻昭和38年度号,國學院大學 民俗学研究会,昭和40年,1965,怪異・妖怪伝承データベース,,,
憑きもの，蛇神，犬神，庚申さん，稲荷，ヒダル神,憑きもの，蛇神，犬神，庚申さん，稲荷，ヒダル神,伝説,美郷町,美郷町西郷村,,,,,,宮崎県東臼杵郡西郷村,國學院大學民俗学研究会,民俗採訪	通巻昭和38年度号,國學院大學 民俗学研究会,昭和40年,1965,怪異・妖怪伝承データベース,,,
川のヒト，ヒョウスボ,川のヒト，ヒョウスボ,伝説,美郷町,美郷町西郷村,,,,,,宮崎県東臼杵郡西郷村,國學院大學民俗学研究会,民俗採訪	通巻昭和38年度号,國學院大學 民俗学研究会,昭和40年,1965,怪異・妖怪伝承データベース,,,
川のオゾエモノ,川のオゾエモノ,伝説,美郷町,美郷町西郷村,,,,,,宮崎県東臼杵郡西郷村,國學院大學民俗学研究会,民俗採訪	通巻昭和38年度号,國學院大學 民俗学研究会,昭和40年,1965,怪異・妖怪伝承データベース,,,
山姥,山姥,伝説,美郷町,美郷町西郷村,,,,,,宮崎県東臼杵郡西郷村,國學院大學民俗学研究会,民俗採訪	通巻昭和38年度号,國學院大學 民俗学研究会,昭和40年,1965,怪異・妖怪伝承データベース,,,
山おば,山おば,伝説,美郷町,美郷町西郷村,,,,,,宮崎県東臼杵郡西郷村,國學院大學民俗学研究会,民俗採訪	通巻昭和38年度号,國學院大學 民俗学研究会,昭和40年,1965,怪異・妖怪伝承データベース,,,
山おば,山おば,伝説,美郷町,美郷町西郷村,,,,,,宮崎県東臼杵郡西郷村,國學院大學民俗学研究会,民俗採訪	通巻昭和38年度号,國學院大學 民俗学研究会,昭和40年,1965,怪異・妖怪伝承データベース,,,
山おば,山おば,伝説,美郷町,美郷町西郷村,,,,,,宮崎県東臼杵郡西郷村,國學院大學民俗学研究会,民俗採訪	通巻昭和38年度号,國學院大學 民俗学研究会,昭和40年,1965,怪異・妖怪伝承データベース,,,
太陽,太陽,伝説,美郷町,美郷町西郷村,,,,,,宮崎県東臼杵郡西郷村,國學院大學民俗学研究会,民俗採訪	通巻昭和38年度号,國學院大學 民俗学研究会,昭和40年,1965,怪異・妖怪伝承データベース,,,
地主荒神,じぬしこうじん,伝説,美郷町,美郷町西郷村,,,,,,宮崎県東臼杵郡西郷村,國學院大學民俗学研究会,民俗採訪	通巻昭和38年度号,國學院大學 民俗学研究会,昭和40年,1965,怪異・妖怪伝承データベース,,,
仏様,ほとけさま,伝説,美郷町,美郷町西郷村,,,,,,宮崎県東臼杵郡西郷村,國學院大學民俗学研究会,民俗採訪	通巻昭和38年度号,國學院大學 民俗学研究会,昭和40年,1965,怪異・妖怪伝承データベース,,,
井戸の主人の腰かけ,井戸の主人の腰かけ,伝説,美郷町,美郷町西郷村,,,,,,宮崎県東臼杵郡西郷村,國學院大學民俗学研究会,民俗採訪	通巻昭和38年度号,國學院大學 民俗学研究会,昭和40年,1965,怪異・妖怪伝承データベース,,,
不思議,不思議,伝説,美郷町,美郷町西郷村,,,,,,宮崎県東臼杵郡西郷村,國學院大學民俗学研究会,民俗採訪	通巻昭和38年度号,國學院大學 民俗学研究会,昭和40年,1965,怪異・妖怪伝承データベース,,,
ミサキカゼ,ミサキカゼ,伝説,美郷町,美郷町西郷村,,,,,,宮崎県東臼杵郡西郷村,國學院大學民俗学研究会,民俗採訪	通巻昭和38年度号,國學院大學 民俗学研究会,昭和40年,1965,怪異・妖怪伝承データベース,,,
ミサキカゼ,ミサキカゼ,伝説,美郷町,美郷町西郷村,,,,,,宮崎県東臼杵郡西郷村,國學院大學民俗学研究会,民俗採訪	通巻昭和38年度号,國學院大學 民俗学研究会,昭和40年,1965,怪異・妖怪伝承データベース,,,
ミカン，オゼン,ミカン，オゼン,伝説,美郷町,美郷町西郷村,,,,,,宮崎県東臼杵郡西郷村,國學院大學民俗学研究会,民俗採訪	通巻昭和38年度号,國學院大學 民俗学研究会,昭和40年,1965,怪異・妖怪伝承データベース,,,
ヒョウスボ，セコ,ヒョウスボ，セコ,伝説,美郷町,美郷町西郷村,河童、,,,,,宮崎県東臼杵郡西郷村,國學院大學民俗学研究会,民俗採訪	通巻昭和38年度号,國學院大學 民俗学研究会,昭和40年,1965,怪異・妖怪伝承データベース,,,
ヒョウスボドン，セコボウ,ヒョウスボドン，セコボウ,伝説,美郷町,美郷町西郷村,河童、,,,,,宮崎県東臼杵郡西郷村,國學院大學民俗学研究会,民俗採訪	通巻昭和38年度号,國學院大學 民俗学研究会,昭和40年,1965,怪異・妖怪伝承データベース,,,
ヒョウスボドン，オソキ水神,ヒョウスボドン，オソキ水神,伝説,美郷町,美郷町西郷村,河童、,,,,,宮崎県東臼杵郡西郷村,國學院大學民俗学研究会,民俗採訪	通巻昭和38年度号,國學院大學 民俗学研究会,昭和40年,1965,怪異・妖怪伝承データベース,,,
ヒョウスボドン,ヒョウスボドン,伝説,美郷町,美郷町西郷村,河童、,,,,,宮崎県東臼杵郡西郷村,國學院大學民俗学研究会,民俗採訪	通巻昭和38年度号,國學院大學 民俗学研究会,昭和40年,1965,怪異・妖怪伝承データベース,,,
ヒョウスボ,ヒョウスボ,伝説,美郷町,美郷町西郷村,河童、,,,,,宮崎県東臼杵郡西郷村,國學院大學民俗学研究会,民俗採訪	通巻昭和38年度号,國學院大學 民俗学研究会,昭和40年,1965,怪異・妖怪伝承データベース,,,
ヒョウスボ,ヒョウスボ,伝説,美郷町,美郷町西郷村,河童、,,,,,宮崎県東臼杵郡西郷村,國學院大學民俗学研究会,民俗採訪	通巻昭和38年度号,國學院大學 民俗学研究会,昭和40年,1965,怪異・妖怪伝承データベース,,,
ヒョウスボ,ヒョウスボ,伝説,美郷町,美郷町西郷村,河童、,,,,,宮崎県東臼杵郡西郷村,國學院大學民俗学研究会,民俗採訪	通巻昭和38年度号,國學院大學 民俗学研究会,昭和40年,1965,怪異・妖怪伝承データベース,,,
ヒョウスボ,ヒョウスボ,伝説,美郷町,美郷町西郷村,河童、,,,,,宮崎県東臼杵郡西郷村,國學院大學民俗学研究会,民俗採訪	通巻昭和38年度号,國學院大學 民俗学研究会,昭和40年,1965,怪異・妖怪伝承データベース,,,
ヒョウスボ,ヒョウスボ,伝説,美郷町,美郷町西郷村,河童、,,,,,宮崎県東臼杵郡西郷村,國學院大學民俗学研究会,民俗採訪	通巻昭和38年度号,國學院大學 民俗学研究会,昭和40年,1965,怪異・妖怪伝承データベース,,,
ヒョウスボ,ヒョウスボ,伝説,美郷町,美郷町西郷村,河童、,,,,,宮崎県東臼杵郡西郷村,國學院大學民俗学研究会,民俗採訪	通巻昭和38年度号,國學院大學 民俗学研究会,昭和40年,1965,怪異・妖怪伝承データベース,,,
ヒョウスボ,ヒョウスボ,伝説,美郷町,美郷町西郷村,河童、,,,,,宮崎県東臼杵郡西郷村,國學院大學民俗学研究会,民俗採訪	通巻昭和38年度号,國學院大學 民俗学研究会,昭和40年,1965,怪異・妖怪伝承データベース,,,
ヒョウスボ,ヒョウスボ,伝説,美郷町,美郷町西郷村,河童、,,,,,宮崎県東臼杵郡西郷村,國學院大學民俗学研究会,民俗採訪	通巻昭和38年度号,國學院大學 民俗学研究会,昭和40年,1965,怪異・妖怪伝承データベース,,,
ヒョウスボ,ヒョウスボ,伝説,美郷町,美郷町西郷村,河童、,,,,,宮崎県東臼杵郡西郷村,國學院大學民俗学研究会,民俗採訪	通巻昭和38年度号,國學院大學 民俗学研究会,昭和40年,1965,怪異・妖怪伝承データベース,,,
ヒョウスボ,ヒョウスボ,伝説,美郷町,美郷町西郷村,河童、,,,,,宮崎県東臼杵郡西郷村,國學院大學民俗学研究会,民俗採訪	通巻昭和38年度号,國學院大學 民俗学研究会,昭和40年,1965,怪異・妖怪伝承データベース,,,
ヒョウスボ,ヒョウスボ,伝説,美郷町,美郷町西郷村,河童、,,,,,宮崎県東臼杵郡西郷村,國學院大學民俗学研究会,民俗採訪	通巻昭和38年度号,國學院大學 民俗学研究会,昭和40年,1965,怪異・妖怪伝承データベース,,,
ヒョウスボ,ヒョウスボ,伝説,美郷町,美郷町西郷村,河童、,,,,,宮崎県東臼杵郡西郷村,國學院大學民俗学研究会,民俗採訪	通巻昭和38年度号,國學院大學 民俗学研究会,昭和40年,1965,怪異・妖怪伝承データベース,,,
ヒョウスボ,ヒョウスボ,伝説,美郷町,美郷町西郷村,河童、,,,,,宮崎県東臼杵郡西郷村,國學院大學民俗学研究会,民俗採訪	通巻昭和38年度号,國學院大學 民俗学研究会,昭和40年,1965,怪異・妖怪伝承データベース,,,
ヒョウスボ,ヒョウスボ,伝説,美郷町,美郷町西郷村,河童、,,,,,宮崎県東臼杵郡西郷村,國學院大學民俗学研究会,民俗採訪	通巻昭和38年度号,國學院大學 民俗学研究会,昭和40年,1965,怪異・妖怪伝承データベース,,,
ヒョウスボ,ヒョウスボ,伝説,美郷町,美郷町西郷村,河童、,,,,,宮崎県東臼杵郡西郷村,國學院大學民俗学研究会,民俗採訪	通巻昭和38年度号,國學院大學 民俗学研究会,昭和40年,1965,怪異・妖怪伝承データベース,,,
ヒョウスボ,ヒョウスボ,伝説,美郷町,美郷町西郷村,河童、,,,,,宮崎県東臼杵郡西郷村,國學院大學民俗学研究会,民俗採訪	通巻昭和38年度号,國學院大學 民俗学研究会,昭和40年,1965,怪異・妖怪伝承データベース,,,
ヒョウスボ,ヒョウスボ,伝説,美郷町,美郷町西郷村,河童、,,,,,宮崎県東臼杵郡西郷村,國學院大學民俗学研究会,民俗採訪	通巻昭和38年度号,國學院大學 民俗学研究会,昭和40年,1965,怪異・妖怪伝承データベース,,,
バク，火車,バク，火車,伝説,美郷町,美郷町西郷村,,,,,,宮崎県東臼杵郡西郷村,國學院大學民俗学研究会,民俗採訪	通巻昭和38年度号,國學院大學 民俗学研究会,昭和40年,1965,怪異・妖怪伝承データベース,,,
タテクリカエシ,タテクリカエシ,伝説,美郷町,美郷町西郷村,,,,,,宮崎県東臼杵郡西郷村,國學院大學民俗学研究会,民俗採訪	通巻昭和38年度号,國學院大學 民俗学研究会,昭和40年,1965,怪異・妖怪伝承データベース,,,
タタリ，死霊，ショウ,タタリ，しりょう，ショウ,伝説,美郷町,美郷町西郷村,,,,,,宮崎県東臼杵郡西郷村,國學院大學民俗学研究会,民俗採訪	通巻昭和38年度号,國學院大學 民俗学研究会,昭和40年,1965,怪異・妖怪伝承データベース,,,
クダ狐,クダ狐,伝説,美郷町,美郷町西郷村,,,,,,宮崎県東臼杵郡西郷村,國學院大學民俗学研究会,民俗採訪	通巻昭和38年度号,國學院大學 民俗学研究会,昭和40年,1965,怪異・妖怪伝承データベース,,,
クダ狐,クダ狐,伝説,美郷町,美郷町西郷村,,,,,,宮崎県東臼杵郡西郷村,國學院大學民俗学研究会,民俗採訪	通巻昭和38年度号,國學院大學 民俗学研究会,昭和40年,1965,怪異・妖怪伝承データベース,,,
キンタカコウ，風持ち,キンタカコウ，風持ち,伝説,美郷町,美郷町西郷村,,,,,,宮崎県東臼杵郡西郷村,國學院大學民俗学研究会,民俗採訪	通巻昭和38年度号,國學院大學 民俗学研究会,昭和40年,1965,怪異・妖怪伝承データベース,,,
カゼモチ,カゼモチ,伝説,美郷町,美郷町西郷村,,,,,,宮崎県東臼杵郡西郷村,國學院大學民俗学研究会,民俗採訪	通巻昭和38年度号,國學院大學 民俗学研究会,昭和40年,1965,怪異・妖怪伝承データベース,,,
カゼモチ,カゼモチ,伝説,美郷町,美郷町西郷村,,,,,,宮崎県東臼杵郡西郷村,國學院大學民俗学研究会,民俗採訪	通巻昭和38年度号,國學院大學 民俗学研究会,昭和40年,1965,怪異・妖怪伝承データベース,,,
カザケ，つきもの,カザケ，つきもの,伝説,美郷町,美郷町西郷村,,,,,,宮崎県東臼杵郡西郷村,國學院大學民俗学研究会,民俗採訪	通巻昭和38年度号,國學院大學 民俗学研究会,昭和40年,1965,怪異・妖怪伝承データベース,,,
オトゴエ峠,オトゴエとうげ,伝説,美郷町,美郷町西郷村,,,,,,宮崎県東臼杵郡西郷村,國學院大學民俗学研究会,民俗採訪	通巻昭和38年度号,國學院大學 民俗学研究会,昭和40年,1965,怪異・妖怪伝承データベース,,,
オソキ水神,オソキ水神,伝説,美郷町,美郷町西郷村,,,,,,宮崎県東臼杵郡西郷村,國學院大學民俗学研究会,民俗採訪	通巻昭和38年度号,國學院大學 民俗学研究会,昭和40年,1965,怪異・妖怪伝承データベース,,,
オソキタロウ,オソキタロウ,伝説,美郷町,美郷町西郷村,,,,,,宮崎県東臼杵郡西郷村,國學院大學民俗学研究会,民俗採訪	通巻昭和38年度号,國學院大學 民俗学研究会,昭和40年,1965,怪異・妖怪伝承データベース,,,
オセリ様,オセリ様,伝説,美郷町,美郷町西郷村,,,,,,宮崎県東臼杵郡西郷村,國學院大學民俗学研究会,民俗採訪	通巻昭和38年度号,國學院大學 民俗学研究会,昭和40年,1965,怪異・妖怪伝承データベース,,,
ひだる神,ひだる神,伝説,美郷町,美郷町西郷村,,,,,,宮崎県東臼杵郡西郷村,國學院大學民俗学研究会,民俗採訪	通巻昭和38年度号,國學院大學 民俗学研究会,昭和40年,1965,怪異・妖怪伝承データベース,,,
たたり,たたり,伝説,美郷町,美郷町西郷村,,,,,,宮崎県東臼杵郡西郷村,國學院大學民俗学研究会,民俗採訪	通巻昭和38年度号,國學院大學 民俗学研究会,昭和40年,1965,怪異・妖怪伝承データベース,,,
(臨死体験),(りんしたいけん),伝説,美郷町,美郷町西郷村,,,,,,宮崎県東臼杵郡西郷村,國學院大學民俗学研究会,民俗採訪	通巻昭和38年度号,國學院大學 民俗学研究会,昭和40年,1965,怪異・妖怪伝承データベース,,,
(臨死体験),(臨死体験),伝説,美郷町,美郷町西郷村,,,,,,宮崎県東臼杵郡西郷村,國學院大學民俗学研究会,民俗採訪	通巻昭和38年度号,國學院大學 民俗学研究会,昭和40年,1965,怪異・妖怪伝承データベース,,,
(子どもが迷ったとき),(子どもが迷ったとき),伝説,美郷町,美郷町西郷村,,,,,,宮崎県東臼杵郡西郷村,國學院大學民俗学研究会,民俗採訪	通巻昭和38年度号,國學院大學 民俗学研究会,昭和40年,1965,怪異・妖怪伝承データベース,,,
(俗信),(俗信),伝説,美郷町,美郷町西郷村,,,,,,宮崎県東臼杵郡西郷村,國學院大學民俗学研究会,民俗採訪	通巻昭和38年度号,國學院大學 民俗学研究会,昭和40年,1965,怪異・妖怪伝承データベース,,,
(俗信),(俗信),伝説,美郷町,美郷町西郷村,,,,,,宮崎県東臼杵郡西郷村,國學院大學民俗学研究会,民俗採訪	通巻昭和38年度号,國學院大學 民俗学研究会,昭和40年,1965,怪異・妖怪伝承データベース,,,
はしがき/1,はしがき/1,昔話,,,めでたしめでたし,,,,,,比江島重孝,日向の民話第2集（日本の民話43）,未来社,昭和42,1967,,,,
めでたし めでたし,めでたし めでたし,昔話,,,,,,,,,比江島重孝,日向の民話第2集（日本の民話43）,未来社,昭和42,1967,,,,
これはどっこい/13,これはどっこい/13,昔話,,,,,,,,,比江島重孝,日向の民話第2集（日本の民話43）,未来社,昭和42,1967,,,,
祝い めでたや 若松さまよ/21,祝い めでたや 若松さまよ/21,昔話,,,,,,,,,比江島重孝,日向の民話第2集（日本の民話43）,未来社,昭和42,1967,,,,
福面と小判/28,ふくめんとこばん/28,昔話,,,,,,,,,比江島重孝,日向の民話第2集（日本の民話43）,未来社,昭和42,1967,,,,
竜宮土産の三毛猫/32,竜宮土産の三毛猫/32,昔話,,,,,,,,,比江島重孝,日向の民話第2集（日本の民話43）,未来社,昭和42,1967,,,,
つゆおか寺/39,つゆおか寺/39,昔話,,,,,,,,,比江島重孝,日向の民話第2集（日本の民話43）,未来社,昭和42,1967,,,,
鵜戸さん参り/44,鵜戸さん参り/44,昔話,,,,,,,,,比江島重孝,日向の民話第2集（日本の民話43）,未来社,昭和42,1967,,,,
大木におかげなし/49,大木におかげなし/49,昔話,,,,,,,,,比江島重孝,日向の民話第2集（日本の民話43）,未来社,昭和42,1967,,,,
蛸取り八左衛門/54,たこどりはちさえもん/54,昔話,,,,,,,,,比江島重孝,日向の民話第2集（日本の民話43）,未来社,昭和42,1967,,,,
奇しき色の大鹿/61,奇しき色の大鹿/61,昔話,,,,,,,,,比江島重孝,日向の民話第2集（日本の民話43）,未来社,昭和42,1967,,,,
小間物屋彦兵衛/68,こまものやひこへい/68,昔話,,,,,,,,,比江島重孝,日向の民話第2集（日本の民話43）,未来社,昭和42,1967,,,,
三人兄弟/73,三人兄弟/73,昔話,,,蛇、,,,,,,比江島重孝,日向の民話第2集（日本の民話43）,未来社,昭和42,1967,,,,
千石船に米千石/80,千石船に米千石/80,昔話,,,,,,,,,比江島重孝,日向の民話第2集（日本の民話43）,未来社,昭和42,1967,,,,
蛇女房/83,蛇女房/83,昔話,,,,,,,,,比江島重孝,日向の民話第2集（日本の民話43）,未来社,昭和42,1967,,,,
生命の恩人/90,せいめいのおんじん/90,昔話,,,,,,,,,比江島重孝,日向の民話第2集（日本の民話43）,未来社,昭和42,1967,,,,
金の神様/97,金の神様/97,昔話,,,,,,,,,比江島重孝,日向の民話第2集（日本の民話43）,未来社,昭和42,1967,,,,
血泥が池の善左衛門/102,血泥が池の善左衛門/102,昔話,,,わらえ笑え,,,,,,比江島重孝,日向の民話第2集（日本の民話43）,未来社,昭和42,1967,,,,
ばっちょ笠/106,ばっちょ笠/106,昔話,,,,,,,,,比江島重孝,日向の民話第2集（日本の民話43）,未来社,昭和42,1967,,,,
わらえ 笑え,わらえ 笑え,昔話,,,,,,,,,比江島重孝,日向の民話第2集（日本の民話43）,未来社,昭和42,1967,,,,
ああ はくしょん ブー/111,ああ はくしょん ブー/111,昔話,,,,,,,,,比江島重孝,日向の民話第2集（日本の民話43）,未来社,昭和42,1967,,,,
その手は食わん/118,そのてはくわん/118,昔話,,,,,,,,,比江島重孝,日向の民話第2集（日本の民話43）,未来社,昭和42,1967,,,,
鉢引きの馬/124,鉢引きの馬/124,昔話,,,,,,,,,比江島重孝,日向の民話第2集（日本の民話43）,未来社,昭和42,1967,,,,
エビの腰はなぜまがった/129,エビの腰はなぜまがった/129,昔話,,,,,,,,,比江島重孝,日向の民話第2集（日本の民話43）,未来社,昭和42,1967,,,,
かくれ蓑かくれ笠/134,かくれ蓑かくれ笠/134,昔話,,,,,,,,,比江島重孝,日向の民話第2集（日本の民話43）,未来社,昭和42,1967,,,,
馬鹿どんの大阪見物/141,ばかどんのおおさかけんぶつ/141,昔話,,,,,,,,,比江島重孝,日向の民話第2集（日本の民話43）,未来社,昭和42,1967,,,,
首のおめしかえ/144,首のおめしかえ/144,昔話,,,,,,,,,比江島重孝,日向の民話第2集（日本の民話43）,未来社,昭和42,1967,,,,
ながし みじかし/146,ながし みじかし/146,昔話,,,,,,,,,比江島重孝,日向の民話第2集（日本の民話43）,未来社,昭和42,1967,,,,
とろんこ とんとん/149,とろんこ とんとん/149,昔話,,,,,,,,,比江島重孝,日向の民話第2集（日本の民話43）,未来社,昭和42,1967,,,,
月毛の馬/152,つきげのうま/152,昔話,,,,,,,,,比江島重孝,日向の民話第2集（日本の民話43）,未来社,昭和42,1967,,,,
鮎の塩から/154,鮎の塩から/154,昔話,,,,,,,,,比江島重孝,日向の民話第2集（日本の民話43）,未来社,昭和42,1967,,,,
馬と古ナベ/158,馬と古ナベ/158,昔話,,,,,,,,,比江島重孝,日向の民話第2集（日本の民話43）,未来社,昭和42,1967,,,,
狐の嫁入り/167,きつねのよめいり/167,昔話,,,,,,,,,比江島重孝,日向の民話第2集（日本の民話43）,未来社,昭和42,1967,,,,
天狗さまの鼻はなぜ赤い/170,天狗さまの鼻はなぜ赤い/170,昔話,,,,,,,,,比江島重孝,日向の民話第2集（日本の民話43）,未来社,昭和42,1967,,,,
河豚料理/174,河豚料理/174,昔話,,,,,,,,,比江島重孝,日向の民話第2集（日本の民話43）,未来社,昭和42,1967,,,,
殿の稚児/176,殿の稚児/176,昔話,,,,,,,,,比江島重孝,日向の民話第2集（日本の民話43）,未来社,昭和42,1967,,,,
ほら吹き/178,ほら吹き/178,昔話,,,,,,,,,比江島重孝,日向の民話第2集（日本の民話43）,未来社,昭和42,1967,,,,
八畝六歩/180,八せ六ほ/180,昔話,,,,,,,,,比江島重孝,日向の民話第2集（日本の民話43）,未来社,昭和42,1967,,,,
十六把/183,十六把/183,昔話,,,,,,,,,比江島重孝,日向の民話第2集（日本の民話43）,未来社,昭和42,1967,,,,
キンスの鼻は切られ損/185,キンスの鼻は切られ損/185,昔話,,,,,,,,,比江島重孝,日向の民話第2集（日本の民話43）,未来社,昭和42,1967,,,,
とくぞすのつけ/187,とくぞすのつけ/187,昔話,,,,,,,,,比江島重孝,日向の民話第2集（日本の民話43）,未来社,昭和42,1967,,,,
天狗の鼻はなぜ高い/190,てんぐのはなはなぜたかい/190,昔話,,,,,,,,,比江島重孝,日向の民話第2集（日本の民話43）,未来社,昭和42,1967,,,,
尻あぶり/192,尻あぶり/192,昔話,,,,,,,,,比江島重孝,日向の民話第2集（日本の民話43）,未来社,昭和42,1967,,,,
茅屋根ふき/194,かややねふき/194,昔話,,,,,,,,,比江島重孝,日向の民話第2集（日本の民話43）,未来社,昭和42,1967,,,,
蜘蛛の巣に踏み臼/196,蜘蛛の巣に踏み臼/196,昔話,,,,,,,,,比江島重孝,日向の民話第2集（日本の民話43）,未来社,昭和42,1967,,,,
じんじん じんきち,じんじん じんきち,昔話,,,,,,,,,比江島重孝,日向の民話第2集（日本の民話43）,未来社,昭和42,1967,,,,
ぼんぜん猿/199,ぼんぜん猿/199,昔話,,,,,,,,,比江島重孝,日向の民話第2集（日本の民話43）,未来社,昭和42,1967,,,,
飛脚と狼/206,ひきゃくとおおかみ/206,昔話,,,,,,,,,比江島重孝,日向の民話第2集（日本の民話43）,未来社,昭和42,1967,,,,
ばあさんに化けた赤猫/211,ばあさんに化けた赤猫/211,昔話,,,,,,,,,比江島重孝,日向の民話第2集（日本の民話43）,未来社,昭和42,1967,,,,
アッパ正右衛門/216,アッパ正右衛門/216,昔話,,,,,,,,,比江島重孝,日向の民話第2集（日本の民話43）,未来社,昭和42,1967,,,,
文吉の変化退治/218,システムエラー: Exception: Address unavailable: https://jlp.yahooapis.jp/FuriganaService/V2/furigana?appid=dmVyPTIwMjUwNyZpZD1MM3lYSGRnTzVBJmhhc2g9Tm1Wa00yTmxPVFl5TldObU5HSmxOdw,昔話,,,,,,,,,比江島重孝,日向の民話第2集（日本の民話43）,未来社,昭和42,1967,,,,
火車がつかむ/222,火車がつかむ/222,昔話,,,,,,,,,比江島重孝,日向の民話第2集（日本の民話43）,未来社,昭和42,1967,,,,
もう いいかい/223,もう いいかい/223,昔話,,,,,,,,,比江島重孝,日向の民話第2集（日本の民話43）,未来社,昭和42,1967,,,,
猫股/224,猫股/224,昔話,,,,,,,,,比江島重孝,日向の民話第2集（日本の民話43）,未来社,昭和42,1967,,,,
由井正雪/227,ゆいしょうせつ/227,昔話,,,,,,,,,比江島重孝,日向の民話第2集（日本の民話43）,未来社,昭和42,1967,,,,
朱塗りの杯/231,朱塗りの杯/231,昔話,,,,,,,,,比江島重孝,日向の民話第2集（日本の民話43）,未来社,昭和42,1967,,,,
ひょうすんぼ/234,ひょうすんぼ/234,昔話,,,,,,,,,比江島重孝,日向の民話第2集（日本の民話43）,未来社,昭和42,1967,,,,
盗人の法/236,盗人の法/236,昔話,,,,,,,,,比江島重孝,日向の民話第2集（日本の民話43）,未来社,昭和42,1967,,,,
河童のくすり/238,かっぱのくすり/238,昔話,,,,,,,,,比江島重孝,日向の民話第2集（日本の民話43）,未来社,昭和42,1967,,,,
タコと蛇/240,タコと蛇/240,昔話,,,,,,,,,比江島重孝,日向の民話第2集（日本の民話43）,未来社,昭和42,1967,,,,
カラスと猫どん/242,カラスと猫どん/242,昔話,,,,,,,,,比江島重孝,日向の民話第2集（日本の民話43）,未来社,昭和42,1967,,,,
ぬすと猫/243,ぬすと猫/243,昔話,,,,,,,,,比江島重孝,日向の民話第2集（日本の民話43）,未来社,昭和42,1967,,,,
松八重婆/246,松八重婆/246,昔話,,,,,,,,,比江島重孝,日向の民話第2集（日本の民話43）,未来社,昭和42,1967,,,,
本流瀬/247,ほんりゅうせ/247,昔話,,,,,,,,,比江島重孝,日向の民話第2集（日本の民話43）,未来社,昭和42,1967,,,,
白見と銀鏡/248,白見と銀鏡/248,昔話,,,,,,,,,比江島重孝,日向の民話第2集（日本の民話43）,未来社,昭和42,1967,,,,
穂北/250,穂北/250,昔話,,,,,,,,,比江島重孝,日向の民話第2集（日本の民話43）,未来社,昭和42,1967,,,,
わらべうた/251,わらべうた/251,昔話,,,,,,,,,比江島重孝,日向の民話第2集（日本の民話43）,未来社,昭和42,1967,,,,
カッパ（河童）,カッパ（河童）,,,椎葉村,,,日下部久子,,,,熊本商科大学民俗学会,椎葉・壱岐 (民俗調査報告),熊本商科大学民俗学会,昭和42,1967,,,,
,,,,,,,,,,,熊本商科大学民俗学会,椎葉・壱岐 (民俗調査報告),熊本商科大学民俗学会,昭和42,1967,,,,
,,,,,,,,,,,ロバート．Ｊアダムス,日向民俗−昔ばなし−特輯(1）,日向民俗学会,昭和42,1967,,,,
,,,,,,,,,,,ロバート．Ｊアダムス,日向民俗−昔ばなし−特輯(2),日向民俗学会,昭和43,1968,,,,
,,,,,,,,,比江島重孝,古老の言葉,日本放送協会宮罪放送局編,宮崎きのうきょう　6（南方手帳シリーズ18）,宮崎芸術創作家協会,昭和44,1969,,,,
神話の日向の国/3,神話の日向の国/3,世間話,,,,,,,,,石川恒太郎,日向ものしり帳,宮崎放送,昭和45,1970,,,,
各藩のお家騒動/20,各藩のお家騒動/20,世間話,,,,,,,,,石川恒太郎,日向ものしり帳,宮崎放送,昭和45,1970,,,,
合戦物語/31,合戦物語/31,世間話,,,,,,,,,石川恒太郎,日向ものしり帳,宮崎放送,昭和45,1970,,,,
日向の産業/43,ひなたのさんぎょう/43,世間話,,,,,,,,,石川恒太郎,日向ものしり帳,宮崎放送,昭和45,1970,,,,
用水物語/78,用水物語/78,世間話,,,,,,,,,石川恒太郎,日向ものしり帳,宮崎放送,昭和45,1970,,,,
日向の米/90,日向の米/90,世間話,,,,,,,,,石川恒太郎,日向ものしり帳,宮崎放送,昭和45,1970,,,,
日向の酒/101,ひなたのさけ/101,世間話,,,,,,,,,石川恒太郎,日向ものしり帳,宮崎放送,昭和45,1970,,,,
キリスト教と日向/114,キリスト教と日向/114,世間話,,,,,,,,,石川恒太郎,日向ものしり帳,宮崎放送,昭和45,1970,,,,
西南戦争こぼれ話/126,せいなんせんそうこぼればなし/126,世間話,,,,,,,,,石川恒太郎,日向ものしり帳,宮崎放送,昭和45,1970,,,,
学校の歴史/134,学校の歴史/134,世間話,,,,,,,,,石川恒太郎,日向ものしり帳,宮崎放送,昭和45,1970,,,,
日向で出版された書物/156,日向で出版された書物/156,世間話,,,,,,,,,石川恒太郎,日向ものしり帳,宮崎放送,昭和45,1970,,,,
鉱山の歴史/164,こうざんのれきし/164,世間話,,,,,,,,,石川恒太郎,日向ものしり帳,宮崎放送,昭和45,1970,,,,
海上交通の歴史/174,海上交通の歴史/174,世間話,,,,,,,,,石川恒太郎,日向ものしり帳,宮崎放送,昭和45,1970,,,,
日向の文化財/192,ひなたのぶんかざい/192,世間話,,,,,,,,,石川恒太郎,日向ものしり帳,宮崎放送,昭和45,1970,,,,
火災の歴史/209,火災の歴史/209,世間話,,,,,,,,,石川恒太郎,日向ものしり帳,宮崎放送,昭和45,1970,,,,
日向のおもな災害/227,日向のおもな災害/227,世間話,,,,,,,,,石川恒太郎,日向ものしり帳,宮崎放送,昭和45,1970,,,,
洪水の歴史/235,洪水の歴史/235,世間話,,,,,,,,,石川恒太郎,日向ものしり帳,宮崎放送,昭和45,1970,,,,
日向の騒擾事件/246,日向の騒擾事件/246,世間話,,,,,,,,,石川恒太郎,日向ものしり帳,宮崎放送,昭和45,1970,,,,
士族授産事業/257,士族授産事業/257,世間話,,,,,,,,,石川恒太郎,日向ものしり帳,宮崎放送,昭和45,1970,,,,
銀行以前の金融機関/268,銀行以前の金融機関/268,世間話,,,,,,,,,石川恒太郎,日向ものしり帳,宮崎放送,昭和45,1970,,,,
日向の名僧/289,日向の名僧/289,世間話,,,,,,,,,石川恒太郎,日向ものしり帳,宮崎放送,昭和45,1970,,,,
日向の刀工/300,日向の刀工/300,世間話,,,,,,,,,石川恒太郎,日向ものしり帳,宮崎放送,昭和45,1970,,,,
高名な女性たち/311,高名な女性たち/311,世間話,,,,,,,,,石川恒太郎,日向ものしり帳,宮崎放送,昭和45,1970,,,,
明治初年に留学した人々/332,めいじしょねんにりゅうがくしたひとびと/332,世間話,,,,,,,,,石川恒太郎,日向ものしり帳,宮崎放送,昭和45,1970,,,,
明治時代に留学した人々/343,明治時代に留学した人々/343,世間話,,,,,,,,,石川恒太郎,日向ものしり帳,宮崎放送,昭和45,1970,,,,
宮崎県ができるまで/356,宮崎県ができるまで/356,世間話,,,,,,,,,石川恒太郎,日向ものしり帳,宮崎放送,昭和45,1970,,,,
春祭り/367,はるまつり/367,世間話,,,,,,,,,石川恒太郎,日向ものしり帳,宮崎放送,昭和45,1970,,,,
夏祭り/378,なつまつり/378,世間話,,,,,,,,,石川恒太郎,日向ものしり帳,宮崎放送,昭和45,1970,,,,
秋祭り/387,秋祭り/387,世間話,,,,,,,,,石川恒太郎,日向ものしり帳,宮崎放送,昭和45,1970,,,,
正月ばなし/395,正月ばなし/395,世間話,,,,,,,,,石川恒太郎,日向ものしり帳,宮崎放送,昭和45,1970,,,,
幽霊の話/409,幽霊の話/409,世間話,,,,,,,,,石川恒太郎,日向ものしり帳,宮崎放送,昭和45,1970,,,,
河童の伝説/420,河童の伝説/420,伝説,,,,,,,,,石川恒太郎,日向ものしり帳,宮崎放送,昭和45,1970,,,,
狐の民話/431,きつねのみんわ/431,昔話,,,,,,,,,石川恒太郎,日向ものしり帳,宮崎放送,昭和45,1970,,,,
狐の伝説/442,狐の伝説/442,伝説,,,,,,,,,石川恒太郎,日向ものしり帳,宮崎放送,昭和45,1970,,,,
蛇の伝説/454,蛇の伝説/454,伝説,,,,,,,,,石川恒太郎,日向ものしり帳,宮崎放送,昭和45,1970,,,,
海にちなむ民話/465,うみにちなむみんわ/465,昔話,,,,,,,,,石川恒太郎,日向ものしり帳,宮崎放送,昭和45,1970,,,,
落人伝説/476,おちうどでんせつ/476,伝説,,,,,,,,,石川恒太郎,日向ものしり帳,宮崎放送,昭和45,1970,,,,
滝の伝説/487,滝の伝説/487,伝説,,,,,,,,,石川恒太郎,日向ものしり帳,宮崎放送,昭和45,1970,,,,
郷土がん具の由来/498,きょうどがんぐのゆらい/498,伝説,,,,,,,,,石川恒太郎,日向ものしり帳,宮崎放送,昭和45,1970,,,,
,,,,,,,,,,,妻高等学校郷土史研究部第２９部報,ふるさとの民話−民話特集号,妻高等学校郷土史研究部,昭和45,1970,,,,
,,,,,,,,,,,妻高等学校郷土史研究部,宮崎の昔話,妻高等学校郷土史研究部,昭和45,1970,,,,
,,,,,,,,,,,橋口与蔵,動乱の諸県,橋口与蔵,昭和45,1970,,,,
,,,,,,,,,,,比江島重孝,これは　どっこい,さ・え・ら書房,昭和46年,1971,https://www.lib.pref.miyazaki.lg.jp/winj/opac/switch-detail.do?idx=2,,,
,,,,,,,,,,,比江島重孝,荒野の少年,教文堂,昭和46年,1971,https://dl.ndl.go.jp/pid/12928280,,,
,,,,,,,,,比江島重孝,,小さい旗同人／編,犬となでしこの服と和平どん(児童文学同人誌シリーズ8),牧書店,昭和46年4月,1971,,,,
子供三人いれば家が傾むく―間引き―/p1,子供三人いれば家が傾むく―間引き―/p1,世間話,,,,,,,,,,日向今と昔,日本放送協会宮崎放送局放送部,昭和46,1971,https://dl.ndl.go.jp/pid/2993982,,,
佐土原藩贋金造り顚末記/p4,佐土原藩贋金造り顚末記/p4,世間話,,,,,,,,,,日向今と昔,日本放送協会宮崎放送局放送部,昭和46,1971,https://dl.ndl.go.jp/pid/2993982,,,
日向の山椒大夫たち/p10,日向の山椒大夫たち/p10,世間話,,,,,,,,,,日向今と昔,日本放送協会宮崎放送局放送部,昭和46,1971,https://dl.ndl.go.jp/pid/2993982,,,
杉安井堰と児玉久右衛門/p14,杉安井堰と児玉久右衛門/p14,世間話,,,,,,,,,,日向今と昔,日本放送協会宮崎放送局放送部,昭和46,1971,https://dl.ndl.go.jp/pid/2993982,,,
槓峰鉱山記/p19,槓峰鉱山記/p19,世間話,,,,,,,,,,日向今と昔,日本放送協会宮崎放送局放送部,昭和46,1971,https://dl.ndl.go.jp/pid/2993982,,,
妖肥杉ものがたり/p24,妖肥杉ものがたり/p24,世間話,,,,,,,,,,日向今と昔,日本放送協会宮崎放送局放送部,昭和46,1971,https://dl.ndl.go.jp/pid/2993982,,,
去川の関/p28,さるかわのせき/p28,世間話,,,,,,,,,,日向今と昔,日本放送協会宮崎放送局放送部,昭和46,1971,https://dl.ndl.go.jp/pid/2993982,,,
安久節/p31,安久節/p31,世間話,,,,,,,,,,日向今と昔,日本放送協会宮崎放送局放送部,昭和46,1971,https://dl.ndl.go.jp/pid/2993982,,,
かくれ念仏/p34,かくれ念仏/p34,世間話,,,,,,,,,,日向今と昔,日本放送協会宮崎放送局放送部,昭和46,1971,https://dl.ndl.go.jp/pid/2993982,,,
日向かぼちゃのよか嫁女/p38,ひなたかぼちゃのよかよめじょ/p38,世間話,,,,,,,,,,日向今と昔,日本放送協会宮崎放送局放送部,昭和46,1971,https://dl.ndl.go.jp/pid/2993982,,,
西郷札と西南戦争/p42,西郷札と西南戦争/p42,世間話,,,,,,,,,,日向今と昔,日本放送協会宮崎放送局放送部,昭和46,1971,https://dl.ndl.go.jp/pid/2993982,,,
ヤナ奉行と田の神様/p46,ヤナ奉行と田の神様/p46,世間話,,,,,,,,,,日向今と昔,日本放送協会宮崎放送局放送部,昭和46,1971,https://dl.ndl.go.jp/pid/2993982,,,
フランス山暴動/p50,フランス山暴動/p50,世間話,,,,,,,,,,日向今と昔,日本放送協会宮崎放送局放送部,昭和46,1971,https://dl.ndl.go.jp/pid/2993982,,,
古い商人の町本庄/p54,古い商人の町本庄/p54,世間話,,,,,,,,,,日向今と昔,日本放送協会宮崎放送局放送部,昭和46,1971,https://dl.ndl.go.jp/pid/2993982,,,
植民地日向/p58,しょくみんちひなた/p58,世間話,,,,,,,,,,日向今と昔,日本放送協会宮崎放送局放送部,昭和46,1971,https://dl.ndl.go.jp/pid/2993982,,,
佐土原藩の庶民生活/p62,佐土原藩の庶民生活/p62,世間話,,,,,,,,,,日向今と昔,日本放送協会宮崎放送局放送部,昭和46,1971,https://dl.ndl.go.jp/pid/2993982,,,
城ヶ崎今昔/p66,城ヶ崎今昔/p66,世間話,,,,,,,,,,日向今と昔,日本放送協会宮崎放送局放送部,昭和46,1971,https://dl.ndl.go.jp/pid/2993982,,,
山陰百姓逃散始末記/p70,山陰百姓逃散始末記/p70,世間話,,,,,,,,,,日向今と昔,日本放送協会宮崎放送局放送部,昭和46,1971,https://dl.ndl.go.jp/pid/2993982,,,
本庄水流用水を作った人々/p74,本庄水流用水を作った人々/p74,世間話,,,,,,,,,,日向今と昔,日本放送協会宮崎放送局放送部,昭和46,1971,https://dl.ndl.go.jp/pid/2993982,,,
日向の土俗信仰/p78,日向の土俗信仰/p78,世間話,,,,,,,,,,日向今と昔,日本放送協会宮崎放送局放送部,昭和46,1971,https://dl.ndl.go.jp/pid/2993982,,,
延岡藩下級武士と〝のぼり猿〟/p81,延岡藩下級武士と〝のぼり猿〟/p81,世間話,,,,,,,,,,日向今と昔,日本放送協会宮崎放送局放送部,昭和46,1971,https://dl.ndl.go.jp/pid/2993982,,,
土呂久鉱山記/p85,土呂久鉱山記/p85,世間話,,,,,,,,,,日向今と昔,日本放送協会宮崎放送局放送部,昭和46,1971,https://dl.ndl.go.jp/pid/2993982,,,
夏の夕焼け舟つなげ/p89,なつのゆうやけぶねつなげ/p89,世間話,,,,,,,,,,日向今と昔,日本放送協会宮崎放送局放送部,昭和46,1971,https://dl.ndl.go.jp/pid/2993982,,,
椎葉きのうきょう/p92,椎葉きのうきょう/p92,世間話,,,,,,,,,,日向今と昔,日本放送協会宮崎放送局放送部,昭和46,1971,https://dl.ndl.go.jp/pid/2993982,,,
生きてる風習/p95,生きてる風習/p95,世間話,,,,,,,,,,日向今と昔,日本放送協会宮崎放送局放送部,昭和46,1971,https://dl.ndl.go.jp/pid/2993982,,,
茶銭葦銭（茶どころ三ヶ所）/p99,茶銭葦銭（茶どころ三ヶ所）/p99,世間話,,,,,,,,,,日向今と昔,日本放送協会宮崎放送局放送部,昭和46,1971,https://dl.ndl.go.jp/pid/2993982,,,
忘れられた〝新しき村〟/p102,忘れられた〝新しき村〟/p102,世間話,,,,,,,,,,日向今と昔,日本放送協会宮崎放送局放送部,昭和46,1971,https://dl.ndl.go.jp/pid/2993982,,,
共有林を守った人々/p106,共有林を守った人々/p106,世間話,,,,,,,,,,日向今と昔,日本放送協会宮崎放送局放送部,昭和46,1971,https://dl.ndl.go.jp/pid/2993982,,,
宮崎県誕生/p109,宮崎県誕生/p109,世間話,,,,,,,,,,日向今と昔,日本放送協会宮崎放送局放送部,昭和46,1971,https://dl.ndl.go.jp/pid/2993982,,,
高千穂郷の神領運動/p112,高千穂郷の神領運動/p112,世間話,,,,,,,,,,日向今と昔,日本放送協会宮崎放送局放送部,昭和46,1971,https://dl.ndl.go.jp/pid/2993982,,,
日向の農奴（デカン）達/p115,日向の農奴（デカン）達/p115,世間話,,,,,,,,,,日向今と昔,日本放送協会宮崎放送局放送部,昭和46,1971,https://dl.ndl.go.jp/pid/2993982,,,
串問地方の牧場の変遷/p120,串問地方の牧場の変遷/p120,世間話,,,,,,,,,,日向今と昔,日本放送協会宮崎放送局放送部,昭和46,1971,https://dl.ndl.go.jp/pid/2993982,,,
二つの小作戦議（飯野・尊木）/p121,二つの小作戦議（飯野・尊木）/p121,世間話,,,,,,,,,,日向今と昔,日本放送協会宮崎放送局放送部,昭和46,1971,https://dl.ndl.go.jp/pid/2993982,,,
付記,ふき,世間話,,,,,,,,,,日向今と昔,日本放送協会宮崎放送局放送部,昭和46,1971,https://dl.ndl.go.jp/pid/2993982,,,
おがみや繁盛記/p125,おがみやはんじょうき/p125,世間話,,,,,,,,,,日向今と昔,日本放送協会宮崎放送局放送部,昭和46,1971,https://dl.ndl.go.jp/pid/2993982,,,
,,伝説,,,,,,,,一　日向の傳說序編,鈴木健一郎,日向の伝説　 改訂再刊,文華堂,昭和47,1972,https://dl.ndl.go.jp/pid/12501608,,,
,,伝説,,,,,,,,一　日向の傳說序編,鈴木健一郎,日向の伝説　 改訂再刊,文華堂,昭和47,1972,https://dl.ndl.go.jp/pid/12501608,,,
日向の国名,日向の国名,伝説,,,,,,,,一　日向の傳說序編,鈴木健一郎,日向の伝説　 改訂再刊,文華堂,昭和47,1972,https://dl.ndl.go.jp/pid/12501608,,,
日向の郡名,日向の郡名,伝説,,,,,,,,一　日向の傳說序編,鈴木健一郎,日向の伝説　 改訂再刊,文華堂,昭和47,1972,https://dl.ndl.go.jp/pid/12501608,,,
伊邪那岐命の禊祓,伊邪那岐命の禊祓,伝説,,,,,,,,一　日向の傳說序編,鈴木健一郎,日向の伝説　 改訂再刊,文華堂,昭和47,1972,https://dl.ndl.go.jp/pid/12501608,,,
天孫の御降臨,天孫の御降臨,伝説,,,,,,,,一　日向の傳說序編,鈴木健一郎,日向の伝説　 改訂再刊,文華堂,昭和47,1972,https://dl.ndl.go.jp/pid/12501608,,,
瓊々杵尊と木華開耶姫,瓊々杵尊と木華開耶姫,伝説,,,,,,,,一　日向の傳說序編,鈴木健一郎,日向の伝説　 改訂再刊,文華堂,昭和47,1972,https://dl.ndl.go.jp/pid/12501608,,,
海幸彦と山幸彦,うみさちひことやまさちひこ,伝説,,,,,,,,一　日向の傳說序編,鈴木健一郎,日向の伝説　 改訂再刊,文華堂,昭和47,1972,https://dl.ndl.go.jp/pid/12501608,,,
伊勢や日向の物語,伊勢や日向の物語,伝説,,,,,,,,一　日向の傳說序編,鈴木健一郎,日向の伝説　 改訂再刊,文華堂,昭和47,1972,https://dl.ndl.go.jp/pid/12501608,,,
大人弥五郎,大人弥五郎,伝説,,,,,,,,一　日向の傳說序編,鈴木健一郎,日向の伝説　 改訂再刊,文華堂,昭和47,1972,https://dl.ndl.go.jp/pid/12501608,,,
性空上人,性空上人,伝説,,,,,,,,一　日向の傳說序編,鈴木健一郎,日向の伝説　 改訂再刊,文華堂,昭和47,1972,https://dl.ndl.go.jp/pid/12501608,,,
三田井氏の祖,みたいしのそ,伝説,,,,,,,,一　日向の傳說序編,鈴木健一郎,日向の伝説　 改訂再刊,文華堂,昭和47,1972,https://dl.ndl.go.jp/pid/12501608,,,
髪長媛,髪長媛,伝説,,,,,,,,一　日向の傳說序編,鈴木健一郎,日向の伝説　 改訂再刊,文華堂,昭和47,1972,https://dl.ndl.go.jp/pid/12501608,,,
徳川時代の日向の風俗,徳川時代の日向の風俗,伝説,,,,,,,,一　日向の傳說序編,鈴木健一郎,日向の伝説　 改訂再刊,文華堂,昭和47,1972,https://dl.ndl.go.jp/pid/12501608,,,
生霊の祟り,生霊の祟り,伝説,,,,,,,,一　日向の傳說序編,鈴木健一郎,日向の伝説　 改訂再刊,文華堂,昭和47,1972,https://dl.ndl.go.jp/pid/12501608,,,
薩摩領の旅,薩摩領の旅,伝説,,,,,,,,一　日向の傳說序編,鈴木健一郎,日向の伝説　 改訂再刊,文華堂,昭和47,1972,https://dl.ndl.go.jp/pid/12501608,,,
日向の駒,ひなたのこま,伝説,,,,,,,,一　日向の傳說序編,鈴木健一郎,日向の伝説　 改訂再刊,文華堂,昭和47,1972,https://dl.ndl.go.jp/pid/12501608,,,
琴弾松,琴弾松,伝説,,,,,,,,一　日向の傳說序編,鈴木健一郎,日向の伝説　 改訂再刊,文華堂,昭和47,1972,https://dl.ndl.go.jp/pid/12501608,,,
空を飛んだ怪光,空を飛んだ怪光,伝説,,,,,,,,一　日向の傳說序編,鈴木健一郎,日向の伝説　 改訂再刊,文華堂,昭和47,1972,https://dl.ndl.go.jp/pid/12501608,,,
寛文の大地震,寛文の大地震,伝説,,,,,,,,一　日向の傳說序編,鈴木健一郎,日向の伝説　 改訂再刊,文華堂,昭和47,1972,https://dl.ndl.go.jp/pid/12501608,,,
景清,景清,伝説,,,,,,,,一　日向の傳說序編,鈴木健一郎,日向の伝説　 改訂再刊,文華堂,昭和47,1972,https://dl.ndl.go.jp/pid/12501608,,,
桜川,桜川,伝説,,,,,,,,一　日向の傳說序編,鈴木健一郎,日向の伝説　 改訂再刊,文華堂,昭和47,1972,https://dl.ndl.go.jp/pid/12501608,,,
,,伝説,,東臼杵郡,,,,,,二　東臼杵郡の傳說,鈴木健一郎,日向の伝説　 改訂再刊,文華堂,昭和47,1972,https://dl.ndl.go.jp/pid/12501608,,,
襲々杵尊の御陵墓と神社,襲々杵尊の御陵墓と神社,伝説,,東臼杵郡,,,,,,二　東臼杵郡の傳說,鈴木健一郎,日向の伝説　 改訂再刊,文華堂,昭和47,1972,https://dl.ndl.go.jp/pid/12501608,,,
十代屋敷,じゅうだいやしき,伝説,,東臼杵郡,,,,,,二　東臼杵郡の傳說,鈴木健一郎,日向の伝説　 改訂再刊,文華堂,昭和47,1972,https://dl.ndl.go.jp/pid/12501608,,,
観音庵の観音,観音庵の観音,伝説,,東臼杵郡,,,,,,二　東臼杵郡の傳說,鈴木健一郎,日向の伝説　 改訂再刊,文華堂,昭和47,1972,https://dl.ndl.go.jp/pid/12501608,,,
垂治の社,垂治の社,伝説,,東臼杵郡,,,,,,二　東臼杵郡の傳說,鈴木健一郎,日向の伝説　 改訂再刊,文華堂,昭和47,1972,https://dl.ndl.go.jp/pid/12501608,,,
宮崎合戦の余波,みやざきかっせんのよは,伝説,,東臼杵郡,,,,,,二　東臼杵郡の傳說,鈴木健一郎,日向の伝説　 改訂再刊,文華堂,昭和47,1972,https://dl.ndl.go.jp/pid/12501608,,,
日本武尊賊を行臨に伺つ,日本武尊賊を行臨に伺つ,伝説,,東臼杵郡,,,,,,二　東臼杵郡の傳說,鈴木健一郎,日向の伝説　 改訂再刊,文華堂,昭和47,1972,https://dl.ndl.go.jp/pid/12501608,,,
行縢？行臨神社,行縢？行臨神社,伝説,延岡市,東臼杵郡,,,,,,二　東臼杵郡の傳說,鈴木健一郎,日向の伝説　 改訂再刊,文華堂,昭和47,1972,https://dl.ndl.go.jp/pid/12501608,,,
下舞野神社,下舞野神社,伝説,延岡市,東臼杵郡,,,,,,二　東臼杵郡の傳說,鈴木健一郎,日向の伝説　 改訂再刊,文華堂,昭和47,1972,https://dl.ndl.go.jp/pid/12501608,,,
舞野神社,舞野神社,伝説,延岡市,東臼杵郡,,,,,,二　東臼杵郡の傳說,鈴木健一郎,日向の伝説　 改訂再刊,文華堂,昭和47,1972,https://dl.ndl.go.jp/pid/12501608,,,
三輪神社,三輪神社,伝説,延岡市,東臼杵郡,,,,,,二　東臼杵郡の傳說,鈴木健一郎,日向の伝説　 改訂再刊,文華堂,昭和47,1972,https://dl.ndl.go.jp/pid/12501608,,,
地福寺,地福寺,伝説,延岡市,東臼杵郡,,,,,,二　東臼杵郡の傳說,鈴木健一郎,日向の伝説　 改訂再刊,文華堂,昭和47,1972,https://dl.ndl.go.jp/pid/12501608,,,
日宗本東寺,日宗本東寺,伝説,延岡市,東臼杵郡,,,,,,二　東臼杵郡の傳說,鈴木健一郎,日向の伝説　 改訂再刊,文華堂,昭和47,1972,https://dl.ndl.go.jp/pid/12501608,,,
洪水記念碑,洪水記念碑,伝説,延岡市,東臼杵郡,,,,,,二　東臼杵郡の傳說,鈴木健一郎,日向の伝説　 改訂再刊,文華堂,昭和47,1972,https://dl.ndl.go.jp/pid/12501608,,,
土持氏の祖,つちもちしのそ,伝説,延岡市,東臼杵郡,,,,,,二　東臼杵郡の傳說,鈴木健一郎,日向の伝説　 改訂再刊,文華堂,昭和47,1972,https://dl.ndl.go.jp/pid/12501608,,,
土持・伊東小雨渓に戦う,土持・伊東小雨渓に戦う,伝説,延岡市,東臼杵郡,,,,,,二　東臼杵郡の傳說,鈴木健一郎,日向の伝説　 改訂再刊,文華堂,昭和47,1972,https://dl.ndl.go.jp/pid/12501608,,,
土持氏の子孫,つちもちしのしそん,伝説,延岡市,東臼杵郡,,,,,,二　東臼杵郡の傳說,鈴木健一郎,日向の伝説　 改訂再刊,文華堂,昭和47,1972,https://dl.ndl.go.jp/pid/12501608,,,
土持氏の息女,土持氏の息女,伝説,延岡市,東臼杵郡,,,,,,二　東臼杵郡の傳說,鈴木健一郎,日向の伝説　 改訂再刊,文華堂,昭和47,1972,https://dl.ndl.go.jp/pid/12501608,,,
鮮人を連れ来る,鮮人を連れ来る,伝説,延岡市,東臼杵郡,,,,,,二　東臼杵郡の傳說,鈴木健一郎,日向の伝説　 改訂再刊,文華堂,昭和47,1972,https://dl.ndl.go.jp/pid/12501608,,,
高橋氏の滅亡,高橋氏の滅亡,伝説,延岡市,東臼杵郡,,,,,,二　東臼杵郡の傳說,鈴木健一郎,日向の伝説　 改訂再刊,文華堂,昭和47,1972,https://dl.ndl.go.jp/pid/12501608,,,
昔の延岡の入口,昔の延岡の入口,伝説,延岡市,東臼杵郡,,,,,,二　東臼杵郡の傳說,鈴木健一郎,日向の伝説　 改訂再刊,文華堂,昭和47,1972,https://dl.ndl.go.jp/pid/12501608,,,
川辺の駅址,かわべのえきあと,伝説,延岡市,東臼杵郡,,,,,,二　東臼杵郡の傳說,鈴木健一郎,日向の伝説　 改訂再刊,文華堂,昭和47,1972,https://dl.ndl.go.jp/pid/12501608,,,
剣士小野萬右衛門,剣士小野萬右衛門,伝説,延岡市,東臼杵郡,,,,,,二　東臼杵郡の傳說,鈴木健一郎,日向の伝説　 改訂再刊,文華堂,昭和47,1972,https://dl.ndl.go.jp/pid/12501608,,,
御霊の宮,御霊の宮,伝説,延岡市,東臼杵郡,,,,,,二　東臼杵郡の傳說,鈴木健一郎,日向の伝説　 改訂再刊,文華堂,昭和47,1972,https://dl.ndl.go.jp/pid/12501608,,,
願成寺の徒弟武士となる,願成寺の徒弟武士となる,伝説,延岡市,東臼杵郡,,,,,,二　東臼杵郡の傳說,鈴木健一郎,日向の伝説　 改訂再刊,文華堂,昭和47,1972,https://dl.ndl.go.jp/pid/12501608,,,
古墳の祀り,古墳の祀り,伝説,延岡市,東臼杵郡,,,,,,二　東臼杵郡の傳說,鈴木健一郎,日向の伝説　 改訂再刊,文華堂,昭和47,1972,https://dl.ndl.go.jp/pid/12501608,,,
古墳の鳥,こふんのとり,伝説,延岡市,東臼杵郡,,,,,,二　東臼杵郡の傳說,鈴木健一郎,日向の伝説　 改訂再刊,文華堂,昭和47,1972,https://dl.ndl.go.jp/pid/12501608,,,
大貫神社,おおぬきじんじゃ,伝説,延岡市,東臼杵郡,,,,,,二　東臼杵郡の傳說,鈴木健一郎,日向の伝説　 改訂再刊,文華堂,昭和47,1972,https://dl.ndl.go.jp/pid/12501608,,,
土々呂の琴弾松,土々呂の琴弾松,伝説,延岡市,東臼杵郡,,,,,,二　東臼杵郡の傳說,鈴木健一郎,日向の伝説　 改訂再刊,文華堂,昭和47,1972,https://dl.ndl.go.jp/pid/12501608,,,
昔の細島,昔の細島,伝説,日向市,東臼杵郡,,,,,,二　東臼杵郡の傳說,鈴木健一郎,日向の伝説　 改訂再刊,文華堂,昭和47,1972,https://dl.ndl.go.jp/pid/12501608,,,
速日の峰,速日の峰,伝説,,東臼杵郡,,,,,,二　東臼杵郡の傳說,鈴木健一郎,日向の伝説　 改訂再刊,文華堂,昭和47,1972,https://dl.ndl.go.jp/pid/12501608,,,
義民の碑,義民の碑,伝説,,東臼杵郡,,,,,,二　東臼杵郡の傳說,鈴木健一郎,日向の伝説　 改訂再刊,文華堂,昭和47,1972,https://dl.ndl.go.jp/pid/12501608,,,
神門神社,神門神社,伝説,,東臼杵郡,,,,,,二　東臼杵郡の傳說,鈴木健一郎,日向の伝説　 改訂再刊,文華堂,昭和47,1972,https://dl.ndl.go.jp/pid/12501608,,,
河童と闘う,河童と闘う,伝説,,東臼杵郡,,,,,,二　東臼杵郡の傳說,鈴木健一郎,日向の伝説　 改訂再刊,文華堂,昭和47,1972,https://dl.ndl.go.jp/pid/12501608,,,
海賀九門の墓,海賀九門の墓,伝説,,東臼杵郡,,,,,,二　東臼杵郡の傳說,鈴木健一郎,日向の伝説　 改訂再刊,文華堂,昭和47,1972,https://dl.ndl.go.jp/pid/12501608,,,
臼杵統景の亡霊,臼杵統景の亡霊,伝説,,東臼杵郡,,,,,,二　東臼杵郡の傳說,鈴木健一郎,日向の伝説　 改訂再刊,文華堂,昭和47,1972,https://dl.ndl.go.jp/pid/12501608,,,
牛の流行病,うしのはやりやまい,伝説,,東臼杵郡,,,,,,二　東臼杵郡の傳說,鈴木健一郎,日向の伝説　 改訂再刊,文華堂,昭和47,1972,https://dl.ndl.go.jp/pid/12501608,,,
雨乞の御利益,雨乞の御利益,伝説,,東臼杵郡,,,,,,二　東臼杵郡の傳說,鈴木健一郎,日向の伝説　 改訂再刊,文華堂,昭和47,1972,https://dl.ndl.go.jp/pid/12501608,,,
延岡の流灌頂,延岡の流灌頂,伝説,,東臼杵郡,,,,,,二　東臼杵郡の傳說,鈴木健一郎,日向の伝説　 改訂再刊,文華堂,昭和47,1972,https://dl.ndl.go.jp/pid/12501608,,,
延岡の時鐘,延岡の時鐘,伝説,,東臼杵郡,,,,,,二　東臼杵郡の傳說,鈴木健一郎,日向の伝説　 改訂再刊,文華堂,昭和47,1972,https://dl.ndl.go.jp/pid/12501608,,,
光勝寺の狸,光勝寺の狸,伝説,,東臼杵郡,,,,,,二　東臼杵郡の傳說,鈴木健一郎,日向の伝説　 改訂再刊,文華堂,昭和47,1972,https://dl.ndl.go.jp/pid/12501608,,,
詣訪の分け口の人柱,詣訪の分け口の人柱,伝説,,東臼杵郡,,,,,,二　東臼杵郡の傳說,鈴木健一郎,日向の伝説　 改訂再刊,文華堂,昭和47,1972,https://dl.ndl.go.jp/pid/12501608,,,
御領塚の由来,御領塚の由来,伝説,,東臼杵郡,,,,,,二　東臼杵郡の傳說,鈴木健一郎,日向の伝説　 改訂再刊,文華堂,昭和47,1972,https://dl.ndl.go.jp/pid/12501608,,,
琴塚,ことずか,伝説,,東臼杵郡,,,,,,二　東臼杵郡の傳說,鈴木健一郎,日向の伝説　 改訂再刊,文華堂,昭和47,1972,https://dl.ndl.go.jp/pid/12501608,,,
酒井大明神,酒井大明神,伝説,,東臼杵郡,,,,,,二　東臼杵郡の傳說,鈴木健一郎,日向の伝説　 改訂再刊,文華堂,昭和47,1972,https://dl.ndl.go.jp/pid/12501608,,,
小桧の阿弥陀如来,小桧の阿弥陀如来,伝説,,東臼杵郡,,,,,,二　東臼杵郡の傳說,鈴木健一郎,日向の伝説　 改訂再刊,文華堂,昭和47,1972,https://dl.ndl.go.jp/pid/12501608,,,
西南戦争の片影,西南戦争の片影,伝説,,東臼杵郡,,,,,,二　東臼杵郡の傳說,鈴木健一郎,日向の伝説　 改訂再刊,文華堂,昭和47,1972,https://dl.ndl.go.jp/pid/12501608,,,
昔の東海港,昔の東海港,伝説,,東臼杵郡,,,,,,二　東臼杵郡の傳說,鈴木健一郎,日向の伝説　 改訂再刊,文華堂,昭和47,1972,https://dl.ndl.go.jp/pid/12501608,,,
くろがね岩あかがね岩,くろがね岩あかがね岩,伝説,,東臼杵郡,,,,,,二　東臼杵郡の傳說,鈴木健一郎,日向の伝説　 改訂再刊,文華堂,昭和47,1972,https://dl.ndl.go.jp/pid/12501608,,,
本宮大明神,本宮大明神,伝説,,東臼杵郡,,,,,,二　東臼杵郡の傳說,鈴木健一郎,日向の伝説　 改訂再刊,文華堂,昭和47,1972,https://dl.ndl.go.jp/pid/12501608,,,
富高八幡神社,富高八幡神社,伝説,,東臼杵郡,,,,,,二　東臼杵郡の傳說,鈴木健一郎,日向の伝説　 改訂再刊,文華堂,昭和47,1972,https://dl.ndl.go.jp/pid/12501608,,,
祐邑の崇りと日要上人,すけおおざとのたたりとにちようしょうにん,伝説,,東臼杵郡,,,,,,二　東臼杵郡の傳說,鈴木健一郎,日向の伝説　 改訂再刊,文華堂,昭和47,1972,https://dl.ndl.go.jp/pid/12501608,,,
細島の淡島さん,細島の淡島さん,伝説,,東臼杵郡,,,,,,二　東臼杵郡の傳說,鈴木健一郎,日向の伝説　 改訂再刊,文華堂,昭和47,1972,https://dl.ndl.go.jp/pid/12501608,,,
,,伝説,,西臼杵郡,,,,,,三　西臼杵郡の傳說,鈴木健一郎,日向の伝説　 改訂再刊,文華堂,昭和47,1972,https://dl.ndl.go.jp/pid/12501608,,,
天孫の御降臨,天孫の御降臨,伝説,,西臼杵郡,,,,,,三　西臼杵郡の傳說,鈴木健一郎,日向の伝説　 改訂再刊,文華堂,昭和47,1972,https://dl.ndl.go.jp/pid/12501608,,,
不詩田,ふうただ,伝説,,西臼杵郡,,,,,,三　西臼杵郡の傳說,鈴木健一郎,日向の伝説　 改訂再刊,文華堂,昭和47,1972,https://dl.ndl.go.jp/pid/12501608,,,
天の真名井,天の真名井,伝説,,西臼杵郡,,,,,,三　西臼杵郡の傳說,鈴木健一郎,日向の伝説　 改訂再刊,文華堂,昭和47,1972,https://dl.ndl.go.jp/pid/12501608,,,
鬼八塚,鬼八塚,伝説,,西臼杵郡,,,,,,三　西臼杵郡の傳說,鈴木健一郎,日向の伝説　 改訂再刊,文華堂,昭和47,1972,https://dl.ndl.go.jp/pid/12501608,,,
鬼八異聞,鬼八異聞,伝説,,西臼杵郡,,,,,,三　西臼杵郡の傳說,鈴木健一郎,日向の伝説　 改訂再刊,文華堂,昭和47,1972,https://dl.ndl.go.jp/pid/12501608,,,
三田井氏の滅亡と宗説,三田井氏の滅亡と宗説,伝説,,西臼杵郡,,,,,,三　西臼杵郡の傳說,鈴木健一郎,日向の伝説　 改訂再刊,文華堂,昭和47,1972,https://dl.ndl.go.jp/pid/12501608,,,
文政頃の高千穂付近の生活,文政頃の高千穂付近の生活,伝説,,西臼杵郡,,,,,,三　西臼杵郡の傳說,鈴木健一郎,日向の伝説　 改訂再刊,文華堂,昭和47,1972,https://dl.ndl.go.jp/pid/12501608,,,
二上山,二上山,伝説,,西臼杵郡,,,,,,三　西臼杵郡の傳說,鈴木健一郎,日向の伝説　 改訂再刊,文華堂,昭和47,1972,https://dl.ndl.go.jp/pid/12501608,,,
二上嶽雌嶽の人穴,二上嶽雌嶽の人穴,伝説,,西臼杵郡,,,,,,三　西臼杵郡の傳說,鈴木健一郎,日向の伝説　 改訂再刊,文華堂,昭和47,1972,https://dl.ndl.go.jp/pid/12501608,,,
深角神社の織田様,深角神社の織田様,伝説,,西臼杵郡,,,,,,三　西臼杵郡の傳說,鈴木健一郎,日向の伝説　 改訂再刊,文華堂,昭和47,1972,https://dl.ndl.go.jp/pid/12501608,,,
老婢の井戸,老婢の井戸,伝説,,西臼杵郡,,,,,,三　西臼杵郡の傳說,鈴木健一郎,日向の伝説　 改訂再刊,文華堂,昭和47,1972,https://dl.ndl.go.jp/pid/12501608,,,
こうもり岩屋,こうもり岩屋,伝説,,西臼杵郡,,,,,,三　西臼杵郡の傳說,鈴木健一郎,日向の伝説　 改訂再刊,文華堂,昭和47,1972,https://dl.ndl.go.jp/pid/12501608,,,
血色の秦,血色の秦,伝説,,西臼杵郡,,,,,,三　西臼杵郡の傳說,鈴木健一郎,日向の伝説　 改訂再刊,文華堂,昭和47,1972,https://dl.ndl.go.jp/pid/12501608,,,
龍宮淵,龍宮淵,伝説,,西臼杵郡,,,,,,三　西臼杵郡の傳說,鈴木健一郎,日向の伝説　 改訂再刊,文華堂,昭和47,1972,https://dl.ndl.go.jp/pid/12501608,,,
三毛入野尊,三毛入野尊,伝説,,西臼杵郡,,,,,,三　西臼杵郡の傳說,鈴木健一郎,日向の伝説　 改訂再刊,文華堂,昭和47,1972,https://dl.ndl.go.jp/pid/12501608,,,
天孫と高城山,天孫と高城山,伝説,,西臼杵郡,,,,,,三　西臼杵郡の傳說,鈴木健一郎,日向の伝説　 改訂再刊,文華堂,昭和47,1972,https://dl.ndl.go.jp/pid/12501608,,,
七ッ山の名称,七ッやまのめいしょう,伝説,,西臼杵郡,,,,,,三　西臼杵郡の傳說,鈴木健一郎,日向の伝説　 改訂再刊,文華堂,昭和47,1972,https://dl.ndl.go.jp/pid/12501608,,,
七ッ山の甲斐姓といのちかみ,七ッやまのかいせいといのちかみ,伝説,,西臼杵郡,,,,,,三　西臼杵郡の傳說,鈴木健一郎,日向の伝説　 改訂再刊,文華堂,昭和47,1972,https://dl.ndl.go.jp/pid/12501608,,,
鞍岡の名称,鞍岡の名称,伝説,,西臼杵郡,,,,,,三　西臼杵郡の傳說,鈴木健一郎,日向の伝説　 改訂再刊,文華堂,昭和47,1972,https://dl.ndl.go.jp/pid/12501608,,,
亀頭山城址,きとうやましろあと,伝説,,西臼杵郡,,,,,,三　西臼杵郡の傳說,鈴木健一郎,日向の伝説　 改訂再刊,文華堂,昭和47,1972,https://dl.ndl.go.jp/pid/12501608,,,
玄武山城址,玄武山城址,伝説,,西臼杵郡,,,,,,三　西臼杵郡の傳說,鈴木健一郎,日向の伝説　 改訂再刊,文華堂,昭和47,1972,https://dl.ndl.go.jp/pid/12501608,,,
鬼切丸と鬼切石,鬼切丸と鬼切石,伝説,,西臼杵郡,,,,,,三　西臼杵郡の傳說,鈴木健一郎,日向の伝説　 改訂再刊,文華堂,昭和47,1972,https://dl.ndl.go.jp/pid/12501608,,,
一体は俺だ,一体は俺だ,伝説,,西臼杵郡,,,,,,三　西臼杵郡の傳說,鈴木健一郎,日向の伝説　 改訂再刊,文華堂,昭和47,1972,https://dl.ndl.go.jp/pid/12501608,,,
龍泉寺の地蔵尊,龍泉寺の地蔵尊,伝説,,西臼杵郡,,,,,,三　西臼杵郡の傳說,鈴木健一郎,日向の伝説　 改訂再刊,文華堂,昭和47,1972,https://dl.ndl.go.jp/pid/12501608,,,
大蛇の忠,大蛇の忠,伝説,,西臼杵郡,,,,,,三　西臼杵郡の傳說,鈴木健一郎,日向の伝説　 改訂再刊,文華堂,昭和47,1972,https://dl.ndl.go.jp/pid/12501608,,,
高見但馬守,高見但馬守,伝説,,西臼杵郡,,,,,,三　西臼杵郡の傳說,鈴木健一郎,日向の伝説　 改訂再刊,文華堂,昭和47,1972,https://dl.ndl.go.jp/pid/12501608,,,
杉ケ越大明神,杉ケ越大明神,伝説,,西臼杵郡,,,,,,三　西臼杵郡の傳說,鈴木健一郎,日向の伝説　 改訂再刊,文華堂,昭和47,1972,https://dl.ndl.go.jp/pid/12501608,,,
洞岳権現,ほらおかごんげん,伝説,,西臼杵郡,,,,,,三　西臼杵郡の傳說,鈴木健一郎,日向の伝説　 改訂再刊,文華堂,昭和47,1972,https://dl.ndl.go.jp/pid/12501608,,,
椎葉の鷹,椎葉の鷹,伝説,,西臼杵郡,,,,,,三　西臼杵郡の傳說,鈴木健一郎,日向の伝説　 改訂再刊,文華堂,昭和47,1972,https://dl.ndl.go.jp/pid/12501608,,,
鷹塚山,鷹塚山,伝説,,西臼杵郡,,,,,,三　西臼杵郡の傳說,鈴木健一郎,日向の伝説　 改訂再刊,文華堂,昭和47,1972,https://dl.ndl.go.jp/pid/12501608,,,
松木の稲荷,松木の稲荷,伝説,,西臼杵郡,,,,,,三　西臼杵郡の傳說,鈴木健一郎,日向の伝説　 改訂再刊,文華堂,昭和47,1972,https://dl.ndl.go.jp/pid/12501608,,,
平族の椎葉入り,へいぞくのしいばはいり,伝説,,西臼杵郡,,,,,,三　西臼杵郡の傳說,鈴木健一郎,日向の伝説　 改訂再刊,文華堂,昭和47,1972,https://dl.ndl.go.jp/pid/12501608,,,
平家の落人と那須氏,平家の落人と那須氏,伝説,,西臼杵郡,,,,,,三　西臼杵郡の傳說,鈴木健一郎,日向の伝説　 改訂再刊,文華堂,昭和47,1972,https://dl.ndl.go.jp/pid/12501608,,,
奈須・椎葉の由来,奈須・椎葉の由来,伝説,,西臼杵郡,,,,,,三　西臼杵郡の傳說,鈴木健一郎,日向の伝説　 改訂再刊,文華堂,昭和47,1972,https://dl.ndl.go.jp/pid/12501608,,,
仲塔山薬師寺,仲塔山薬師寺,伝説,,西臼杵郡,,,,,,三　西臼杵郡の傳說,鈴木健一郎,日向の伝説　 改訂再刊,文華堂,昭和47,1972,https://dl.ndl.go.jp/pid/12501608,,,
仲塔山の金蔵,仲塔山の金蔵,伝説,,西臼杵郡,,,,,,三　西臼杵郡の傳說,鈴木健一郎,日向の伝説　 改訂再刊,文華堂,昭和47,1972,https://dl.ndl.go.jp/pid/12501608,,,
大河内地頭那須高貞,大河内地頭那須高貞,伝説,,西臼杵郡,,,,,,三　西臼杵郡の傳說,鈴木健一郎,日向の伝説　 改訂再刊,文華堂,昭和47,1972,https://dl.ndl.go.jp/pid/12501608,,,
向山の駆動,むかいやまのくどう,伝説,,西臼杵郡,,,,,,三　西臼杵郡の傳說,鈴木健一郎,日向の伝説　 改訂再刊,文華堂,昭和47,1972,https://dl.ndl.go.jp/pid/12501608,,,
那須主膳,那須主膳,伝説,,西臼杵郡,,,,,,三　西臼杵郡の傳說,鈴木健一郎,日向の伝説　 改訂再刊,文華堂,昭和47,1972,https://dl.ndl.go.jp/pid/12501608,,,
御三池,御三池,伝説,,西臼杵郡,,,,,,三　西臼杵郡の傳說,鈴木健一郎,日向の伝説　 改訂再刊,文華堂,昭和47,1972,https://dl.ndl.go.jp/pid/12501608,,,
白水の滝,白水の滝,伝説,,西臼杵郡,,,,,,三　西臼杵郡の傳說,鈴木健一郎,日向の伝説　 改訂再刊,文華堂,昭和47,1972,https://dl.ndl.go.jp/pid/12501608,,,
八村杉,はちむらすぎ,伝説,,西臼杵郡,,,,,,三　西臼杵郡の傳說,鈴木健一郎,日向の伝説　 改訂再刊,文華堂,昭和47,1972,https://dl.ndl.go.jp/pid/12501608,,,
昔の五ヶ村,昔の五ヶ村,伝説,,西臼杵郡,,,,,,三　西臼杵郡の傳說,鈴木健一郎,日向の伝説　 改訂再刊,文華堂,昭和47,1972,https://dl.ndl.go.jp/pid/12501608,,,
天村雲命,天村雲命,伝説,,西臼杵郡,,,,,,三　西臼杵郡の傳說,鈴木健一郎,日向の伝説　 改訂再刊,文華堂,昭和47,1972,https://dl.ndl.go.jp/pid/12501608,,,
佐藤道元,佐藤道元,伝説,,西臼杵郡,,,,,,三　西臼杵郡の傳說,鈴木健一郎,日向の伝説　 改訂再刊,文華堂,昭和47,1972,https://dl.ndl.go.jp/pid/12501608,,,
水無しの川,水無しの川,伝説,,西臼杵郡,,,,,,三　西臼杵郡の傳說,鈴木健一郎,日向の伝説　 改訂再刊,文華堂,昭和47,1972,https://dl.ndl.go.jp/pid/12501608,,,
鞍岡の地名,鞍岡の地名,伝説,,西臼杵郡,,,,,,三　西臼杵郡の傳說,鈴木健一郎,日向の伝説　 改訂再刊,文華堂,昭和47,1972,https://dl.ndl.go.jp/pid/12501608,,,
芋の八重の地名,いものやえのちめい,伝説,,西臼杵郡,,,,,,三　西臼杵郡の傳說,鈴木健一郎,日向の伝説　 改訂再刊,文華堂,昭和47,1972,https://dl.ndl.go.jp/pid/12501608,,,
,,伝説,,児湯郡,,,,,,四　兒湯郡の傳說,鈴木健一郎,日向の伝説　 改訂再刊,文華堂,昭和47,1972,https://dl.ndl.go.jp/pid/12501608,,,
蚊口浦の琴弾松,蚊口浦の琴弾松,伝説,高鍋町,児湯郡,,,,,,四　兒湯郡の傳說,鈴木健一郎,日向の伝説　 改訂再刊,文華堂,昭和47,1972,https://dl.ndl.go.jp/pid/12501608,,,
鵜戸神社,うとじんじゃ,伝説,高鍋町,児湯郡,,,,,,四　兒湯郡の傳說,鈴木健一郎,日向の伝説　 改訂再刊,文華堂,昭和47,1972,https://dl.ndl.go.jp/pid/12501608,,,
毛比呂毛と石船,毛比呂毛と石船,伝説,高鍋町,児湯郡,,,,,,四　兒湯郡の傳說,鈴木健一郎,日向の伝説　 改訂再刊,文華堂,昭和47,1972,https://dl.ndl.go.jp/pid/12501608,,,
高鍋豆腐,たかなべとうふ,伝説,高鍋町,児湯郡,,,,,,四　兒湯郡の傳說,鈴木健一郎,日向の伝説　 改訂再刊,文華堂,昭和47,1972,https://dl.ndl.go.jp/pid/12501608,,,
太平寺井手,たいへいじいで,伝説,高鍋町,児湯郡,,,,,,四　兒湯郡の傳說,鈴木健一郎,日向の伝説　 改訂再刊,文華堂,昭和47,1972,https://dl.ndl.go.jp/pid/12501608,,,
潮水ヶ池,潮水ヶ池,伝説,,児湯郡,,,,,,四　兒湯郡の傳說,鈴木健一郎,日向の伝説　 改訂再刊,文華堂,昭和47,1972,https://dl.ndl.go.jp/pid/12501608,,,
王子権現,王子権現,伝説,,児湯郡,,,,,,四　兒湯郡の傳說,鈴木健一郎,日向の伝説　 改訂再刊,文華堂,昭和47,1972,https://dl.ndl.go.jp/pid/12501608,,,
御衣楠,御衣楠,伝説,,児湯郡,,,,,,四　兒湯郡の傳說,鈴木健一郎,日向の伝説　 改訂再刊,文華堂,昭和47,1972,https://dl.ndl.go.jp/pid/12501608,,,
長谷観音,長谷観音,伝説,西都市,児湯郡,,,,,,四　兒湯郡の傳說,鈴木健一郎,日向の伝説　 改訂再刊,文華堂,昭和47,1972,https://dl.ndl.go.jp/pid/12501608,,,
笹ノ元の古墳,笹ノ元の古墳,伝説,西都市,児湯郡,,,,,,四　兒湯郡の傳說,鈴木健一郎,日向の伝説　 改訂再刊,文華堂,昭和47,1972,https://dl.ndl.go.jp/pid/12501608,,,
酒泉院,酒泉院,伝説,西都市,児湯郡,,,,,,四　兒湯郡の傳說,鈴木健一郎,日向の伝説　 改訂再刊,文華堂,昭和47,1972,https://dl.ndl.go.jp/pid/12501608,,,
伊東義益の頓死,伊東義益の頓死,伝説,西都市,児湯郡,,,,,,四　兒湯郡の傳說,鈴木健一郎,日向の伝説　 改訂再刊,文華堂,昭和47,1972,https://dl.ndl.go.jp/pid/12501608,,,
行神塚,行神塚,伝説,西都市,児湯郡,,,,,,四　兒湯郡の傳說,鈴木健一郎,日向の伝説　 改訂再刊,文華堂,昭和47,1972,https://dl.ndl.go.jp/pid/12501608,,,
高屋山陵,高屋山陵,伝説,西都市,児湯郡,,,,,,四　兒湯郡の傳說,鈴木健一郎,日向の伝説　 改訂再刊,文華堂,昭和47,1972,https://dl.ndl.go.jp/pid/12501608,,,
鹿野田神社の潮井,鹿野田神社の潮井,伝説,西都市,児湯郡,,,,,,四　兒湯郡の傳說,鈴木健一郎,日向の伝説　 改訂再刊,文華堂,昭和47,1972,https://dl.ndl.go.jp/pid/12501608,,,
黒貫寺,黒貫寺,伝説,西都市,児湯郡,,,,,,四　兒湯郡の傳說,鈴木健一郎,日向の伝説　 改訂再刊,文華堂,昭和47,1972,https://dl.ndl.go.jp/pid/12501608,,,
慶部権現,慶部権現,伝説,西都市,児湯郡,,,,,,四　兒湯郡の傳說,鈴木健一郎,日向の伝説　 改訂再刊,文華堂,昭和47,1972,https://dl.ndl.go.jp/pid/12501608,,,
柏峡の大野,柏峡の大野,伝説,西都市,児湯郡,,,,,,四　兒湯郡の傳說,鈴木健一郎,日向の伝説　 改訂再刊,文華堂,昭和47,1972,https://dl.ndl.go.jp/pid/12501608,,,
都萬神社,都萬神社,伝説,西都市,児湯郡,,,,,,四　兒湯郡の傳說,鈴木健一郎,日向の伝説　 改訂再刊,文華堂,昭和47,1972,https://dl.ndl.go.jp/pid/12501608,,,
国分寺と木喰上人,こくぶんじともくじきしょうにん,伝説,西都市,児湯郡,,,,,,四　兒湯郡の傳說,鈴木健一郎,日向の伝説　 改訂再刊,文華堂,昭和47,1972,https://dl.ndl.go.jp/pid/12501608,,,
稚児池,稚児池,伝説,西都市,児湯郡,,,,,,四　兒湯郡の傳說,鈴木健一郎,日向の伝説　 改訂再刊,文華堂,昭和47,1972,https://dl.ndl.go.jp/pid/12501608,,,
西都原の御陵墓,西都原の御陵墓,伝説,西都市,児湯郡,,,,,,四　兒湯郡の傳說,鈴木健一郎,日向の伝説　 改訂再刊,文華堂,昭和47,1972,https://dl.ndl.go.jp/pid/12501608,,,
きんなら様,きんなら様,伝説,,児湯郡,,,,,,四　兒湯郡の傳說,鈴木健一郎,日向の伝説　 改訂再刊,文華堂,昭和47,1972,https://dl.ndl.go.jp/pid/12501608,,,
比木神社と福智王,ひきじんじゃとふくちおう,伝説,,児湯郡,,,,,,四　兒湯郡の傳說,鈴木健一郎,日向の伝説　 改訂再刊,文華堂,昭和47,1972,https://dl.ndl.go.jp/pid/12501608,,,
神龍の絵,神龍の絵,伝説,,児湯郡,,,,,,四　兒湯郡の傳說,鈴木健一郎,日向の伝説　 改訂再刊,文華堂,昭和47,1972,https://dl.ndl.go.jp/pid/12501608,,,
福永神社と南瓜,福永神社と南瓜,伝説,,児湯郡,,,,,,四　兒湯郡の傳說,鈴木健一郎,日向の伝説　 改訂再刊,文華堂,昭和47,1972,https://dl.ndl.go.jp/pid/12501608,,,
吐乃大明神,吐乃大明神,伝説,,児湯郡,,,,,,四　兒湯郡の傳說,鈴木健一郎,日向の伝説　 改訂再刊,文華堂,昭和47,1972,https://dl.ndl.go.jp/pid/12501608,,,
都農神社,都農神社,伝説,都農町,児湯郡,,,,,,四　兒湯郡の傳說,鈴木健一郎,日向の伝説　 改訂再刊,文華堂,昭和47,1972,https://dl.ndl.go.jp/pid/12501608,,,
延宝の頃の津農神社,延宝の頃の津農神社,伝説,,児湯郡,,,,,,四　兒湯郡の傳說,鈴木健一郎,日向の伝説　 改訂再刊,文華堂,昭和47,1972,https://dl.ndl.go.jp/pid/12501608,,,
徳泉寺の和尚と河童,徳泉寺の和尚と河童,伝説,,児湯郡,,,,,,四　兒湯郡の傳說,鈴木健一郎,日向の伝説　 改訂再刊,文華堂,昭和47,1972,https://dl.ndl.go.jp/pid/12501608,,,
尾鈴神社,尾鈴神社,伝説,,児湯郡,,,,,,四　兒湯郡の傳說,鈴木健一郎,日向の伝説　 改訂再刊,文華堂,昭和47,1972,https://dl.ndl.go.jp/pid/12501608,,,
天磐船,天磐船,伝説,,児湯郡,,,,,,四　兒湯郡の傳說,鈴木健一郎,日向の伝説　 改訂再刊,文華堂,昭和47,1972,https://dl.ndl.go.jp/pid/12501608,,,
神石三日月様,じんせきみかづきさま,伝説,,児湯郡,,,,,,四　兒湯郡の傳說,鈴木健一郎,日向の伝説　 改訂再刊,文華堂,昭和47,1972,https://dl.ndl.go.jp/pid/12501608,,,
神武天皇の美々津御出帆,神武天皇の美々津御出帆,伝説,,児湯郡,,,,,,四　兒湯郡の傳說,鈴木健一郎,日向の伝説　 改訂再刊,文華堂,昭和47,1972,https://dl.ndl.go.jp/pid/12501608,,,
神代の米良,神代の米良,伝説,,児湯郡,,,,,,四　兒湯郡の傳說,鈴木健一郎,日向の伝説　 改訂再刊,文華堂,昭和47,1972,https://dl.ndl.go.jp/pid/12501608,,,
米良の鏡山,めらのかがみやま,伝説,,児湯郡,,,,,,四　兒湯郡の傳說,鈴木健一郎,日向の伝説　 改訂再刊,文華堂,昭和47,1972,https://dl.ndl.go.jp/pid/12501608,,,
磐長姫と銀鏡神社,いわちょうひめとぎんきょうじんじゃ,伝説,西都市,児湯郡,,,,,,四　兒湯郡の傳說,鈴木健一郎,日向の伝説　 改訂再刊,文華堂,昭和47,1972,https://dl.ndl.go.jp/pid/12501608,,,
米良と平家,米良と平家,伝説,,児湯郡,,,,,,四　兒湯郡の傳說,鈴木健一郎,日向の伝説　 改訂再刊,文華堂,昭和47,1972,https://dl.ndl.go.jp/pid/12501608,,,
米良の菊池氏,米良の菊池氏,伝説,,児湯郡,,,,,,四　兒湯郡の傳說,鈴木健一郎,日向の伝説　 改訂再刊,文華堂,昭和47,1972,https://dl.ndl.go.jp/pid/12501608,,,
西征将軍の米良入,西征将軍の米良入,伝説,,児湯郡,,,,,,四　兒湯郡の傳說,鈴木健一郎,日向の伝説　 改訂再刊,文華堂,昭和47,1972,https://dl.ndl.go.jp/pid/12501608,,,
米良千本槍,米良千本槍,伝説,,児湯郡,,,,,,四　兒湯郡の傳說,鈴木健一郎,日向の伝説　 改訂再刊,文華堂,昭和47,1972,https://dl.ndl.go.jp/pid/12501608,,,
侯臣保賀次郎,侯臣保賀次郎,伝説,,児湯郡,,,,,,四　兒湯郡の傳說,鈴木健一郎,日向の伝説　 改訂再刊,文華堂,昭和47,1972,https://dl.ndl.go.jp/pid/12501608,,,
部塚,部塚,伝説,,児湯郡,,,,,,四　兒湯郡の傳說,鈴木健一郎,日向の伝説　 改訂再刊,文華堂,昭和47,1972,https://dl.ndl.go.jp/pid/12501608,,,
伊東家の豊後落,伊東家の豊後落,伝説,,児湯郡,,,,,,四　兒湯郡の傳說,鈴木健一郎,日向の伝説　 改訂再刊,文華堂,昭和47,1972,https://dl.ndl.go.jp/pid/12501608,,,
島津家荘を忘む,しまづいえぞうをのろむ,伝説,,児湯郡,,,,,,四　兒湯郡の傳說,鈴木健一郎,日向の伝説　 改訂再刊,文華堂,昭和47,1972,https://dl.ndl.go.jp/pid/12501608,,,
白帆ぎらいの尾鈴権現,白帆ぎらいの尾鈴権現,伝説,,児湯郡,,,,,,四　兒湯郡の傳說,鈴木健一郎,日向の伝説　 改訂再刊,文華堂,昭和47,1972,https://dl.ndl.go.jp/pid/12501608,,,
古い手帳,古い手帳,伝説,,児湯郡,,,,,,四　兒湯郡の傳說,鈴木健一郎,日向の伝説　 改訂再刊,文華堂,昭和47,1972,https://dl.ndl.go.jp/pid/12501608,,,
都農の浜下り,都農の浜下り,伝説,都農町,児湯郡,,,,,,四　兒湯郡の傳說,鈴木健一郎,日向の伝説　 改訂再刊,文華堂,昭和47,1972,https://dl.ndl.go.jp/pid/12501608,,,
一宮東の宮の権現,いちのみやひがしのみやのごんげん,伝説,,児湯郡,,,,,,四　兒湯郡の傳說,鈴木健一郎,日向の伝説　 改訂再刊,文華堂,昭和47,1972,https://dl.ndl.go.jp/pid/12501608,,,
剣士治右衛門,剣士治右衛門,伝説,,児湯郡,,,,,,四　兒湯郡の傳說,鈴木健一郎,日向の伝説　 改訂再刊,文華堂,昭和47,1972,https://dl.ndl.go.jp/pid/12501608,,,
湯の本の冷泉,湯の本の冷泉,伝説,,児湯郡,,,,,,四　兒湯郡の傳說,鈴木健一郎,日向の伝説　 改訂再刊,文華堂,昭和47,1972,https://dl.ndl.go.jp/pid/12501608,,,
湯言寺山の黄金千枚,湯言寺山の黄金千枚,伝説,,児湯郡,,,,,,四　兒湯郡の傳說,鈴木健一郎,日向の伝説　 改訂再刊,文華堂,昭和47,1972,https://dl.ndl.go.jp/pid/12501608,,,
荒武三省の詠歌,荒武三省の詠歌,伝説,,児湯郡,,,,,,四　兒湯郡の傳說,鈴木健一郎,日向の伝説　 改訂再刊,文華堂,昭和47,1972,https://dl.ndl.go.jp/pid/12501608,,,
,,伝説,宮崎市,宮崎市,,,,,,五　宮崎郡の傳說,鈴木健一郎,日向の伝説　 改訂再刊,文華堂,昭和47,1972,https://dl.ndl.go.jp/pid/12501608,,,
檍原の三瀬,あおきばらのみつせ,伝説,宮崎市,宮崎市,,,,,,五　宮崎郡の傳說,鈴木健一郎,日向の伝説　 改訂再刊,文華堂,昭和47,1972,https://dl.ndl.go.jp/pid/12501608,,,
小戸神社と橋小門,小戸神社と橋小門,伝説,宮崎市,宮崎市,,,,,,五　宮崎郡の傳說,鈴木健一郎,日向の伝説　 改訂再刊,文華堂,昭和47,1972,https://dl.ndl.go.jp/pid/12501608,,,
宮崎神宮,宮崎神宮,伝説,宮崎市,宮崎市,,,,,,五　宮崎郡の傳說,鈴木健一郎,日向の伝説　 改訂再刊,文華堂,昭和47,1972,https://dl.ndl.go.jp/pid/12501608,,,
神武天皇の宮居跡,神武天皇の宮居跡,伝説,宮崎市,宮崎市,,,,,,五　宮崎郡の傳說,鈴木健一郎,日向の伝説　 改訂再刊,文華堂,昭和47,1972,https://dl.ndl.go.jp/pid/12501608,,,
高屋神社と高屋宮跡,高屋神社と高屋宮跡,伝説,宮崎市,宮崎市,,,,,,五　宮崎郡の傳說,鈴木健一郎,日向の伝説　 改訂再刊,文華堂,昭和47,1972,https://dl.ndl.go.jp/pid/12501608,,,
あらたかな水神様,あらたかなすいじんさま,伝説,宮崎市,宮崎市,,,,,,五　宮崎郡の傳說,鈴木健一郎,日向の伝説　 改訂再刊,文華堂,昭和47,1972,https://dl.ndl.go.jp/pid/12501608,,,
宝の下の魔神,宝の下の魔神,伝説,宮崎市,宮崎市,,,,,,五　宮崎郡の傳說,鈴木健一郎,日向の伝説　 改訂再刊,文華堂,昭和47,1972,https://dl.ndl.go.jp/pid/12501608,,,
冠獄,かんむりごく,伝説,宮崎市,宮崎市,,,,,,五　宮崎郡の傳說,鈴木健一郎,日向の伝説　 改訂再刊,文華堂,昭和47,1972,https://dl.ndl.go.jp/pid/12501608,,,
蓮菜山の古戦場,蓮菜山の古戦場,伝説,宮崎市,宮崎市,,,,,,五　宮崎郡の傳說,鈴木健一郎,日向の伝説　 改訂再刊,文華堂,昭和47,1972,https://dl.ndl.go.jp/pid/12501608,,,
石見晴信の遺世,石見晴信の遺世,伝説,宮崎市,宮崎市,,,,,,五　宮崎郡の傳說,鈴木健一郎,日向の伝説　 改訂再刊,文華堂,昭和47,1972,https://dl.ndl.go.jp/pid/12501608,,,
奈古神社,なこじんじゃ,伝説,宮崎市,宮崎市,,,,,,五　宮崎郡の傳說,鈴木健一郎,日向の伝説　 改訂再刊,文華堂,昭和47,1972,https://dl.ndl.go.jp/pid/12501608,,,
宮崎城,宮崎城,伝説,宮崎市,宮崎市,,,,,,五　宮崎郡の傳說,鈴木健一郎,日向の伝説　 改訂再刊,文華堂,昭和47,1972,https://dl.ndl.go.jp/pid/12501608,,,
水かけ地蔵,水かけ地蔵,伝説,宮崎市,宮崎市,,,,,,五　宮崎郡の傳說,鈴木健一郎,日向の伝説　 改訂再刊,文華堂,昭和47,1972,https://dl.ndl.go.jp/pid/12501608,,,
江田神社,えだじんじゃ,伝説,宮崎市,宮崎市,,,,,,五　宮崎郡の傳說,鈴木健一郎,日向の伝説　 改訂再刊,文華堂,昭和47,1972,https://dl.ndl.go.jp/pid/12501608,,,
刀工鬼正,刀工鬼正,伝説,宮崎市,宮崎市,,,,,,五　宮崎郡の傳說,鈴木健一郎,日向の伝説　 改訂再刊,文華堂,昭和47,1972,https://dl.ndl.go.jp/pid/12501608,,,
網掛観音,あみかけかんのん,伝説,宮崎市,宮崎市,,,,,,五　宮崎郡の傳說,鈴木健一郎,日向の伝説　 改訂再刊,文華堂,昭和47,1972,https://dl.ndl.go.jp/pid/12501608,,,
案の山観音と賽朝の墓,案の山観音と賽朝の墓,伝説,宮崎市,宮崎市,,,,,,五　宮崎郡の傳說,鈴木健一郎,日向の伝説　 改訂再刊,文華堂,昭和47,1972,https://dl.ndl.go.jp/pid/12501608,,,
住吉神社,住吉神社,伝説,宮崎市,宮崎市,,,,,,五　宮崎郡の傳說,鈴木健一郎,日向の伝説　 改訂再刊,文華堂,昭和47,1972,https://dl.ndl.go.jp/pid/12501608,,,
広瀬神社,広瀬神社,伝説,宮崎市,宮崎市,,,,,,五　宮崎郡の傳說,鈴木健一郎,日向の伝説　 改訂再刊,文華堂,昭和47,1972,https://dl.ndl.go.jp/pid/12501608,,,
久峰観音,久峰観音,伝説,宮崎市,宮崎市,,,,,,五　宮崎郡の傳說,鈴木健一郎,日向の伝説　 改訂再刊,文華堂,昭和47,1972,https://dl.ndl.go.jp/pid/12501608,,,
節分桜,せつぶんさくら,伝説,宮崎市,宮崎市,,,,,,五　宮崎郡の傳說,鈴木健一郎,日向の伝説　 改訂再刊,文華堂,昭和47,1972,https://dl.ndl.go.jp/pid/12501608,,,
巨田池の禁猟,巨田池の禁猟,伝説,宮崎市,宮崎市,鴨猟,,,,,五　宮崎郡の傳說,鈴木健一郎,日向の伝説　 改訂再刊,文華堂,昭和47,1972,https://dl.ndl.go.jp/pid/12501608,,,
佐土原の安宮（大明神）,さどわらのやすみや（だいみょうじん）,伝説,宮崎市,宮崎市,,,,,,五　宮崎郡の傳說,鈴木健一郎,日向の伝説　 改訂再刊,文華堂,昭和47,1972,https://dl.ndl.go.jp/pid/12501608,,,
平等寺の鐘,平等寺の鐘,伝説,宮崎市,宮崎市,,,,,,五　宮崎郡の傳說,鈴木健一郎,日向の伝説　 改訂再刊,文華堂,昭和47,1972,https://dl.ndl.go.jp/pid/12501608,,,
直純寺,なおずみてら,伝説,宮崎市,宮崎市,,,,,,五　宮崎郡の傳說,鈴木健一郎,日向の伝説　 改訂再刊,文華堂,昭和47,1972,https://dl.ndl.go.jp/pid/12501608,,,
小原の観音,小原の観音,伝説,宮崎市,宮崎市,,,,,,五　宮崎郡の傳說,鈴木健一郎,日向の伝説　 改訂再刊,文華堂,昭和47,1972,https://dl.ndl.go.jp/pid/12501608,,,
生目八幡,生目八幡,伝説,宮崎市,宮崎市,,,,,,五　宮崎郡の傳說,鈴木健一郎,日向の伝説　 改訂再刊,文華堂,昭和47,1972,https://dl.ndl.go.jp/pid/12501608,,,
生目神社,生目神社,伝説,宮崎市,宮崎市,,,,,,五　宮崎郡の傳說,鈴木健一郎,日向の伝説　 改訂再刊,文華堂,昭和47,1972,https://dl.ndl.go.jp/pid/12501608,,,
加護八幡,かごはちまん,伝説,宮崎市,宮崎市,,,,,,五　宮崎郡の傳說,鈴木健一郎,日向の伝説　 改訂再刊,文華堂,昭和47,1972,https://dl.ndl.go.jp/pid/12501608,,,
いしぼし様,いしぼし様,伝説,宮崎市,宮崎市,,,,,,五　宮崎郡の傳說,鈴木健一郎,日向の伝説　 改訂再刊,文華堂,昭和47,1972,https://dl.ndl.go.jp/pid/12501608,,,
白蛇の恵み,しろへびのめぐみ,伝説,宮崎市,宮崎市,,,,,,五　宮崎郡の傳說,鈴木健一郎,日向の伝説　 改訂再刊,文華堂,昭和47,1972,https://dl.ndl.go.jp/pid/12501608,,,
岩切の新溝,岩切の新溝,伝説,宮崎市,宮崎市,,,,,,五　宮崎郡の傳說,鈴木健一郎,日向の伝説　 改訂再刊,文華堂,昭和47,1972,https://dl.ndl.go.jp/pid/12501608,,,
水無川,水無川,伝説,宮崎市,宮崎市,,,,,,五　宮崎郡の傳說,鈴木健一郎,日向の伝説　 改訂再刊,文華堂,昭和47,1972,https://dl.ndl.go.jp/pid/12501608,,,
戸主殺しの田,戸主殺しの田,伝説,宮崎市,宮崎市,,,,,,五　宮崎郡の傳說,鈴木健一郎,日向の伝説　 改訂再刊,文華堂,昭和47,1972,https://dl.ndl.go.jp/pid/12501608,,,
木花と木花開耶姫,きばなとこのはなさくやひめ,伝説,宮崎市,宮崎市,,,,,,五　宮崎郡の傳說,鈴木健一郎,日向の伝説　 改訂再刊,文華堂,昭和47,1972,https://dl.ndl.go.jp/pid/12501608,,,
青島神社,,伝説,宮崎市,宮崎市,,,,,,五　宮崎郡の傳說,鈴木健一郎,日向の伝説　 改訂再刊,文華堂,昭和47,1972,https://dl.ndl.go.jp/pid/12501608,,,
笠狭崎,,伝説,宮崎市,宮崎市,,,,,,五　宮崎郡の傳說,鈴木健一郎,日向の伝説　 改訂再刊,文華堂,昭和47,1972,https://dl.ndl.go.jp/pid/12501608,,,
御崎寺,,伝説,宮崎市,宮崎市,,,,,,五　宮崎郡の傳說,鈴木健一郎,日向の伝説　 改訂再刊,文華堂,昭和47,1972,https://dl.ndl.go.jp/pid/12501608,,,
野島神社,,伝説,宮崎市,宮崎市,,,,,,五　宮崎郡の傳說,鈴木健一郎,日向の伝説　 改訂再刊,文華堂,昭和47,1972,https://dl.ndl.go.jp/pid/12501608,,,
田野天建神社と百済王,,伝説,宮崎市,宮崎市,,,,,,五　宮崎郡の傳說,鈴木健一郎,日向の伝説　 改訂再刊,文華堂,昭和47,1972,https://dl.ndl.go.jp/pid/12501608,,,
三国大守の鐘の行方,,伝説,宮崎市,宮崎市,,,,,,五　宮崎郡の傳說,鈴木健一郎,日向の伝説　 改訂再刊,文華堂,昭和47,1972,https://dl.ndl.go.jp/pid/12501608,,,
日講上人,,伝説,宮崎市,宮崎市,,,,,,五　宮崎郡の傳說,鈴木健一郎,日向の伝説　 改訂再刊,文華堂,昭和47,1972,https://dl.ndl.go.jp/pid/12501608,,,
平原の神石,,伝説,宮崎市,宮崎市,,,,,,五　宮崎郡の傳說,鈴木健一郎,日向の伝説　 改訂再刊,文華堂,昭和47,1972,https://dl.ndl.go.jp/pid/12501608,,,
恒久神社の由来,,伝説,宮崎市,宮崎市,,,,,,五　宮崎郡の傳說,鈴木健一郎,日向の伝説　 改訂再刊,文華堂,昭和47,1972,https://dl.ndl.go.jp/pid/12501608,,,
渡守の風流,,伝説,宮崎市,宮崎市,,,,,,五　宮崎郡の傳說,鈴木健一郎,日向の伝説　 改訂再刊,文華堂,昭和47,1972,https://dl.ndl.go.jp/pid/12501608,,,
花ヶ島のおこり,,伝説,宮崎市,宮崎市,,,,,,五　宮崎郡の傳說,鈴木健一郎,日向の伝説　 改訂再刊,文華堂,昭和47,1972,https://dl.ndl.go.jp/pid/12501608,,,
瓶の水,,伝説,宮崎市,宮崎市,,,,,,五　宮崎郡の傳說,鈴木健一郎,日向の伝説　 改訂再刊,文華堂,昭和47,1972,https://dl.ndl.go.jp/pid/12501608,,,
伊東祐崇の赤江灘難船,,伝説,宮崎市,宮崎市,,,,,,五　宮崎郡の傳說,鈴木健一郎,日向の伝説　 改訂再刊,文華堂,昭和47,1972,https://dl.ndl.go.jp/pid/12501608,,,
,,伝説,日南市,南那珂郡,,,,,,六　南那珂郡の傳說,鈴木健一郎,日向の伝説　 改訂再刊,文華堂,昭和47,1972,https://dl.ndl.go.jp/pid/12501608,,,
鵜戸神宮の岩屋,,伝説,日南市,南那珂郡,,,,,,六　南那珂郡の傳說,鈴木健一郎,日向の伝説　 改訂再刊,文華堂,昭和47,1972,https://dl.ndl.go.jp/pid/12501608,,,
鵜戸の石の毛,,伝説,日南市,南那珂郡,,,,,,六　南那珂郡の傳說,鈴木健一郎,日向の伝説　 改訂再刊,文華堂,昭和47,1972,https://dl.ndl.go.jp/pid/12501608,,,
鵜戸の神橋,,伝説,日南市,南那珂郡,,,,,,六　南那珂郡の傳說,鈴木健一郎,日向の伝説　 改訂再刊,文華堂,昭和47,1972,https://dl.ndl.go.jp/pid/12501608,,,
鵜戸の神徳,,伝説,日南市,南那珂郡,,,,,,六　南那珂郡の傳說,鈴木健一郎,日向の伝説　 改訂再刊,文華堂,昭和47,1972,https://dl.ndl.go.jp/pid/12501608,,,
鵜戸神宮と武道家,,伝説,日南市,南那珂郡,,,,,,六　南那珂郡の傳說,鈴木健一郎,日向の伝説　 改訂再刊,文華堂,昭和47,1972,https://dl.ndl.go.jp/pid/12501608,,,
玉依姫の社と陵,,伝説,日南市,南那珂郡,,,,,,六　南那珂郡の傳說,鈴木健一郎,日向の伝説　 改訂再刊,文華堂,昭和47,1972,https://dl.ndl.go.jp/pid/12501608,,,
鵜戸の山崩れ,,伝説,日南市,南那珂郡,,,,,,六　南那珂郡の傳說,鈴木健一郎,日向の伝説　 改訂再刊,文華堂,昭和47,1972,https://dl.ndl.go.jp/pid/12501608,,,
外之浦港,,伝説,日南市,南那珂郡,,,,,,六　南那珂郡の傳說,鈴木健一郎,日向の伝説　 改訂再刊,文華堂,昭和47,1972,https://dl.ndl.go.jp/pid/12501608,,,
大島,,伝説,日南市,南那珂郡,,,,,,六　南那珂郡の傳說,鈴木健一郎,日向の伝説　 改訂再刊,文華堂,昭和47,1972,https://dl.ndl.go.jp/pid/12501608,,,
弘法の泉,,伝説,日南市,南那珂郡,,,,,,六　南那珂郡の傳說,鈴木健一郎,日向の伝説　 改訂再刊,文華堂,昭和47,1972,https://dl.ndl.go.jp/pid/12501608,,,
狐天に鳴く,,伝説,日南市,南那珂郡,,,,,,六　南那珂郡の傳說,鈴木健一郎,日向の伝説　 改訂再刊,文華堂,昭和47,1972,https://dl.ndl.go.jp/pid/12501608,,,
板敷神社,,伝説,日南市,南那珂郡,,,,,,六　南那珂郡の傳說,鈴木健一郎,日向の伝説　 改訂再刊,文華堂,昭和47,1972,https://dl.ndl.go.jp/pid/12501608,,,
飯肥藩の検地と石高,,伝説,日南市,南那珂郡,,,,,,六　南那珂郡の傳說,鈴木健一郎,日向の伝説　 改訂再刊,文華堂,昭和47,1972,https://dl.ndl.go.jp/pid/12501608,,,
飯肥藩主の十曜紋,,伝説,日南市,南那珂郡,,,,,,六　南那珂郡の傳說,鈴木健一郎,日向の伝説　 改訂再刊,文華堂,昭和47,1972,https://dl.ndl.go.jp/pid/12501608,,,
飯肥藩士新年の挨拶,,伝説,日南市,南那珂郡,,,,,,六　南那珂郡の傳說,鈴木健一郎,日向の伝説　 改訂再刊,文華堂,昭和47,1972,https://dl.ndl.go.jp/pid/12501608,,,
永禄頃の武士気質,,伝説,日南市,南那珂郡,,,,,,六　南那珂郡の傳說,鈴木健一郎,日向の伝説　 改訂再刊,文華堂,昭和47,1972,https://dl.ndl.go.jp/pid/12501608,,,
飯肥へ行こうと鳴った鐘,,伝説,日南市,南那珂郡,,,,,,六　南那珂郡の傳說,鈴木健一郎,日向の伝説　 改訂再刊,文華堂,昭和47,1972,https://dl.ndl.go.jp/pid/12501608,,,
祐還和尚,,伝説,日南市,南那珂郡,,,,,,六　南那珂郡の傳說,鈴木健一郎,日向の伝説　 改訂再刊,文華堂,昭和47,1972,https://dl.ndl.go.jp/pid/12501608,,,
木兎先生,,伝説,日南市,南那珂郡,,,,,,六　南那珂郡の傳說,鈴木健一郎,日向の伝説　 改訂再刊,文華堂,昭和47,1972,https://dl.ndl.go.jp/pid/12501608,,,
海州和尚,,伝説,日南市,南那珂郡,,,,,,六　南那珂郡の傳說,鈴木健一郎,日向の伝説　 改訂再刊,文華堂,昭和47,1972,https://dl.ndl.go.jp/pid/12501608,,,
作筒家宜竹,,伝説,日南市,南那珂郡,,,,,,六　南那珂郡の傳說,鈴木健一郎,日向の伝説　 改訂再刊,文華堂,昭和47,1972,https://dl.ndl.go.jp/pid/12501608,,,
蕃薯と飯肥藩,,伝説,日南市,南那珂郡,,,,,,六　南那珂郡の傳說,鈴木健一郎,日向の伝説　 改訂再刊,文華堂,昭和47,1972,https://dl.ndl.go.jp/pid/12501608,,,
大野主馬治房,,伝説,日南市,南那珂郡,,,,,,六　南那珂郡の傳說,鈴木健一郎,日向の伝説　 改訂再刊,文華堂,昭和47,1972,https://dl.ndl.go.jp/pid/12501608,,,
元野の杉林,,伝説,日南市,南那珂郡,,,,,,六　南那珂郡の傳說,鈴木健一郎,日向の伝説　 改訂再刊,文華堂,昭和47,1972,https://dl.ndl.go.jp/pid/12501608,,,
飯肥藩の養蚕,,伝説,日南市,南那珂郡,,,,,,六　南那珂郡の傳說,鈴木健一郎,日向の伝説　 改訂再刊,文華堂,昭和47,1972,https://dl.ndl.go.jp/pid/12501608,,,
堕胎の禁,,伝説,日南市,南那珂郡,,,,,,六　南那珂郡の傳說,鈴木健一郎,日向の伝説　 改訂再刊,文華堂,昭和47,1972,https://dl.ndl.go.jp/pid/12501608,,,
飯肥杉の由来,,伝説,日南市,南那珂郡,,,,,,六　南那珂郡の傳說,鈴木健一郎,日向の伝説　 改訂再刊,文華堂,昭和47,1972,https://dl.ndl.go.jp/pid/12501608,,,
荒川稲,,伝説,日南市,南那珂郡,,,,,,六　南那珂郡の傳說,鈴木健一郎,日向の伝説　 改訂再刊,文華堂,昭和47,1972,https://dl.ndl.go.jp/pid/12501608,,,
山女と慈道弓,,伝説,日南市,南那珂郡,,,,,,六　南那珂郡の傳說,鈴木健一郎,日向の伝説　 改訂再刊,文華堂,昭和47,1972,https://dl.ndl.go.jp/pid/12501608,,,
頓智小僧徳蔵主,,伝説,日南市,南那珂郡,,,,,,六　南那珂郡の傳說,鈴木健一郎,日向の伝説　 改訂再刊,文華堂,昭和47,1972,https://dl.ndl.go.jp/pid/12501608,,,
油津の堀川,,伝説,日南市,南那珂郡,,,,,,六　南那珂郡の傳說,鈴木健一郎,日向の伝説　 改訂再刊,文華堂,昭和47,1972,https://dl.ndl.go.jp/pid/12501608,,,
伊東助之進の切腹,,伝説,日南市,南那珂郡,,,,,,六　南那珂郡の傳說,鈴木健一郎,日向の伝説　 改訂再刊,文華堂,昭和47,1972,https://dl.ndl.go.jp/pid/12501608,,,
坊主が浜の由来,,伝説,日南市,南那珂郡,,,,,,六　南那珂郡の傳說,鈴木健一郎,日向の伝説　 改訂再刊,文華堂,昭和47,1972,https://dl.ndl.go.jp/pid/12501608,,,
狐塚,,伝説,日南市,南那珂郡,,,,,,六　南那珂郡の傳說,鈴木健一郎,日向の伝説　 改訂再刊,文華堂,昭和47,1972,https://dl.ndl.go.jp/pid/12501608,,,
平山神社,,伝説,日南市,南那珂郡,,,,,,六　南那珂郡の傳說,鈴木健一郎,日向の伝説　 改訂再刊,文華堂,昭和47,1972,https://dl.ndl.go.jp/pid/12501608,,,
平山の駒繋松,,伝説,日南市,南那珂郡,,,,,,六　南那珂郡の傳說,鈴木健一郎,日向の伝説　 改訂再刊,文華堂,昭和47,1972,https://dl.ndl.go.jp/pid/12501608,,,
景行天皇の御遺蹟,,伝説,日南市,南那珂郡,,,,,,六　南那珂郡の傳說,鈴木健一郎,日向の伝説　 改訂再刊,文華堂,昭和47,1972,https://dl.ndl.go.jp/pid/12501608,,,
柴谷の硯材,,伝説,日南市,南那珂郡,,,,,,六　南那珂郡の傳說,鈴木健一郎,日向の伝説　 改訂再刊,文華堂,昭和47,1972,https://dl.ndl.go.jp/pid/12501608,,,
伊東肝属の虚戦,,伝説,日南市,南那珂郡,,,,,,六　南那珂郡の傳說,鈴木健一郎,日向の伝説　 改訂再刊,文華堂,昭和47,1972,https://dl.ndl.go.jp/pid/12501608,,,
伊東平右衛門の扇,,伝説,日南市,南那珂郡,,,,,,六　南那珂郡の傳說,鈴木健一郎,日向の伝説　 改訂再刊,文華堂,昭和47,1972,https://dl.ndl.go.jp/pid/12501608,,,
永徳寺の薬師如来,,伝説,日南市,南那珂郡,,,,,,六　南那珂郡の傳說,鈴木健一郎,日向の伝説　 改訂再刊,文華堂,昭和47,1972,https://dl.ndl.go.jp/pid/12501608,,,
神女ます子,,伝説,日南市,南那珂郡,,,,,,六　南那珂郡の傳說,鈴木健一郎,日向の伝説　 改訂再刊,文華堂,昭和47,1972,https://dl.ndl.go.jp/pid/12501608,,,
妖女寿法院,,伝説,日南市,南那珂郡,,,,,,六　南那珂郡の傳說,鈴木健一郎,日向の伝説　 改訂再刊,文華堂,昭和47,1972,https://dl.ndl.go.jp/pid/12501608,,,
櫛間大明神,,伝説,日南市,南那珂郡,,,,,,六　南那珂郡の傳說,鈴木健一郎,日向の伝説　 改訂再刊,文華堂,昭和47,1972,https://dl.ndl.go.jp/pid/12501608,,,
伊作久逸,,伝説,日南市,南那珂郡,,,,,,六　南那珂郡の傳說,鈴木健一郎,日向の伝説　 改訂再刊,文華堂,昭和47,1972,https://dl.ndl.go.jp/pid/12501608,,,
黒荷田の蛇権現,,伝説,日南市,南那珂郡,,,,,,六　南那珂郡の傳說,鈴木健一郎,日向の伝説　 改訂再刊,文華堂,昭和47,1972,https://dl.ndl.go.jp/pid/12501608,,,
吉野方の大根川,,伝説,日南市,南那珂郡,,,,,,六　南那珂郡の傳說,鈴木健一郎,日向の伝説　 改訂再刊,文華堂,昭和47,1972,https://dl.ndl.go.jp/pid/12501608,,,
岩折神社と市木神社,,伝説,日南市,南那珂郡,,,,,,六　南那珂郡の傳說,鈴木健一郎,日向の伝説　 改訂再刊,文華堂,昭和47,1972,https://dl.ndl.go.jp/pid/12501608,,,
ちじゅ様,,伝説,日南市,南那珂郡,,,,,,六　南那珂郡の傳說,鈴木健一郎,日向の伝説　 改訂再刊,文華堂,昭和47,1972,https://dl.ndl.go.jp/pid/12501608,,,
永徳寺の薬師と宗近の址,,伝説,日南市,南那珂郡,,,,,,六　南那珂郡の傳說,鈴木健一郎,日向の伝説　 改訂再刊,文華堂,昭和47,1972,https://dl.ndl.go.jp/pid/12501608,,,
福島沖の黒船,,伝説,日南市,南那珂郡,,,,,,六　南那珂郡の傳說,鈴木健一郎,日向の伝説　 改訂再刊,文華堂,昭和47,1972,https://dl.ndl.go.jp/pid/12501608,,,
中別府の蛇王権現,,伝説,日南市,南那珂郡,,,,,,六　南那珂郡の傳說,鈴木健一郎,日向の伝説　 改訂再刊,文華堂,昭和47,1972,https://dl.ndl.go.jp/pid/12501608,,,
八床の洞窟,,伝説,日南市,南那珂郡,,,,,,六　南那珂郡の傳說,鈴木健一郎,日向の伝説　 改訂再刊,文華堂,昭和47,1972,https://dl.ndl.go.jp/pid/12501608,,,
笠祇獄大明神,,伝説,日南市,南那珂郡,,,,,,六　南那珂郡の傳說,鈴木健一郎,日向の伝説　 改訂再刊,文華堂,昭和47,1972,https://dl.ndl.go.jp/pid/12501608,,,
,,伝説,,,,,,,,七　東諸縣郡の傳說,鈴木健一郎,日向の伝説　 改訂再刊,文華堂,昭和47,1972,https://dl.ndl.go.jp/pid/12501608,,,
倉岡の地名と備前の墓,,伝説,宮崎市,東諸縣郡,,,,,,七　東諸縣郡の傳說,鈴木健一郎,日向の伝説　 改訂再刊,文華堂,昭和47,1972,https://dl.ndl.go.jp/pid/12501608,,,
池尻城,,伝説,宮崎市,東諸縣郡,,,,,,七　東諸縣郡の傳說,鈴木健一郎,日向の伝説　 改訂再刊,文華堂,昭和47,1972,https://dl.ndl.go.jp/pid/12501608,,,
飯山寺,,伝説,宮崎市,東諸縣郡,,,,,,七　東諸縣郡の傳說,鈴木健一郎,日向の伝説　 改訂再刊,文華堂,昭和47,1972,https://dl.ndl.go.jp/pid/12501608,,,
高岡の石敢当,,伝説,宮崎市,東諸縣郡,,,,,,七　東諸縣郡の傳說,鈴木健一郎,日向の伝説　 改訂再刊,文華堂,昭和47,1972,https://dl.ndl.go.jp/pid/12501608,,,
栗野大明神社,,伝説,宮崎市,東諸縣郡,,,,,,七　東諸縣郡の傳說,鈴木健一郎,日向の伝説　 改訂再刊,文華堂,昭和47,1972,https://dl.ndl.go.jp/pid/12501608,,,
月知梅,,伝説,宮崎市,東諸縣郡,,,,,,七　東諸縣郡の傳說,鈴木健一郎,日向の伝説　 改訂再刊,文華堂,昭和47,1972,https://dl.ndl.go.jp/pid/12501608,,,
大日堂,,伝説,宮崎市,東諸縣郡,,,,,,七　東諸縣郡の傳說,鈴木健一郎,日向の伝説　 改訂再刊,文華堂,昭和47,1972,https://dl.ndl.go.jp/pid/12501608,,,
松尾山本永寺,,伝説,宮崎市,東諸縣郡,,,,,,七　東諸縣郡の傳說,鈴木健一郎,日向の伝説　 改訂再刊,文華堂,昭和47,1972,https://dl.ndl.go.jp/pid/12501608,,,
内山の稲荷神社,,伝説,宮崎市,東諸縣郡,,,,,,七　東諸縣郡の傳說,鈴木健一郎,日向の伝説　 改訂再刊,文華堂,昭和47,1972,https://dl.ndl.go.jp/pid/12501608,,,
高岡の地名と天ヶ城,,伝説,宮崎市,東諸縣郡,,,,,,七　東諸縣郡の傳說,鈴木健一郎,日向の伝説　 改訂再刊,文華堂,昭和47,1972,https://dl.ndl.go.jp/pid/12501608,,,
内山の増長寺,,伝説,宮崎市,東諸縣郡,,,,,,七　東諸縣郡の傳說,鈴木健一郎,日向の伝説　 改訂再刊,文華堂,昭和47,1972,https://dl.ndl.go.jp/pid/12501608,,,
犬熊山,,伝説,宮崎市,東諸縣郡,,,,,,七　東諸縣郡の傳說,鈴木健一郎,日向の伝説　 改訂再刊,文華堂,昭和47,1972,https://dl.ndl.go.jp/pid/12501608,,,
飯盛の名称,,伝説,宮崎市,東諸縣郡,,,,,,七　東諸縣郡の傳說,鈴木健一郎,日向の伝説　 改訂再刊,文華堂,昭和47,1972,https://dl.ndl.go.jp/pid/12501608,,,
秀長の禁制,,伝説,宮崎市,東諸縣郡,,,,,,七　東諸縣郡の傳說,鈴木健一郎,日向の伝説　 改訂再刊,文華堂,昭和47,1972,https://dl.ndl.go.jp/pid/12501608,,,
真金山法華岳寺,,伝説,国富町,東諸縣郡,,,,,,七　東諸縣郡の傳說,鈴木健一郎,日向の伝説　 改訂再刊,文華堂,昭和47,1972,https://dl.ndl.go.jp/pid/12501608,,,
法華岳の薬師と和泉式部,,伝説,国富町,東諸縣郡,,,,,,七　東諸縣郡の傳說,鈴木健一郎,日向の伝説　 改訂再刊,文華堂,昭和47,1972,https://dl.ndl.go.jp/pid/12501608,,,
法華岳の木鶏,,伝説,国富町,東諸縣郡,,,,,,七　東諸縣郡の傳說,鈴木健一郎,日向の伝説　 改訂再刊,文華堂,昭和47,1972,https://dl.ndl.go.jp/pid/12501608,,,
綾・錦原の地名,,伝説,綾町,東諸縣郡,,,,,,七　東諸縣郡の傳說,鈴木健一郎,日向の伝説　 改訂再刊,文華堂,昭和47,1972,https://dl.ndl.go.jp/pid/12501608,,,
綾の錦原,,伝説,綾町,東諸縣郡,,,,,,七　東諸縣郡の傳說,鈴木健一郎,日向の伝説　 改訂再刊,文華堂,昭和47,1972,https://dl.ndl.go.jp/pid/12501608,,,
綾神社,,伝説,綾町,東諸縣郡,,,,,,七　東諸縣郡の傳說,鈴木健一郎,日向の伝説　 改訂再刊,文華堂,昭和47,1972,https://dl.ndl.go.jp/pid/12501608,,,
三宮大明神社,,伝説,綾町,東諸縣郡,,,,,,七　東諸縣郡の傳說,鈴木健一郎,日向の伝説　 改訂再刊,文華堂,昭和47,1972,https://dl.ndl.go.jp/pid/12501608,,,
川中岳の阿弥陀と法華岳の薬師,,伝説,綾町,東諸縣郡,,,,,,七　東諸縣郡の傳說,鈴木健一郎,日向の伝説　 改訂再刊,文華堂,昭和47,1972,https://dl.ndl.go.jp/pid/12501608,,,
綾村の西光寺,,伝説,綾町,東諸縣郡,,,,,,七　東諸縣郡の傳說,鈴木健一郎,日向の伝説　 改訂再刊,文華堂,昭和47,1972,https://dl.ndl.go.jp/pid/12501608,,,
本永寺の黒本尊,,伝説,,東諸縣郡,,,,,,七　東諸縣郡の傳說,鈴木健一郎,日向の伝説　 改訂再刊,文華堂,昭和47,1972,https://dl.ndl.go.jp/pid/12501608,,,
去川関,,伝説,宮崎市,東諸縣郡,,,,,,七　東諸縣郡の傳說,鈴木健一郎,日向の伝説　 改訂再刊,文華堂,昭和47,1972,https://dl.ndl.go.jp/pid/12501608,,,
,,伝説,,西諸縣郡,,,,,,八　西諸縣郡の傳說,鈴木健一郎,日向の伝説　 改訂再刊,文華堂,昭和47,1972,https://dl.ndl.go.jp/pid/12501608,,,
小林市の地名,,伝説,,西諸縣郡,,,,,,八　西諸縣郡の傳說,鈴木健一郎,日向の伝説　 改訂再刊,文華堂,昭和47,1972,https://dl.ndl.go.jp/pid/12501608,,,
夷守,,伝説,,西諸縣郡,,,,,,八　西諸縣郡の傳說,鈴木健一郎,日向の伝説　 改訂再刊,文華堂,昭和47,1972,https://dl.ndl.go.jp/pid/12501608,,,
霧島嶺神社,,伝説,,西諸縣郡,,,,,,八　西諸縣郡の傳說,鈴木健一郎,日向の伝説　 改訂再刊,文華堂,昭和47,1972,https://dl.ndl.go.jp/pid/12501608,,,
天の逆鉾,,伝説,,西諸縣郡,,,,,,八　西諸縣郡の傳說,鈴木健一郎,日向の伝説　 改訂再刊,文華堂,昭和47,1972,https://dl.ndl.go.jp/pid/12501608,,,
天の逆鉾異聞,,伝説,,西諸縣郡,,,,,,八　西諸縣郡の傳說,鈴木健一郎,日向の伝説　 改訂再刊,文華堂,昭和47,1972,https://dl.ndl.go.jp/pid/12501608,,,
鷹塔山の寺跡,,伝説,,西諸縣郡,,,,,,八　西諸縣郡の傳說,鈴木健一郎,日向の伝説　 改訂再刊,文華堂,昭和47,1972,https://dl.ndl.go.jp/pid/12501608,,,
鷹導山承和寺,,伝説,,西諸縣郡,,,,,,八　西諸縣郡の傳說,鈴木健一郎,日向の伝説　 改訂再刊,文華堂,昭和47,1972,https://dl.ndl.go.jp/pid/12501608,,,
拝鷹大明神,,伝説,,西諸縣郡,,,,,,八　西諸縣郡の傳說,鈴木健一郎,日向の伝説　 改訂再刊,文華堂,昭和47,1972,https://dl.ndl.go.jp/pid/12501608,,,
細野の十日市,,伝説,,西諸縣郡,,,,,,八　西諸縣郡の傳說,鈴木健一郎,日向の伝説　 改訂再刊,文華堂,昭和47,1972,https://dl.ndl.go.jp/pid/12501608,,,
柏木崎丹後守の戦死,,伝説,,西諸縣郡,,,,,,八　西諸縣郡の傳說,鈴木健一郎,日向の伝説　 改訂再刊,文華堂,昭和47,1972,https://dl.ndl.go.jp/pid/12501608,,,
岩瀬川の洞穴,,伝説,,西諸縣郡,,,,,,八　西諸縣郡の傳說,鈴木健一郎,日向の伝説　 改訂再刊,文華堂,昭和47,1972,https://dl.ndl.go.jp/pid/12501608,,,
宮の原の杉,,伝説,,西諸縣郡,,,,,,八　西諸縣郡の傳說,鈴木健一郎,日向の伝説　 改訂再刊,文華堂,昭和47,1972,https://dl.ndl.go.jp/pid/12501608,,,
増人,,伝説,,西諸縣郡,,,,,,八　西諸縣郡の傳說,鈴木健一郎,日向の伝説　 改訂再刊,文華堂,昭和47,1972,https://dl.ndl.go.jp/pid/12501608,,,
伊集院忠真と吊羅,,伝説,,西諸縣郡,,,,,,八　西諸縣郡の傳說,鈴木健一郎,日向の伝説　 改訂再刊,文華堂,昭和47,1972,https://dl.ndl.go.jp/pid/12501608,,,
今城,,伝説,,西諸縣郡,,,,,,八　西諸縣郡の傳說,鈴木健一郎,日向の伝説　 改訂再刊,文華堂,昭和47,1972,https://dl.ndl.go.jp/pid/12501608,,,
狭野神社,,伝説,,西諸縣郡,,,,,,八　西諸縣郡の傳說,鈴木健一郎,日向の伝説　 改訂再刊,文華堂,昭和47,1972,https://dl.ndl.go.jp/pid/12501608,,,
神武天皇御降誕の地,,伝説,,西諸縣郡,,,,,,八　西諸縣郡の傳說,鈴木健一郎,日向の伝説　 改訂再刊,文華堂,昭和47,1972,https://dl.ndl.go.jp/pid/12501608,,,
御池の護摩壇,,伝説,,西諸縣郡,,,,,,八　西諸縣郡の傳說,鈴木健一郎,日向の伝説　 改訂再刊,文華堂,昭和47,1972,https://dl.ndl.go.jp/pid/12501608,,,
白鳥神社,,伝説,,西諸縣郡,,,,,,八　西諸縣郡の傳說,鈴木健一郎,日向の伝説　 改訂再刊,文華堂,昭和47,1972,https://dl.ndl.go.jp/pid/12501608,,,
白鳥権現の神徳,,伝説,,西諸縣郡,,,,,,八　西諸縣郡の傳說,鈴木健一郎,日向の伝説　 改訂再刊,文華堂,昭和47,1972,https://dl.ndl.go.jp/pid/12501608,,,
白鳥の池,,伝説,,西諸縣郡,,,,,,八　西諸縣郡の傳說,鈴木健一郎,日向の伝説　 改訂再刊,文華堂,昭和47,1972,https://dl.ndl.go.jp/pid/12501608,,,
六観音池,,伝説,,西諸縣郡,,,,,,八　西諸縣郡の傳說,鈴木健一郎,日向の伝説　 改訂再刊,文華堂,昭和47,1972,https://dl.ndl.go.jp/pid/12501608,,,
桶平の墳,,伝説,,西諸縣郡,,,,,,八　西諸縣郡の傳說,鈴木健一郎,日向の伝説　 改訂再刊,文華堂,昭和47,1972,https://dl.ndl.go.jp/pid/12501608,,,
木崎原の戦,,伝説,,西諸縣郡,,,,,,八　西諸縣郡の傳說,鈴木健一郎,日向の伝説　 改訂再刊,文華堂,昭和47,1972,https://dl.ndl.go.jp/pid/12501608,,,
狗留孫山の社寺,,伝説,,西諸縣郡,,,,,,八　西諸縣郡の傳說,鈴木健一郎,日向の伝説　 改訂再刊,文華堂,昭和47,1972,https://dl.ndl.go.jp/pid/12501608,,,
狗留孫仏の誕生窟,,伝説,,西諸縣郡,,,,,,八　西諸縣郡の傳說,鈴木健一郎,日向の伝説　 改訂再刊,文華堂,昭和47,1972,https://dl.ndl.go.jp/pid/12501608,,,
出水川,,伝説,,西諸縣郡,,,,,,八　西諸縣郡の傳說,鈴木健一郎,日向の伝説　 改訂再刊,文華堂,昭和47,1972,https://dl.ndl.go.jp/pid/12501608,,,
飛誠方神社,,伝説,,西諸縣郡,,,,,,八　西諸縣郡の傳說,鈴木健一郎,日向の伝説　 改訂再刊,文華堂,昭和47,1972,https://dl.ndl.go.jp/pid/12501608,,,
加久藤城,,伝説,,西諸縣郡,,,,,,八　西諸縣郡の傳說,鈴木健一郎,日向の伝説　 改訂再刊,文華堂,昭和47,1972,https://dl.ndl.go.jp/pid/12501608,,,
加久藤の一本杉,,伝説,,西諸縣郡,,,,,,八　西諸縣郡の傳說,鈴木健一郎,日向の伝説　 改訂再刊,文華堂,昭和47,1972,https://dl.ndl.go.jp/pid/12501608,,,
菅原神社,,伝説,,西諸縣郡,,,,,,八　西諸縣郡の傳說,鈴木健一郎,日向の伝説　 改訂再刊,文華堂,昭和47,1972,https://dl.ndl.go.jp/pid/12501608,,,
吉田温泉,,伝説,,西諸縣郡,,,,,,八　西諸縣郡の傳說,鈴木健一郎,日向の伝説　 改訂再刊,文華堂,昭和47,1972,https://dl.ndl.go.jp/pid/12501608,,,
どほん塚,,伝説,,西諸縣郡,,,,,,八　西諸縣郡の傳說,鈴木健一郎,日向の伝説　 改訂再刊,文華堂,昭和47,1972,https://dl.ndl.go.jp/pid/12501608,,,
南方神社の神様,,伝説,,西諸縣郡,,,,,,八　西諸縣郡の傳說,鈴木健一郎,日向の伝説　 改訂再刊,文華堂,昭和47,1972,https://dl.ndl.go.jp/pid/12501608,,,
蛇ケ淵,,伝説,,西諸縣郡,,,,,,八　西諸縣郡の傳說,鈴木健一郎,日向の伝説　 改訂再刊,文華堂,昭和47,1972,https://dl.ndl.go.jp/pid/12501608,,,
飯野の風穴,,伝説,,西諸縣郡,,,,,,八　西諸縣郡の傳說,鈴木健一郎,日向の伝説　 改訂再刊,文華堂,昭和47,1972,https://dl.ndl.go.jp/pid/12501608,,,
,,伝説,,北諸縣郡,,,,,,九　北諸縣郡の傳說,鈴木健一郎,日向の伝説　 改訂再刊,文華堂,昭和47,1972,https://dl.ndl.go.jp/pid/12501608,,,
的野八幡,,伝説,,北諸縣郡,,,,,,九　北諸縣郡の傳說,鈴木健一郎,日向の伝説　 改訂再刊,文華堂,昭和47,1972,https://dl.ndl.go.jp/pid/12501608,,,
熊野神社,,伝説,,北諸縣郡,,,,,,九　北諸縣郡の傳說,鈴木健一郎,日向の伝説　 改訂再刊,文華堂,昭和47,1972,https://dl.ndl.go.jp/pid/12501608,,,
修善寺,,伝説,,北諸縣郡,,,,,,九　北諸縣郡の傳說,鈴木健一郎,日向の伝説　 改訂再刊,文華堂,昭和47,1972,https://dl.ndl.go.jp/pid/12501608,,,
山之口の古城,,伝説,,北諸縣郡,,,,,,九　北諸縣郡の傳說,鈴木健一郎,日向の伝説　 改訂再刊,文華堂,昭和47,1972,https://dl.ndl.go.jp/pid/12501608,,,
三俣城址,,伝説,,北諸縣郡,,,,,,九　北諸縣郡の傳說,鈴木健一郎,日向の伝説　 改訂再刊,文華堂,昭和47,1972,https://dl.ndl.go.jp/pid/12501608,,,
正応寺と正応桜,,伝説,,北諸縣郡,,,,,,九　北諸縣郡の傳說,鈴木健一郎,日向の伝説　 改訂再刊,文華堂,昭和47,1972,https://dl.ndl.go.jp/pid/12501608,,,
西応寺,,伝説,,北諸縣郡,,,,,,九　北諸縣郡の傳說,鈴木健一郎,日向の伝説　 改訂再刊,文華堂,昭和47,1972,https://dl.ndl.go.jp/pid/12501608,,,
生正寺,,伝説,,北諸縣郡,,,,,,九　北諸縣郡の傳說,鈴木健一郎,日向の伝説　 改訂再刊,文華堂,昭和47,1972,https://dl.ndl.go.jp/pid/12501608,,,
島津院と島津の荘,,伝説,,北諸縣郡,,,,,,九　北諸縣郡の傳說,鈴木健一郎,日向の伝説　 改訂再刊,文華堂,昭和47,1972,https://dl.ndl.go.jp/pid/12501608,,,
島津稲荷,,伝説,,北諸縣郡,,,,,,九　北諸縣郡の傳說,鈴木健一郎,日向の伝説　 改訂再刊,文華堂,昭和47,1972,https://dl.ndl.go.jp/pid/12501608,,,
都城・島津の地名,,伝説,,北諸縣郡,,,,,,九　北諸縣郡の傳說,鈴木健一郎,日向の伝説　 改訂再刊,文華堂,昭和47,1972,https://dl.ndl.go.jp/pid/12501608,,,
神柱神社,,伝説,,北諸縣郡,,,,,,九　北諸縣郡の傳說,鈴木健一郎,日向の伝説　 改訂再刊,文華堂,昭和47,1972,https://dl.ndl.go.jp/pid/12501608,,,
興金寺,,伝説,,北諸縣郡,,,,,,九　北諸縣郡の傳說,鈴木健一郎,日向の伝説　 改訂再刊,文華堂,昭和47,1972,https://dl.ndl.go.jp/pid/12501608,,,
明人何欽吉の墓,,伝説,,北諸縣郡,,,,,,九　北諸縣郡の傳說,鈴木健一郎,日向の伝説　 改訂再刊,文華堂,昭和47,1972,https://dl.ndl.go.jp/pid/12501608,,,
一万城,,伝説,,北諸縣郡,,,,,,九　北諸縣郡の傳說,鈴木健一郎,日向の伝説　 改訂再刊,文華堂,昭和47,1972,https://dl.ndl.go.jp/pid/12501608,,,
都城の製茶,,伝説,,北諸縣郡,,,,,,九　北諸縣郡の傳說,鈴木健一郎,日向の伝説　 改訂再刊,文華堂,昭和47,1972,https://dl.ndl.go.jp/pid/12501608,,,
新霧島権現,,伝説,,北諸縣郡,,,,,,九　北諸縣郡の傳說,鈴木健一郎,日向の伝説　 改訂再刊,文華堂,昭和47,1972,https://dl.ndl.go.jp/pid/12501608,,,
天長寺の不動尊,,伝説,,北諸縣郡,,,,,,九　北諸縣郡の傳說,鈴木健一郎,日向の伝説　 改訂再刊,文華堂,昭和47,1972,https://dl.ndl.go.jp/pid/12501608,,,
五十町の薬師堂,,伝説,,北諸縣郡,,,,,,九　北諸縣郡の傳說,鈴木健一郎,日向の伝説　 改訂再刊,文華堂,昭和47,1972,https://dl.ndl.go.jp/pid/12501608,,,
荒人大明神,,伝説,,北諸縣郡,,,,,,九　北諸縣郡の傳說,鈴木健一郎,日向の伝説　 改訂再刊,文華堂,昭和47,1972,https://dl.ndl.go.jp/pid/12501608,,,
小山川原の戦,,伝説,,北諸縣郡,,,,,,九　北諸縣郡の傳說,鈴木健一郎,日向の伝説　 改訂再刊,文華堂,昭和47,1972,https://dl.ndl.go.jp/pid/12501608,,,
諏方神社,,伝説,,北諸縣郡,,,,,,九　北諸縣郡の傳說,鈴木健一郎,日向の伝説　 改訂再刊,文華堂,昭和47,1972,https://dl.ndl.go.jp/pid/12501608,,,
美少年曾山次十郎,,伝説,,北諸縣郡,,,,,,九　北諸縣郡の傳說,鈴木健一郎,日向の伝説　 改訂再刊,文華堂,昭和47,1972,https://dl.ndl.go.jp/pid/12501608,,,
山田城の戦,,伝説,,北諸縣郡,,,,,,九　北諸縣郡の傳說,鈴木健一郎,日向の伝説　 改訂再刊,文華堂,昭和47,1972,https://dl.ndl.go.jp/pid/12501608,,,
荒武神社,,伝説,,北諸縣郡,,,,,,九　北諸縣郡の傳說,鈴木健一郎,日向の伝説　 改訂再刊,文華堂,昭和47,1972,https://dl.ndl.go.jp/pid/12501608,,,
東霧島神社,,伝説,,北諸縣郡,,,,,,九　北諸縣郡の傳說,鈴木健一郎,日向の伝説　 改訂再刊,文華堂,昭和47,1972,https://dl.ndl.go.jp/pid/12501608,,,
東霧島神社の裂盤,,伝説,,北諸縣郡,,,,,,九　北諸縣郡の傳說,鈴木健一郎,日向の伝説　 改訂再刊,文華堂,昭和47,1972,https://dl.ndl.go.jp/pid/12501608,,,
故有谷の神石,,伝説,,北諸縣郡,,,,,,九　北諸縣郡の傳說,鈴木健一郎,日向の伝説　 改訂再刊,文華堂,昭和47,1972,https://dl.ndl.go.jp/pid/12501608,,,
神像の威力,,伝説,,北諸縣郡,,,,,,九　北諸縣郡の傳說,鈴木健一郎,日向の伝説　 改訂再刊,文華堂,昭和47,1972,https://dl.ndl.go.jp/pid/12501608,,,
大井手の春日神社,,伝説,,北諸縣郡,,,,,,九　北諸縣郡の傳說,鈴木健一郎,日向の伝説　 改訂再刊,文華堂,昭和47,1972,https://dl.ndl.go.jp/pid/12501608,,,
南朝の忠臣肝属八郎,,伝説,,北諸縣郡,,,,,,九　北諸縣郡の傳說,鈴木健一郎,日向の伝説　 改訂再刊,文華堂,昭和47,1972,https://dl.ndl.go.jp/pid/12501608,,,
石山寺の実庵和尚,,伝説,,北諸縣郡,,,,,,九　北諸縣郡の傳說,鈴木健一郎,日向の伝説　 改訂再刊,文華堂,昭和47,1972,https://dl.ndl.go.jp/pid/12501608,,,
井之城の深洞,,伝説,,北諸縣郡,,,,,,九　北諸縣郡の傳說,鈴木健一郎,日向の伝説　 改訂再刊,文華堂,昭和47,1972,https://dl.ndl.go.jp/pid/12501608,,,
兼喜神社,,伝説,,北諸縣郡,,,,,,九　北諸縣郡の傳說,鈴木健一郎,日向の伝説　 改訂再刊,文華堂,昭和47,1972,https://dl.ndl.go.jp/pid/12501608,,,
静女の身投げ,,伝説,,北諸縣郡,,,,,,九　北諸縣郡の傳說,鈴木健一郎,日向の伝説　 改訂再刊,文華堂,昭和47,1972,https://dl.ndl.go.jp/pid/12501608,,,
霧島登山の故事,,伝説,,北諸縣郡,,,,,,九　北諸縣郡の傳說,鈴木健一郎,日向の伝説　 改訂再刊,文華堂,昭和47,1972,https://dl.ndl.go.jp/pid/12501608,,,
,,,,,,,,,,,屋敷繁,えびのの民俗　第1集,えびの市,昭和47,1972,,,,
,,,,,,,,,,,野内忠良,神話のふるさと 心の健康書,野内忠良,昭和47,1972,,,,
,,,,,,,,,,,比江島重孝,1972比江島重孝『神さまと土ぐも』さ・え・ら書房、1972年,,昭和47,1972,https://dl.ndl.go.jp/pid/12925009,,,
三星さま,,昔話,西都市,西都市,,松浦シゲノ,,,,,比江島重孝,塩吹き臼,桜風社,昭和48,1973,https://dl.ndl.go.jp/pid/12467823,,,
三尺わらじ,,昔話,西都市,西都市,,新名常吉,,,,,比江島重孝,塩吹き臼,桜風社,昭和48,1973,https://dl.ndl.go.jp/pid/12467824,,,
土か入ったら,,昔話,西都市,西都市,,新名常吉,,,,,比江島重孝,塩吹き臼,桜風社,昭和48,1973,https://dl.ndl.go.jp/pid/12467825,,,
やくさん馬場,,昔話,西都市,西都市,,新名常吉,,,,,比江島重孝,塩吹き臼,桜風社,昭和48,1973,https://dl.ndl.go.jp/pid/12467826,,,
みみずは土食（く）よ,,昔話,西都市,西都市,,西原ハツ,,,,,比江島重孝,塩吹き臼,桜風社,昭和48,1973,https://dl.ndl.go.jp/pid/12467827,,,
出合いの峠,,昔話,西都市,西都市,,西原ハツ,,,,,比江島重孝,塩吹き臼,桜風社,昭和48,1973,https://dl.ndl.go.jp/pid/12467828,,,
山の神,,昔話,西都市,西都市,,西原ハツ,,,,,比江島重孝,塩吹き臼,桜風社,昭和48,1973,https://dl.ndl.go.jp/pid/12467829,,,
鴻池ばなし,,昔話,西都市,西都市,,西原ハツ,,,,,比江島重孝,塩吹き臼,桜風社,昭和48,1973,https://dl.ndl.go.jp/pid/12467830,,,
片輪者の変化,,昔話,西都市,西都市,,西原ハツ,,,,,比江島重孝,塩吹き臼,桜風社,昭和48,1973,https://dl.ndl.go.jp/pid/12467831,,,
明け六つ暮れ六つ,,昔話,西都市,西都市,,西原ハツ,,,,,比江島重孝,塩吹き臼,桜風社,昭和48,1973,https://dl.ndl.go.jp/pid/12467832,,,
竜宮世界のお姫さま,,昔話,西都市,西都市,,西原ハツ,,,,,比江島重孝,塩吹き臼,桜風社,昭和48,1973,https://dl.ndl.go.jp/pid/12467833,,,
毘沙門さまの授り子,,昔話,西都市,西都市,,西原ハツ,,,,,比江島重孝,塩吹き臼,桜風社,昭和48,1973,https://dl.ndl.go.jp/pid/12467834,,,
すねこ太郎,,昔話,西都市,西都市,,西原ハツ,,,,,比江島重孝,塩吹き臼,桜風社,昭和48,1973,https://dl.ndl.go.jp/pid/12467835,,,
足から生まれた子,,昔話,西都市,西都市,,西原ハツ,,,,,比江島重孝,塩吹き臼,桜風社,昭和48,1973,https://dl.ndl.go.jp/pid/12467836,,,
べろ出し本尊,,昔話,西都市,西都市,,西原ハツ,,,,,比江島重孝,塩吹き臼,桜風社,昭和48,1973,https://dl.ndl.go.jp/pid/12467837,,,
塩吹き臼,,昔話,西都市,西都市,,西原ハツ,,,,,比江島重孝,塩吹き臼,桜風社,昭和48,1973,https://dl.ndl.go.jp/pid/12467838,,,
三年寝太郎,,昔話,西都市,西都市,,西原ハツ,,,,,比江島重孝,塩吹き臼,桜風社,昭和48,1973,https://dl.ndl.go.jp/pid/12467839,,,
手なし女,,昔話,西都市,西都市,,西原ハツ,,,,,比江島重孝,塩吹き臼,桜風社,昭和48,1973,https://dl.ndl.go.jp/pid/12467840,,,
灰坊太郎,,昔話,西都市,西都市,,西原ハツ,,,,,比江島重孝,塩吹き臼,桜風社,昭和48,1973,https://dl.ndl.go.jp/pid/12467841,,,
日焼け豆,,昔話,西都市,西都市,,西原ハツ,,,,,比江島重孝,塩吹き臼,桜風社,昭和48,1973,https://dl.ndl.go.jp/pid/12467842,,,
地蔵浄土,,昔話,西都市,西都市,,西原ハツ,,,,,比江島重孝,塩吹き臼,桜風社,昭和48,1973,https://dl.ndl.go.jp/pid/12467843,,,
千代の松竹,,昔話,西都市,西都市,,西原ハツ,,,,,比江島重孝,塩吹き臼,桜風社,昭和48,1973,https://dl.ndl.go.jp/pid/12467844,,,
カラの巣,,昔話,西都市,西都市,,西原ハツ,,,,,比江島重孝,塩吹き臼,桜風社,昭和48,1973,https://dl.ndl.go.jp/pid/12467845,,,
小僧の名前,,昔話,西都市,西都市,,西原ハツ,,,,,比江島重孝,塩吹き臼,桜風社,昭和48,1973,https://dl.ndl.go.jp/pid/12467846,,,
シュン　クタクタ,,昔話,西都市,西都市,,西原ハツ,,,,,比江島重孝,塩吹き臼,桜風社,昭和48,1973,https://dl.ndl.go.jp/pid/12467847,,,
西行の嫁えらび,,昔話,西都市,西都市,,西原ハツ,,,,,比江島重孝,塩吹き臼,桜風社,昭和48,1973,https://dl.ndl.go.jp/pid/12467848,,,
ぼんぼら茶,,昔話,西都市,西都市,,西原ハツ,,,,,比江島重孝,塩吹き臼,桜風社,昭和48,1973,https://dl.ndl.go.jp/pid/12467849,,,
カオカオ,,昔話,西都市,西都市,,西原ハツ,,,,,比江島重孝,塩吹き臼,桜風社,昭和48,1973,https://dl.ndl.go.jp/pid/12467850,,,
里くだり,,昔話,西都市,西都市,,西原ハツ,,,,,比江島重孝,塩吹き臼,桜風社,昭和48,1973,https://dl.ndl.go.jp/pid/12467851,,,
ワタは食ぺ申さん,,昔話,西都市,西都市,,西原ハツ,,,,,比江島重孝,塩吹き臼,桜風社,昭和48,1973,https://dl.ndl.go.jp/pid/12467852,,,
旅学問,,昔話,西都市,西都市,,西原ハツ,,,,,比江島重孝,塩吹き臼,桜風社,昭和48,1973,https://dl.ndl.go.jp/pid/12467853,,,
竹の雀は品よくとまる,,昔話,西都市,西都市,,西原ハツ,,,,,比江島重孝,塩吹き臼,桜風社,昭和48,1973,https://dl.ndl.go.jp/pid/12467854,,,
ぬけ首,,昔話,西都市,西都市,,西原ハツ,,,,,比江島重孝,塩吹き臼,桜風社,昭和48,1973,https://dl.ndl.go.jp/pid/12467855,,,
あかぎゃ馬,,昔話,西都市,西都市,,西原ハツ,,,,,比江島重孝,塩吹き臼,桜風社,昭和48,1973,https://dl.ndl.go.jp/pid/12467856,,,
狸の伊勢参り,,昔話,西都市,西都市,,西原ハツ,,,,,比江島重孝,塩吹き臼,桜風社,昭和48,1973,https://dl.ndl.go.jp/pid/12467857,,,
お伊勢参り,,昔話,西都市,西都市,,西原ハツ,,,,,比江島重孝,塩吹き臼,桜風社,昭和48,1973,https://dl.ndl.go.jp/pid/12467858,,,
鳥の知恵,,昔話,宮崎市,佐土原町,,永野伊作,,,,,比江島重孝,塩吹き臼,桜風社,昭和48,1973,https://dl.ndl.go.jp/pid/12467859,,,
七化け　八化け,,昔話,宮崎市,佐土原町,,永野伊作,,,,,比江島重孝,塩吹き臼,桜風社,昭和48,1973,https://dl.ndl.go.jp/pid/12467860,,,
ミナどん,,昔話,宮崎市,佐土原町,,永野伊作,,,,,比江島重孝,塩吹き臼,桜風社,昭和48,1973,https://dl.ndl.go.jp/pid/12467861,,,
鳥のきき耳,,昔話,宮崎市,佐土原町,,永野伊作,,,,,比江島重孝,塩吹き臼,桜風社,昭和48,1973,https://dl.ndl.go.jp/pid/12467862,,,
ちんちくりん,,昔話,宮崎市,佐土原町,,永野伊作,,,,,比江島重孝,塩吹き臼,桜風社,昭和48,1973,https://dl.ndl.go.jp/pid/12467863,,,
婆吸いつこ,,昔話,宮崎市,佐土原町,,永野伊作,,,,,比江島重孝,塩吹き臼,桜風社,昭和48,1973,https://dl.ndl.go.jp/pid/12467864,,,
団子やれ待て,,昔話,宮崎市,佐土原町,,永野伊作,,,,,比江島重孝,塩吹き臼,桜風社,昭和48,1973,https://dl.ndl.go.jp/pid/12467865,,,
はげねばいいが,,昔話,宮崎市,佐土原町,,永野伊作,,,,,比江島重孝,塩吹き臼,桜風社,昭和48,1973,https://dl.ndl.go.jp/pid/12467866,,,
鴨とり半ぴ,,昔話,宮崎市,佐土原町,,永野伊作,,,,,比江島重孝,塩吹き臼,桜風社,昭和48,1973,https://dl.ndl.go.jp/pid/12467867,,,
山芋掘り,,昔話,宮崎市,佐土原町,,永野伊作,,,,,比江島重孝,塩吹き臼,桜風社,昭和48,1973,https://dl.ndl.go.jp/pid/12467868,,,
しばりまくら,,昔話,宮崎市,佐土原町,,永野伊作,,,,,比江島重孝,塩吹き臼,桜風社,昭和48,1973,https://dl.ndl.go.jp/pid/12467869,,,
元結そうめん,,昔話,宮崎市,佐土原町,,永野伊作,,,,,比江島重孝,塩吹き臼,桜風社,昭和48,1973,https://dl.ndl.go.jp/pid/12467870,,,
賞品の鏡,,昔話,宮崎市,佐土原町,,永野伊作,,,,,比江島重孝,塩吹き臼,桜風社,昭和48,1973,https://dl.ndl.go.jp/pid/12467871,,,
梅に鶯,,昔話,宮崎市,佐土原町,,永野伊作,,,,,比江島重孝,塩吹き臼,桜風社,昭和48,1973,https://dl.ndl.go.jp/pid/12467872,,,
穴ほげにお札,,昔話,宮崎市,佐土原町,,永野伊作,,,,,比江島重孝,塩吹き臼,桜風社,昭和48,1973,https://dl.ndl.go.jp/pid/12467873,,,
屁ひりの嫁さん,,昔話,宮崎市,佐土原町,,永野伊作,,,,,比江島重孝,塩吹き臼,桜風社,昭和48,1973,https://dl.ndl.go.jp/pid/12467874,,,
よごだおり,,昔話,宮崎市,佐土原町,,永野伊作,,,,,比江島重孝,塩吹き臼,桜風社,昭和48,1973,https://dl.ndl.go.jp/pid/12467875,,,
穴を掘れ,,昔話,宮崎市,佐土原町,,永野伊作,,,,,比江島重孝,塩吹き臼,桜風社,昭和48,1973,https://dl.ndl.go.jp/pid/12467876,,,
百年年賦,,昔話,宮崎市,佐土原町,,永野伊作,,,,,比江島重孝,塩吹き臼,桜風社,昭和48,1973,https://dl.ndl.go.jp/pid/12467877,,,
キツネ御緞,,昔話,宮崎市,佐土原町,,遠藤才次郎,,,,,比江島重孝,塩吹き臼,桜風社,昭和48,1973,https://dl.ndl.go.jp/pid/12467878,,,
これはなん鳥,,昔話,宮崎市,佐土原町,,遠藤才次郎,,,,,比江島重孝,塩吹き臼,桜風社,昭和48,1973,https://dl.ndl.go.jp/pid/12467879,,,
伯耆の守,,昔話,宮崎市,佐土原町,,遠藤才次郎,,,,,比江島重孝,塩吹き臼,桜風社,昭和48,1973,https://dl.ndl.go.jp/pid/12467880,,,
ふくれん坊,,昔話,宮崎市,佐土原町,,遠藤才次郎,,,,,比江島重孝,塩吹き臼,桜風社,昭和48,1973,https://dl.ndl.go.jp/pid/12467881,,,
小娘,,昔話,宮崎市,佐土原町,,遠藤才次郎,,,,,比江島重孝,塩吹き臼,桜風社,昭和48,1973,https://dl.ndl.go.jp/pid/12467882,,,
馬鹿聟どん,,昔話,宮崎市,佐土原町,,遠藤才次郎,,,,,比江島重孝,塩吹き臼,桜風社,昭和48,1973,https://dl.ndl.go.jp/pid/12467883,,,
団子,,昔話,宮崎市,佐土原町,,遠藤才次郎,,,,,比江島重孝,塩吹き臼,桜風社,昭和48,1973,https://dl.ndl.go.jp/pid/12467884,,,
三十九じゃもん花じゃもん,,昔話,宮崎市,佐土原町,,遠藤才次郎,,,,,比江島重孝,塩吹き臼,桜風社,昭和48,1973,https://dl.ndl.go.jp/pid/12467885,,,
半ぴばなし,,昔話,宮崎市,佐土原町,,遠藤才次郎,,,,,比江島重孝,塩吹き臼,桜風社,昭和48,1973,https://dl.ndl.go.jp/pid/12467886,,,
青がしら,,昔話,宮崎市,佐土原町,,遠藤才次郎,,,,,比江島重孝,塩吹き臼,桜風社,昭和48,1973,https://dl.ndl.go.jp/pid/12467887,,,
真竹は生えぬ,,昔話,宮崎市,佐土原町,,遠藤才次郎,,,,,比江島重孝,塩吹き臼,桜風社,昭和48,1973,https://dl.ndl.go.jp/pid/12467888,,,
二　五の十,,昔話,宮崎市,佐土原町,,遠藤才次郎,,,,,比江島重孝,塩吹き臼,桜風社,昭和48,1973,https://dl.ndl.go.jp/pid/12467889,,,
ゴマ塩に会う,,昔話,西都市,西都市,,松浦久義,,,,,比江島重孝,塩吹き臼,桜風社,昭和48,1973,https://dl.ndl.go.jp/pid/12467890,,,
萩のはねぐそ,,昔話,西都市,西都市,,松浦久義,,,,,比江島重孝,塩吹き臼,桜風社,昭和48,1973,https://dl.ndl.go.jp/pid/12467891,,,
重箱婆,,昔話,宮崎市,宮崎市,,押川道顕,,,,,比江島重孝,塩吹き臼,桜風社,昭和48,1973,https://dl.ndl.go.jp/pid/12467892,,,
上野の狸,,昔話,西都市,西都市,,日高末吉,,,,,比江島重孝,塩吹き臼,桜風社,昭和48,1973,https://dl.ndl.go.jp/pid/12467893,,,
腹椀,,昔話,宮崎市,清武町,,石山吉五郎,,,,,比江島重孝,塩吹き臼,桜風社,昭和48,1973,https://dl.ndl.go.jp/pid/12467894,,,
馬の背戸,,昔話,西都市,西都市,,田中正一,,,,,比江島重孝,塩吹き臼,桜風社,昭和48,1973,https://dl.ndl.go.jp/pid/12467895,,,
金の輪の大蛇,,昔話,西都市,西都市,蛇、,田中正一,,,,,比江島重孝,塩吹き臼,桜風社,昭和48,1973,https://dl.ndl.go.jp/pid/12467896,,,
馬鹿の一心,,昔話,西都市,西都市,,田中正一,,,,,比江島重孝,塩吹き臼,桜風社,昭和48,1973,https://dl.ndl.go.jp/pid/12467897,,,
豆米ぶんぶん,,昔話,西都市,西都市,,緒方正三郎,,,,,比江島重孝,塩吹き臼,桜風社,昭和48,1973,https://dl.ndl.go.jp/pid/12467898,,,
赤はげ狐,,昔話,西都市,西都市,,緒方正三郎,,,,,比江島重孝,塩吹き臼,桜風社,昭和48,1973,https://dl.ndl.go.jp/pid/12467899,,,
風呂たき五郎,,昔話,西都市,西都市,,緒方正三郎,,,,,比江島重孝,塩吹き臼,桜風社,昭和48,1973,https://dl.ndl.go.jp/pid/12467900,,,
惜金とりから香典,,昔話,西都市,西都市,,緒方正三郎,,,,,比江島重孝,塩吹き臼,桜風社,昭和48,1973,https://dl.ndl.go.jp/pid/12467901,,,
金のなる木,,昔話,宮崎市,宮崎市,,野中三郎,,,,,比江島重孝,塩吹き臼,桜風社,昭和48,1973,https://dl.ndl.go.jp/pid/12467902,,,
扇屋の娘,,昔話,宮崎市,宮崎市,,野中三郎,,,,,比江島重孝,塩吹き臼,桜風社,昭和48,1973,https://dl.ndl.go.jp/pid/12467903,,,
万太郎狐,,昔話,宮崎市,宮崎市,,野中三郎,,,,,比江島重孝,塩吹き臼,桜風社,昭和48,1973,https://dl.ndl.go.jp/pid/12467904,,,
弥太郎狐,,昔話,宮崎市,宮崎市,,野中三郎,,,,,比江島重孝,塩吹き臼,桜風社,昭和48,1973,https://dl.ndl.go.jp/pid/12467905,,,
白坂のお雪,,昔話,西都市,西都市,,植松虎光,,,,,比江島重孝,塩吹き臼,桜風社,昭和48,1973,https://dl.ndl.go.jp/pid/12467906,,,
平くびの狸,,昔話,西都市,西都市,,植松虎光,,,,,比江島重孝,塩吹き臼,桜風社,昭和48,1973,https://dl.ndl.go.jp/pid/12467907,,,
吉野宮物語,,伝説,諸塚村,諸塚村,,,,,,,松田仙峡,諸塚村伝説 吉野宮物語,吉野宮奉讃会,昭和48,1973,,,,
第一部　ふるさとの民話,,昔話,,,,,,,,第一部　ふるさとの民話,宮崎県地域婦人連絡協議会,ふるさとの民話　第1集,鉱脈社,昭和48,1973,,,,
いたずらかっぱ,,昔話,,,,,,,,いたずらかっぱ,宮崎県地域婦人連絡協議会,ふるさとの民話　第1集,鉱脈社,昭和48,1973,,,,
ときが原の女きつね,,昔話,,,,,,,,ときが原の女きつね,宮崎県地域婦人連絡協議会,ふるさとの民話　第1集,鉱脈社,昭和48,1973,,,,
トンチくらべ,,昔話,,,,,,,,トンチくらべ,宮崎県地域婦人連絡協議会,ふるさとの民話　第1集,鉱脈社,昭和48,1973,,,,
意地くらべ,,昔話,,,,,,,,意地くらべ,宮崎県地域婦人連絡協議会,ふるさとの民話　第1集,鉱脈社,昭和48,1973,,,,
大谷山の大ヘビ,,昔話,,,,,,,,大谷山の大ヘビ,宮崎県地域婦人連絡協議会,ふるさとの民話　第1集,鉱脈社,昭和48,1973,,,,
伊兵衛どん,,昔話,,,,,,,,伊兵衛どん,宮崎県地域婦人連絡協議会,ふるさとの民話　第1集,鉱脈社,昭和48,1973,,,,
きつねの化けくらべ,,昔話,,,,,,,,きつねの化けくらべ,宮崎県地域婦人連絡協議会,ふるさとの民話　第1集,鉱脈社,昭和48,1973,,,,
かっぱのすもうとり,,昔話,,,,,,,,かっぱのすもうとり,宮崎県地域婦人連絡協議会,ふるさとの民話　第1集,鉱脈社,昭和48,1973,,,,
きつねのお産,,昔話,,,,,,,,きつねのお産,宮崎県地域婦人連絡協議会,ふるさとの民話　第1集,鉱脈社,昭和48,1973,,,,
ゆうれいとみこ,,昔話,,,,,,,,ゆうれいとみこ,宮崎県地域婦人連絡協議会,ふるさとの民話　第1集,鉱脈社,昭和48,1973,,,,
盗賊鬼玄丹,,伝説,,,,,,,,盗賊鬼玄丹,宮崎県地域婦人連絡協議会,ふるさとの民話　第1集,鉱脈社,昭和48,1973,,,,
第二部　ふるさとの原型をたずねて,,,,,,,,,,第二部　ふるさとの原型をたずねて,宮崎県地域婦人連絡協議会,ふるさとの民話　第1集,鉱脈社,昭和48,1973,,,,
桑鶴の巻,,伝説,,,,,,,,桑鶴の巻,宮崎県地域婦人連絡協議会,ふるさとの民話　第1集,鉱脈社,昭和48,1973,,,,
上床の巻,,伝説,,,,,,,,上床の巻,宮崎県地域婦人連絡協議会,ふるさとの民話　第1集,鉱脈社,昭和48,1973,,,,
田尻の巻,,伝説,,,,,,,,田尻の巻,宮崎県地域婦人連絡協議会,ふるさとの民話　第1集,鉱脈社,昭和48,1973,,,,
吉野宮物語,,伝説,諸塚村,,,,,,,,松田仙峡,吉野宮物語,吉野宮奉讃会,昭和48,1973,,,,
,,,,,,,,,,,楳　垣実,日本の忌みことば,岩崎美術社,昭和48,1973,,,,
,,,,,,,,,,,高木敏雄,日本伝説集,宝文館出版,昭和48,1973,,,,
,,,,,,,,,,,日本作文の会宮崎県編集委員会編,子ども日本風土記四五　宮崎,,昭和48年7月,1973,,,,
猿と蟹の話,,昔話,,日之影町,,興梠広一,,『日向民俗』23,,1、昔話,田中熊雄,日本の民俗　45　宮崎県,第一法規出版,昭和48,1973,,,,
姥捨て山の話,,昔話,,,,,,,,1、昔話,田中熊雄,日本の民俗　45　宮崎県,第一法規出版,昭和48,1973,,,,
動物の恩返し,,昔話,,,,,,,,1、昔話,田中熊雄,日本の民俗　45　宮崎県,第一法規出版,昭和48,1973,,,,
富と身分を得た話,,昔話,,,,,,,,1、昔話,田中熊雄,日本の民俗　45　宮崎県,第一法規出版,昭和48,1973,,,,
早業くらべと姫とり競争,,昔話,,,,,,,,1、昔話,田中熊雄,日本の民俗　45　宮崎県,第一法規出版,昭和48,1973,,,,
其の一、半平さん,,,宮崎市,,,米良功,,,,一、高岡の民話,高岡を語る会・高岡町文化財委員会,たかおか　第2号　芸能特集,,昭和48,1973,,,,
其の二、外記どん,,,宮崎市,,,米良功,,,,一、高岡の民話,高岡を語る会・高岡町文化財委員会,たかおか　第2号　芸能特集,,昭和48,1973,,,,
其の三、何とかどん,,,宮崎市,,,米良功,,,,一、高岡の民話,高岡を語る会・高岡町文化財委員会,たかおか　第2号　芸能特集,,昭和48,1973,,,,
四、白い馬,,,宮崎市,,,青山幹雄,,,,一、高岡の民話,高岡を語る会・高岡町文化財委員会,たかおか　第2号　芸能特集,,昭和48,1973,,,,
,,,,,,,,,,,,高千穂町史 本編,高千穂町,昭和48,1973,https://dl.ndl.go.jp/pid/9769369/1/422?keyword=%E6%B0%91%E8%A9%B1,,,
,,,,,,,,,,,石井研堂,日本全国国民童話,宝文館出版,昭和49,1974,,,,
,,,,,,,,,,,"比江島重孝 著, 黒谷太郎 え",タンカタンカタンタン : みなし子の父・石井十次 (日本史の目 ; 21),さ・え・ら書房,昭和49,1974,https://dl.ndl.go.jp/pid/12932532,,,
都鳥,,,,宮崎市,,,,,百井塘雨,笈埃随筆,,日本随筆大成第二期	12巻,吉川弘文館,昭和49年,1974,怪異・妖怪伝承データベース,,,
ばかむこさん,,昔話,,,わらい話                ,,,,,,宮崎県民話研究会編,宮崎のむかし話,日本標準,昭和50,1975,,,,
いもざしの作法,,昔話,,,わらい話                ,,,,,,宮崎県民話研究会編,宮崎のむかし話,日本標準,昭和50,1975,,,,
あついうちなら,,昔話,,,わらい話                ,,,,,,宮崎県民話研究会編,宮崎のむかし話,日本標準,昭和50,1975,,,,
あの木はなんの木か,,昔話,,,わらい話                ,,,,,,宮崎県民話研究会編,宮崎のむかし話,日本標準,昭和50,1975,,,,
豆米ぶんぶん,,昔話,,,わらい話                ,,,,,,宮崎県民話研究会編,宮崎のむかし話,日本標準,昭和50,1975,,,,
きっちょむ話	,,昔話,,,わらい話                ,,,,,,宮崎県民話研究会編,宮崎のむかし話,日本標準,昭和50,1975,,,,
六尺どん,,昔話,,,わらい話                ,,,,,,宮崎県民話研究会編,宮崎のむかし話,日本標準,昭和50,1975,,,,
千石船の夢	,,昔話,,,わらい話                ,,,,,,宮崎県民話研究会編,宮崎のむかし話,日本標準,昭和50,1975,,,,
ふしぎな雪女,,昔話,,,ふしぎな話                ,,,,,,宮崎県民話研究会編,宮崎のむかし話,日本標準,昭和50,1975,,,,
おらびぐら,,昔話,,,ふしぎな話                ,,,,,,宮崎県民話研究会編,宮崎のむかし話,日本標準,昭和50,1975,,,,
丹助どんの忍術,,昔話,,,ふしぎな話                ,,,,,,宮崎県民話研究会編,宮崎のむかし話,日本標準,昭和50,1975,,,,
ちりとりが池の大蛇	,,昔話,,,ふしぎな話 、蛇、,,,,,,宮崎県民話研究会編,宮崎のむかし話,日本標準,昭和50,1975,,,,
にぎり飯を焼くねこ,,昔話,,,ふしぎな話 ,,,,,,宮崎県民話研究会編,宮崎のむかし話,日本標準,昭和50,1975,,,,
山ん神祭り,,昔話,,,ふしぎな話 ,,,,,,宮崎県民話研究会編,宮崎のむかし話,日本標準,昭和50,1975,,,,
めろどんと御器,,昔話,,,かわいそうな話,,,,,,宮崎県民話研究会編,宮崎のむかし話,日本標準,昭和50,1975,,,,
母蛇と子蛇,,昔話,,,かわいそうな話、#蛇、,,,,,,宮崎県民話研究会編,宮崎のむかし話,日本標準,昭和50,1975,,,,
ふたご星,,昔話,,,かわいそうな話,,,,,,宮崎県民話研究会編,宮崎のむかし話,日本標準,昭和50,1975,,,,
本蔵食わせたか,,昔話,,,かわいそうな話,,,,,,宮崎県民話研究会編,宮崎のむかし話,日本標準,昭和50,1975,,,,
白い馬の若武者,,昔話,,,かわいそうな話,,,,,,宮崎県民話研究会編,宮崎のむかし話,日本標準,昭和50,1975,,,,
みそ豆なら,,昔話,,,,,,,,,宮崎県民話研究会編,宮崎のむかし話,日本標準,昭和50,1975,,,,
ときが原のめぎつね,,昔話,,,#キツネ、#河童,,,,,,宮崎県民話研究会編,宮崎のむかし話,日本標準,昭和50,1975,,,,
赤はげきつね,,昔話,,,#キツネ、#河童,,,,,,宮崎県民話研究会編,宮崎のむかし話,日本標準,昭和50,1975,,,,
きつねのお産,,昔話,,,#キツネ、#河童,,,,,,宮崎県民話研究会編,宮崎のむかし話,日本標準,昭和50,1975,,,,
いたずらかっぱ,,昔話,,,#キツネ、#河童,,,,,,宮崎県民話研究会編,宮崎のむかし話,日本標準,昭和50,1975,,,,
やんぼしどんときつね,,昔話,,,#キツネ、#河童,,,,,,宮崎県民話研究会編,宮崎のむかし話,日本標準,昭和50,1975,,,,
サルのしりはなぜ赤い,,昔話,,,,,,,,,宮崎県民話研究会編,宮崎のむかし話,日本標準,昭和50,1975,,,,
犬とねこ,,昔話,,,,,,,,,宮崎県民話研究会編,宮崎のむかし話,日本標準,昭和50,1975,,,,
灰坊太郎		,,昔話,,,,,,,,,宮崎県民話研究会編,宮崎のむかし話,日本標準,昭和50,1975,,,,
きき耳の子ども,,昔話,,,,,,,,,宮崎県民話研究会編,宮崎のむかし話,日本標準,昭和50,1975,,,,
わらいのお茶,,昔話,,,めでたしめでたしの話   ,,,,,,宮崎県民話研究会編,宮崎のむかし話,日本標準,昭和50,1975,,,,
歯なしのでっちどん,,昔話,,,,,,,,,宮崎県民話研究会編,宮崎のむかし話,日本標準,昭和50,1975,,,,
仁王どんと鰐口どん,,昔話,,,,,,,,,宮崎県民話研究会編,宮崎のむかし話,日本標準,昭和50,1975,,,,
伯耆の守,,昔話,,,,,,,,,宮崎県民話研究会編,宮崎のむかし話,日本標準,昭和50,1975,,,,
石屋がいちばん,,昔話,,,,,,,,,宮崎県民話研究会編,宮崎のむかし話,日本標準,昭和50,1975,,,,
飯を食わん嫁女,,昔話,,,,,,,,,宮崎県民話研究会編,宮崎のむかし話,日本標準,昭和50,1975,,,,
塩ふきうす,,昔話,,,,,,,,,宮崎県民話研究会編,宮崎のむかし話,日本標準,昭和50,1975,,,,
かりゅうど源兵衛,,昔話,,,,,,,,,宮崎県民話研究会編,宮崎のむかし話,日本標準,昭和50,1975,,,,
おうぎ屋のむすめ,,昔話,,,,,,,,,宮崎県民話研究会編,宮崎のむかし話,日本標準,昭和50,1975,,,,
宮崎のむかし話地図	,,昔話,,,,,,,,,宮崎県民話研究会編,宮崎のむかし話,日本標準,昭和50,1975,,,,
,,論考,,,,,,,比江島重孝,日向の民話,宮崎県立図書館,宮崎県地方史研究紀要 第１輯,宮崎県立図書館,昭和50,1975,,,,
,,,,,,,,,,,瀬戸山計佐儀,日向の国諸県の伝説,三州文化社,昭和50,1975,,,,
,,,,,,,,,,,鬼塚栄子編,ふるさとの民話　第2集,宮崎県地域婦人連絡協議会,昭和50,1975,,,,
,,,,,,,,,,,宮崎県民話研究会編,宮崎のむかし話,日本標準,昭和50,1975,,,,
,,,,,,,,,,,比江島重孝,キンダーおはなしえほん　てんぐさまのはなはなぜあかい,フレーベル館,昭和50,1975,,,,
,,,,,,,,,,,日本児童文学者協会編,消えてしまった少女 (現代の民話・おばけシリーズ ; 1)』偕成社。この後、２巻に執筆。,偕成社,昭和50,1975,,,,
,,,,,,,,,比江島重孝,さようなよま,,都道府県展望5（200）,全国知事会,昭和50年5月,1975,,,,
,,,,,,,,,,,瀬戸山計佐儀,日向の伝説,第一法規出版,昭和51年,1976,https://dl.ndl.go.jp/pid/12468032,,,
,,,,,,,,,,,瀬戸山計佐儀,日向の伝説,第一法規出版,昭和51年,1976,https://dl.ndl.go.jp/pid/12468032,,,
,,,,,,,,,,,瀬戸山計佐儀,日向の伝説,第一法規出版,昭和51年,1976,https://dl.ndl.go.jp/pid/12468032,,,
,,,,,,,,,,,瀬戸山計佐儀,日向の伝説,第一法規出版,昭和51年,1976,https://dl.ndl.go.jp/pid/12468032,,,
,,,,,,,,,,,瀬戸山計佐儀,日向の伝説,第一法規出版,昭和51年,1976,https://dl.ndl.go.jp/pid/12468032,,,
,,,,,,,,,,,瀬戸山計佐儀,日向の伝説,第一法規出版,昭和51年,1976,https://dl.ndl.go.jp/pid/12468032,,,
,,,,,,,,,,,瀬戸山計佐儀,日向の伝説,第一法規出版,昭和51年,1976,https://dl.ndl.go.jp/pid/12468032,,,
,,,,,,,,,,,瀬戸山計佐儀,日向の伝説,第一法規出版,昭和51年,1976,https://dl.ndl.go.jp/pid/12468032,,,
,,,,,,,,,,,瀬戸山計佐儀,日向の伝説,第一法規出版,昭和51年,1976,https://dl.ndl.go.jp/pid/12468032,,,
,,,,,,,,,,,瀬戸山計佐儀,日向の伝説,第一法規出版,昭和51年,1976,https://dl.ndl.go.jp/pid/12468032,,,
,,,,,,,,,,,瀬戸山計佐儀,日向の伝説,第一法規出版,昭和51年,1976,https://dl.ndl.go.jp/pid/12468032,,,
,,,,,,,,,,,瀬戸山計佐儀,日向の伝説,第一法規出版,昭和51年,1976,https://dl.ndl.go.jp/pid/12468032,,,
,,,,,,,,,,,瀬戸山計佐儀,日向の伝説,第一法規出版,昭和51年,1976,https://dl.ndl.go.jp/pid/12468032,,,
,,,,,,,,,,,瀬戸山計佐儀,日向の伝説,第一法規出版,昭和51年,1976,https://dl.ndl.go.jp/pid/12468032,,,
,,,,,,,,,,,瀬戸山計佐儀,日向の伝説,第一法規出版,昭和51年,1976,https://dl.ndl.go.jp/pid/12468032,,,
,,,,,,,,,,,瀬戸山計佐儀,日向の伝説,第一法規出版,昭和51年,1976,https://dl.ndl.go.jp/pid/12468032,,,
,,,,,,,,,,,瀬戸山計佐儀,日向の伝説,第一法規出版,昭和51年,1976,https://dl.ndl.go.jp/pid/12468032,,,
,,,,,,,,,,,瀬戸山計佐儀,日向の伝説,第一法規出版,昭和51年,1976,https://dl.ndl.go.jp/pid/12468032,,,
,,,,,,,,,,,瀬戸山計佐儀,日向の伝説,第一法規出版,昭和51年,1976,https://dl.ndl.go.jp/pid/12468032,,,
,,,,,,,,,,,瀬戸山計佐儀,日向の伝説,第一法規出版,昭和51年,1976,https://dl.ndl.go.jp/pid/12468032,,,
,,,,,,,,,,,瀬戸山計佐儀,日向の伝説,第一法規出版,昭和51年,1976,https://dl.ndl.go.jp/pid/12468032,,,
,,,,,,,,,,,瀬戸山計佐儀,日向の伝説,第一法規出版,昭和51年,1976,https://dl.ndl.go.jp/pid/12468032,,,
,,,,,,,,,,,瀬戸山計佐儀,日向の伝説,第一法規出版,昭和51年,1976,https://dl.ndl.go.jp/pid/12468032,,,
,,,,,,,,,,,瀬戸山計佐儀,日向の伝説,第一法規出版,昭和51年,1976,https://dl.ndl.go.jp/pid/12468032,,,
,,,,,,,,,,,瀬戸山計佐儀,日向の伝説,第一法規出版,昭和51年,1976,https://dl.ndl.go.jp/pid/12468032,,,
,,,,,,,,,,,瀬戸山計佐儀,日向の伝説,第一法規出版,昭和51年,1976,https://dl.ndl.go.jp/pid/12468032,,,
,,,,,,,,,,,瀬戸山計佐儀,日向の伝説,第一法規出版,昭和51年,1976,https://dl.ndl.go.jp/pid/12468032,,,
,,,,,,,,,,,瀬戸山計佐儀,日向の伝説,第一法規出版,昭和51年,1976,https://dl.ndl.go.jp/pid/12468032,,,
,,,,,,,,,,,瀬戸山計佐儀,日向の伝説,第一法規出版,昭和51年,1976,https://dl.ndl.go.jp/pid/12468032,,,
,,,,,,,,,,,瀬戸山計佐儀,日向の伝説,第一法規出版,昭和51年,1976,https://dl.ndl.go.jp/pid/12468032,,,
,,,,,,,,,,,瀬戸山計佐儀,日向の伝説,第一法規出版,昭和51年,1976,https://dl.ndl.go.jp/pid/12468032,,,
,,,,,,,,,,,瀬戸山計佐儀,日向の伝説,第一法規出版,昭和51年,1976,https://dl.ndl.go.jp/pid/12468032,,,
,,,,,,,,,,,瀬戸山計佐儀,日向の伝説,第一法規出版,昭和51年,1976,https://dl.ndl.go.jp/pid/12468032,,,
,,,,,,,,,,,瀬戸山計佐儀,日向の伝説,第一法規出版,昭和51年,1976,https://dl.ndl.go.jp/pid/12468032,,,
,,,,,,,,,,,瀬戸山計佐儀,日向の伝説,第一法規出版,昭和51年,1976,https://dl.ndl.go.jp/pid/12468032,,,
,,,,,,,,,,,瀬戸山計佐儀,日向の伝説,第一法規出版,昭和51年,1976,https://dl.ndl.go.jp/pid/12468032,,,
,,,,,,,,,,,瀬戸山計佐儀,日向の伝説,第一法規出版,昭和51年,1976,https://dl.ndl.go.jp/pid/12468032,,,
,,,,,,,,,,,瀬戸山計佐儀,日向の伝説,第一法規出版,昭和51年,1976,https://dl.ndl.go.jp/pid/12468032,,,
,,,,,,,,,,,瀬戸山計佐儀,日向の伝説,第一法規出版,昭和51年,1976,https://dl.ndl.go.jp/pid/12468032,,,
,,,,,,,,,,,瀬戸山計佐儀,日向の伝説,第一法規出版,昭和51年,1976,https://dl.ndl.go.jp/pid/12468032,,,
,,,,,,,,,,,瀬戸山計佐儀,日向の伝説,第一法規出版,昭和51年,1976,https://dl.ndl.go.jp/pid/12468032,,,
,,,,,,,,,,,瀬戸山計佐儀,日向の伝説,第一法規出版,昭和51年,1976,https://dl.ndl.go.jp/pid/12468032,,,
,,,,,,,,,,,瀬戸山計佐儀,日向の伝説,第一法規出版,昭和51年,1976,https://dl.ndl.go.jp/pid/12468032,,,
,,,,,,,,,,,瀬戸山計佐儀,日向の伝説,第一法規出版,昭和51年,1976,https://dl.ndl.go.jp/pid/12468032,,,
,,,,,,,,,,,瀬戸山計佐儀,日向の伝説,第一法規出版,昭和51年,1976,https://dl.ndl.go.jp/pid/12468032,,,
,,,,,,,,,,,瀬戸山計佐儀,日向の伝説,第一法規出版,昭和51年,1976,https://dl.ndl.go.jp/pid/12468032,,,
,,,,,,,,,,,瀬戸山計佐儀,日向の伝説,第一法規出版,昭和51年,1976,https://dl.ndl.go.jp/pid/12468032,,,
,,,,,,,,,,,瀬戸山計佐儀,日向の伝説,第一法規出版,昭和51年,1976,https://dl.ndl.go.jp/pid/12468032,,,
,,,,,,,,,,,小田省三,佐土原土人形,小田省三,昭和51,1976,,,,
,,,,,,,,,,,橋口嵐山,幕末及び維新のテロリズム,橋口嵐山,昭和51,1976,,,,
,,,,,,,,,,,串間市ＳＡＰ会議あやめ会編,こどもの遊び,串間市ＳＡＰ会議あやめ会編,昭和51,1976,,,,
高山,,,,,,,,,秦鼎,一宵話,,日本随筆大成第一期	19巻,吉川弘文館,昭和51年,1976,怪異・妖怪伝承データベース,,,
,,,,,,,,,,,宮崎県児童文学まりの会編,まりの会作品集vol.1,,昭和52,1977,,,,
,,,,,,西原ハツ,,,,,比江島重孝,赤い信女　奉公ガラスの生涯,比江島重孝,昭和52年8月,1977,,,,
,,,,,,,,,,,宮崎県民話研究会編,宮崎の伝説,日本標準,昭和52年,1977,,,,
,,,,,,,,,,,鬼塚栄子編,ふるさとの民話　第３集,宮崎県地域婦人連絡協議会,昭和53,1978,,,,
,,,,,,,,,,,宮崎県,日向の伝説と史蹟,歴史図書社,昭和53,1978,,,,
,,,,,,,,,比江島重孝,語り手とわたし 西原ハツ女の思い出,,民話と文学　4,民話と文学の会,昭和53,1978,,,,
,,,,,,,,,,,比江島重孝　竹崎友斐,宮崎の伝説,角川書店,昭和54,1979,https://dl.ndl.go.jp/pid/12468405,,,
,,,,,,,,,比江島重孝,特集 日本のおどけ者たち 半ぴばなし ＜宮崎＞,,民話と文学　2,民話と文学の会,昭和54年11月,1979,,,,
,,,,,,,,,,,えほん風土記宮崎県刊行会編,えほん風土記　45　みやざきけん』,、岩崎書店。,昭和54年2月,1979,,,,
,,,,,,,,,,,比江島重孝、竹崎有斐,宮崎の伝説（日本の伝説 ３１）,角川書店,昭和54年2月,1979,https://dl.ndl.go.jp/pid/12468405,,,
,,,,,,,,,,,比江島重孝,ぼくらの宮崎県ー郷土の地理と歴史ー（ポプラ社の県別シリーズ二一）,ポプラ社,昭和54,1979,,,,
史談（田尻吉夫）,,,,宮崎市高岡,,,,清水平太,,辻の外記と跡江の半平,高岡を語る会・高岡町文化財委員会,たかおか　第8号　郷土民話特集号,,昭和54,1979,,,,
狸に蜂が巣をくた,,,,宮崎市高岡,外記,清水平太,,清水平太,,辻の外記と跡江の半平,高岡を語る会・高岡町文化財委員会,たかおか　第8号　郷土民話特集号,,昭和54,1979,,,,
生目様詣り,,,,宮崎市高岡,外記,清水平太,,清水平太,,辻の外記と跡江の半平,高岡を語る会・高岡町文化財委員会,たかおか　第8号　郷土民話特集号,,昭和54,1979,,,,
呑まにゃ放さん（飲まにゃ話さん）,,,,宮崎市高岡,外記,清水平太,,清水平太,,辻の外記と跡江の半平,高岡を語る会・高岡町文化財委員会,たかおか　第8号　郷土民話特集号,,昭和54,1979,,,,
執木とりと嫁もらい,,,,宮崎市高岡,外記、半平,清水平太,,清水平太,,辻の外記と跡江の半平,高岡を語る会・高岡町文化財委員会,たかおか　第8号　郷土民話特集号,,昭和54,1979,,,,
ふっとんだつり鐘,,,,宮崎市高岡,外記,清水平太,,清水平太,,辻の外記と跡江の半平,高岡を語る会・高岡町文化財委員会,たかおか　第8号　郷土民話特集号,,昭和54,1979,,,,
そりゃ嘘じゃ,,,,宮崎市高岡,外記,清水平太,,清水平太,,辻の外記と跡江の半平,高岡を語る会・高岡町文化財委員会,たかおか　第8号　郷土民話特集号,,昭和54,1979,,,,
青首,,,,宮崎市高岡,外記,清水平太,,清水平太,,辻の外記と跡江の半平,高岡を語る会・高岡町文化財委員会,たかおか　第8号　郷土民話特集号,,昭和54,1979,,,,
鴨,,,,宮崎市高岡,外記,清水平太,,清水平太,,辻の外記と跡江の半平,高岡を語る会・高岡町文化財委員会,たかおか　第8号　郷土民話特集号,,昭和54,1979,,,,
牛のはなぐり,,,,宮崎市高岡,半平,清水平太,,清水平太,,辻の外記と跡江の半平,高岡を語る会・高岡町文化財委員会,たかおか　第8号　郷土民話特集号,,昭和54,1979,,,,
半平どんと孟子,,,,宮崎市高岡,半平,清水平太,,清水平太,,辻の外記と跡江の半平,高岡を語る会・高岡町文化財委員会,たかおか　第8号　郷土民話特集号,,昭和54,1979,,,,
六斗一升,,,,宮崎市高岡,外記、半平,清水平太,,清水平太,,辻の外記と跡江の半平,高岡を語る会・高岡町文化財委員会,たかおか　第8号　郷土民話特集号,,昭和54,1979,,,,
ゾーナメ集め,,,,宮崎市高岡,外記、半平,米良功,,清水平太,,辻の外記と跡江の半平,高岡を語る会・高岡町文化財委員会,たかおか　第8号　郷土民話特集号,,昭和54,1979,,,,
そら嘘じゃ,,,,宮崎市高岡,外記,米良功,,清水平太,,辻の外記と跡江の半平,高岡を語る会・高岡町文化財委員会,たかおか　第8号　郷土民話特集号,,昭和54,1979,,,,
西之原殿運そば,,,,宮崎市高岡,,清水平太,,清水平太,,先人奇談,高岡を語る会・高岡町文化財委員会,たかおか　第8号　郷土民話特集号,,昭和54,1979,,,,
剣士の腕試し,,,,宮崎市高岡,,清水平太,,清水平太,,先人奇談,高岡を語る会・高岡町文化財委員会,たかおか　第8号　郷土民話特集号,,昭和54,1979,,,,
五十幡どんとその妻女,,,,宮崎市高岡,,清水平太,,清水平太,,先人奇談,高岡を語る会・高岡町文化財委員会,たかおか　第8号　郷土民話特集号,,昭和54,1979,,,,
仁王と十王,,,,宮崎市高岡,,村岡モリ,,清水平太,,先人奇談,高岡を語る会・高岡町文化財委員会,たかおか　第8号　郷土民話特集号,,昭和54,1979,,,,
高岡美人,,,,宮崎市高岡,,清水平太,,清水平太,,先人奇談,高岡を語る会・高岡町文化財委員会,たかおか　第8号　郷土民話特集号,,昭和54,1979,,,,
ぼんさんしのび,,,,宮崎市高岡,,清水平太,,清水平太,,先人奇談,高岡を語る会・高岡町文化財委員会,たかおか　第8号　郷土民話特集号,,昭和54,1979,,,,
風俗今昔,,,,宮崎市高岡,,清水平太,,清水平太,,先人奇談,高岡を語る会・高岡町文化財委員会,たかおか　第8号　郷土民話特集号,,昭和54,1979,,,,
浜ん上の不動様,,,,宮崎市高岡,,清水平太,,清水平太,,先人奇談,高岡を語る会・高岡町文化財委員会,たかおか　第8号　郷土民話特集号,,昭和54,1979,,,,
本永寺の地蔵様,,,,宮崎市高岡,,清水平太,,清水平太,,先人奇談,高岡を語る会・高岡町文化財委員会,たかおか　第8号　郷土民話特集号,,昭和54,1979,,,,
島津義弘公と小森家,,,,宮崎市高岡,,清水平太,,清水平太,,先人奇談,高岡を語る会・高岡町文化財委員会,たかおか　第8号　郷土民話特集号,,昭和54,1979,,,,
芸能人,,,,宮崎市高岡,,清水平太,,清水平太,,先人奇談,高岡を語る会・高岡町文化財委員会,たかおか　第8号　郷土民話特集号,,昭和54,1979,,,,
おふでさんと月知梅,,,,宮崎市高岡,,清水平太,,清水平太,,先人奇談,高岡を語る会・高岡町文化財委員会,たかおか　第8号　郷土民話特集号,,昭和54,1979,,,,
ナゾナゾ,,,,宮崎市高岡,,清水平太,,清水平太,,先人奇談,高岡を語る会・高岡町文化財委員会,たかおか　第8号　郷土民話特集号,,昭和54,1979,,,,
仁助どんと掛軸,,,,宮崎市高岡,,清水平太,,清水平太,,先人奇談,高岡を語る会・高岡町文化財委員会,たかおか　第8号　郷土民話特集号,,昭和54,1979,,,,
大蛇喜三衛門,,,,宮崎市高岡,蛇、,清水平太,,清水平太,,先人奇談,高岡を語る会・高岡町文化財委員会,たかおか　第8号　郷土民話特集号,,昭和54,1979,,,,
河童,,,,宮崎市高岡,河童、,清水平太,,清水平太,,先人奇談,高岡を語る会・高岡町文化財委員会,たかおか　第8号　郷土民話特集号,,昭和54,1979,,,,
乱髪喜蔵,,,,宮崎市高岡,,清水平太,,清水平太,,先人奇談,高岡を語る会・高岡町文化財委員会,たかおか　第8号　郷土民話特集号,,昭和54,1979,,,,
剣士鈴木龍弥,,,,宮崎市高岡,,清水平太,,清水平太,,先人奇談,高岡を語る会・高岡町文化財委員会,たかおか　第8号　郷土民話特集号,,昭和54,1979,,,,
別府どんのけちんぼ（一）,,,,宮崎市高岡,,清水平太,,清水平太,,先人奇談,高岡を語る会・高岡町文化財委員会,たかおか　第8号　郷土民話特集号,,昭和54,1979,,,,
別府どんの話（二）,,,,宮崎市高岡,,清水平太,,清水平太,,先人奇談,高岡を語る会・高岡町文化財委員会,たかおか　第8号　郷土民話特集号,,昭和54,1979,,,,
清助どんの鉄砲廻し,,,,宮崎市高岡,,清水平太,,清水平太,,先人奇談,高岡を語る会・高岡町文化財委員会,たかおか　第8号　郷土民話特集号,,昭和54,1979,,,,
内野源太左衛門の武勇伝,,,,宮崎市高岡,,清水平太,,清水平太,,先人奇談,高岡を語る会・高岡町文化財委員会,たかおか　第8号　郷土民話特集号,,昭和54,1979,,,,
頭のはした売り,,,,宮崎市高岡,,清水平太,,清水平太,,清蔵,高岡を語る会・高岡町文化財委員会,たかおか　第8号　郷土民話特集号,,昭和55,1979,,,,
幽霊の巻,,,,宮崎市高岡,,清水平太,,清水平太,,清蔵,高岡を語る会・高岡町文化財委員会,たかおか　第8号　郷土民話特集号,,昭和56,1979,,,,
わたしゃ学校の小使いです,,,,宮崎市高岡,,宮原親利,,清水平太,,清蔵,高岡を語る会・高岡町文化財委員会,たかおか　第8号　郷土民話特集号,,昭和57,1979,,,,
手紙出し,,,,宮崎市高岡,,宮原親利,,清水平太,,清蔵,高岡を語る会・高岡町文化財委員会,たかおか　第8号　郷土民話特集号,,昭和58,1979,,,,
車屋さん違い,,,,宮崎市高岡,,清水平太,,清水平太,,清蔵,高岡を語る会・高岡町文化財委員会,たかおか　第8号　郷土民話特集号,,昭和59,1979,,,,
水をのむとこ,,,,宮崎市高岡,,清水平太,,清水平太,,清蔵,高岡を語る会・高岡町文化財委員会,たかおか　第8号　郷土民話特集号,,昭和60,1979,,,,
男がちがう,,,,宮崎市高岡,,清水平太,,清水平太,,清蔵,高岡を語る会・高岡町文化財委員会,たかおか　第8号　郷土民話特集号,,昭和61,1979,,,,
わっこは息の臭かやつ,,,,宮崎市高岡,,清水平太,,清水平太,,清蔵,高岡を語る会・高岡町文化財委員会,たかおか　第8号　郷土民話特集号,,昭和62,1979,,,,
牛のしめし,,,,宮崎市高岡,,清水平太,,清水平太,,清蔵,高岡を語る会・高岡町文化財委員会,たかおか　第8号　郷土民話特集号,,昭和63,1979,,,,
遍路姿の男,,,,西都市,,,,,荒木博之,民間説話研究へのひとつの態度,,広島民俗	通巻12号,広島民俗学会,昭和54年,1979,怪異・妖怪伝承データベース,,,
,,,,,,,,,,,東郷町誌編さん委員会編,東郷町誌,東郷町誌編さん委員会,,1979,,,,
木花の半ぴどんの頓智,,,,宮崎市,半平、,,,,,第三章　民話と実話,,木花郷土誌,木花振興会事務局,昭和55年,1980,https://dl.ndl.go.jp/pid/9773560,,,
十五夜の大月様,,,,宮崎市,,,,,,第三章　民話と実話,,木花郷土誌,木花振興会事務局,昭和55年,1980,,,,
倉兵衛狐,,,,宮崎市,,,,,,第三章　民話と実話,,木花郷土誌,木花振興会事務局,昭和55年,1980,,,,
五兵衛さんと火玉,,,,宮崎市,,,,,,第三章　民話と実話,,木花郷土誌,木花振興会事務局,昭和55年,1980,,,,
狩人と山女,,,,宮崎市,,,,,,第三章　民話と実話,,木花郷土誌,木花振興会事務局,昭和55年,1980,,,,
河童塚,,,,宮崎市,河童、,,,,,第三章　民話と実話,,木花郷土誌,木花振興会事務局,昭和55年,1980,,,,
九つ目の妖怪退治,,,,宮崎市,,,,,,第三章　民話と実話,,木花郷土誌,木花振興会事務局,昭和55年,1980,,,,
赤面法印と狐,,,,宮崎市,,,,,,第三章　民話と実話,,木花郷土誌,木花振興会事務局,昭和55年,1980,,,,
血泡川,,,,宮崎市,,,,,,第三章　民話と実話,,木花郷土誌,木花振興会事務局,昭和55年,1980,,,,
緒方角左衛門,,,,宮崎市,,,,,,第三章　民話と実話,,木花郷土誌,木花振興会事務局,昭和55年,1980,,,,
軽便鉄道騒擾記,,,,宮崎市,,,,,,第三章　民話と実話,,木花郷土誌,木花振興会事務局,昭和55年,1980,,,,
,,,,,,,,,,,諸塚村寿会連合会編,ことぶき　民話号1980,諸塚村寿会連合会,昭和55,1980,,,,
,,,,,,,,,,,清野巌,西都の民話 第１巻,清野巌,昭和55,1980,,,,
,,,,,,,,,,,関　敬吾,日本昔話大成,角川書店,昭和55,1980,,,,
天の逆鉾,,,,,,,,,,宮崎の記紀神話,"柳宏吉, 野口逸三郎 編",宮崎の神話・伝説 (宮崎の自然と文化 ; 8),宮崎日日新聞社,昭和55,1980,,,,
十握の剣と裂磐神石,,,,,,,,,,宮崎の記紀神話,"柳宏吉, 野口逸三郎 編",宮崎の神話・伝説 (宮崎の自然と文化 ; 8),宮崎日日新聞社,昭和55,1980,,,,
阿波岐原,,,,,,,,,,宮崎の記紀神話,"柳宏吉, 野口逸三郎 編",宮崎の神話・伝説 (宮崎の自然と文化 ; 8),宮崎日日新聞社,昭和55,1980,,,,
天孫降臨,,,,,,,,,,宮崎の記紀神話,"柳宏吉, 野口逸三郎 編",宮崎の神話・伝説 (宮崎の自然と文化 ; 8),宮崎日日新聞社,昭和55,1980,,,,
木花開耶姫,,,,,,,,,,宮崎の記紀神話,"柳宏吉, 野口逸三郎 編",宮崎の神話・伝説 (宮崎の自然と文化 ; 8),宮崎日日新聞社,昭和55,1980,,,,
磐長姫と銀鏡,,,,,,,,,,宮崎の記紀神話,"柳宏吉, 野口逸三郎 編",宮崎の神話・伝説 (宮崎の自然と文化 ; 8),宮崎日日新聞社,昭和55,1980,,,,
無戸室,,,,,,,,,,宮崎の記紀神話,"柳宏吉, 野口逸三郎 編",宮崎の神話・伝説 (宮崎の自然と文化 ; 8),宮崎日日新聞社,昭和55,1980,,,,
兒湯の池,,,,,,,,,,宮崎の記紀神話,"柳宏吉, 野口逸三郎 編",宮崎の神話・伝説 (宮崎の自然と文化 ; 8),宮崎日日新聞社,昭和55,1980,,,,
海幸彦・山幸彦,,,,,,,,,,宮崎の記紀神話,"柳宏吉, 野口逸三郎 編",宮崎の神話・伝説 (宮崎の自然と文化 ; 8),宮崎日日新聞社,昭和55,1980,,,,
鵜戸の産屋,,,,,,,,,,宮崎の記紀神話,"柳宏吉, 野口逸三郎 編",宮崎の神話・伝説 (宮崎の自然と文化 ; 8),宮崎日日新聞社,昭和55,1980,,,,
潮さま,,,,,,,,,,宮崎の記紀神話,"柳宏吉, 野口逸三郎 編",宮崎の神話・伝説 (宮崎の自然と文化 ; 8),宮崎日日新聞社,昭和55,1980,,,,
大熊山,,,,,,,,,,宮崎の記紀神話,"柳宏吉, 野口逸三郎 編",宮崎の神話・伝説 (宮崎の自然と文化 ; 8),宮崎日日新聞社,昭和55,1980,,,,
神武天皇,,,,,,,,,,宮崎の記紀神話,"柳宏吉, 野口逸三郎 編",宮崎の神話・伝説 (宮崎の自然と文化 ; 8),宮崎日日新聞社,昭和55,1980,,,,
荒ぶる神・鬼八,,,,,,,,,,高千穂・西臼杵地方の伝説,"柳宏吉, 野口逸三郎 編",宮崎の神話・伝説 (宮崎の自然と文化 ; 8),宮崎日日新聞社,昭和55,1980,,,,
妃ヶ嶽・恋の緒環,,,,,,,,,,高千穂・西臼杵地方の伝説,"柳宏吉, 野口逸三郎 編",宮崎の神話・伝説 (宮崎の自然と文化 ; 8),宮崎日日新聞社,昭和55,1980,,,,
畠山重忠と秩父杉,,,,,,,,,,高千穂・西臼杵地方の伝説,"柳宏吉, 野口逸三郎 編",宮崎の神話・伝説 (宮崎の自然と文化 ; 8),宮崎日日新聞社,昭和55,1980,,,,
シイの話,,,,,,,,,,高千穂・西臼杵地方の伝説,"柳宏吉, 野口逸三郎 編",宮崎の神話・伝説 (宮崎の自然と文化 ; 8),宮崎日日新聞社,昭和55,1980,,,,
山弥長者と土呂久,,,,,,,,,,高千穂・西臼杵地方の伝説,"柳宏吉, 野口逸三郎 編",宮崎の神話・伝説 (宮崎の自然と文化 ; 8),宮崎日日新聞社,昭和55,1980,,,,
花折りの元,,,,,,,,,,高千穂・西臼杵地方の伝説,"柳宏吉, 野口逸三郎 編",宮崎の神話・伝説 (宮崎の自然と文化 ; 8),宮崎日日新聞社,昭和55,1980,,,,
ツル・マンとオブチ・メブチ,,,,,,,,,,高千穂・西臼杵地方の伝説,"柳宏吉, 野口逸三郎 編",宮崎の神話・伝説 (宮崎の自然と文化 ; 8),宮崎日日新聞社,昭和55,1980,,,,
神太郎水神さま,,,,,,,,,,高千穂・西臼杵地方の伝説,"柳宏吉, 野口逸三郎 編",宮崎の神話・伝説 (宮崎の自然と文化 ; 8),宮崎日日新聞社,昭和55,1980,,,,
二反歩よしどん,,,,,,,,,,高千穂・西臼杵地方の伝説,"柳宏吉, 野口逸三郎 編",宮崎の神話・伝説 (宮崎の自然と文化 ; 8),宮崎日日新聞社,昭和55,1980,,,,
延岡城の怪柱,,,,,,,,,,延岡・東臼杵地方の伝説,"柳宏吉, 野口逸三郎 編",宮崎の神話・伝説 (宮崎の自然と文化 ; 8),宮崎日日新聞社,昭和55,1980,,,,
お姫様の人柱,,,,,,,,,,延岡・東臼杵地方の伝説,"柳宏吉, 野口逸三郎 編",宮崎の神話・伝説 (宮崎の自然と文化 ; 8),宮崎日日新聞社,昭和55,1980,,,,
日向御前,,,,,,,,,,延岡・東臼杵地方の伝説,"柳宏吉, 野口逸三郎 編",宮崎の神話・伝説 (宮崎の自然と文化 ; 8),宮崎日日新聞社,昭和55,1980,,,,
酒井大明神,,,,,,,,,,延岡・東臼杵地方の伝説,"柳宏吉, 野口逸三郎 編",宮崎の神話・伝説 (宮崎の自然と文化 ; 8),宮崎日日新聞社,昭和55,1980,,,,
源為朝の腰掛岩,,,,,,,,,,延岡・東臼杵地方の伝説,"柳宏吉, 野口逸三郎 編",宮崎の神話・伝説 (宮崎の自然と文化 ; 8),宮崎日日新聞社,昭和55,1980,,,,
メキシコ女王の秘宝,,,,,,,,,,延岡・東臼杵地方の伝説,"柳宏吉, 野口逸三郎 編",宮崎の神話・伝説 (宮崎の自然と文化 ; 8),宮崎日日新聞社,昭和55,1980,,,,
海賊の埋蔵金,,,,,,,,,,延岡・東臼杵地方の伝説,"柳宏吉, 野口逸三郎 編",宮崎の神話・伝説 (宮崎の自然と文化 ; 8),宮崎日日新聞社,昭和55,1980,,,,
赤水の猿と東海の猿,,,,,,,,,,延岡・東臼杵地方の伝説,"柳宏吉, 野口逸三郎 編",宮崎の神話・伝説 (宮崎の自然と文化 ; 8),宮崎日日新聞社,昭和55,1980,,,,
蛇谷の女蛇昇天,,,,,,,,,,延岡・東臼杵地方の伝説,"柳宏吉, 野口逸三郎 編",宮崎の神話・伝説 (宮崎の自然と文化 ; 8),宮崎日日新聞社,昭和55,1980,,,,
六つ墓と歳の神,,,,延岡市舞野,,,,,,延岡・東臼杵地方の伝説,"柳宏吉, 野口逸三郎 編",宮崎の神話・伝説 (宮崎の自然と文化 ; 8),宮崎日日新聞社,昭和55,1980,,,,
夜ばい地蔵,,,,,,,,,,延岡・東臼杵地方の伝説,"柳宏吉, 野口逸三郎 編",宮崎の神話・伝説 (宮崎の自然と文化 ; 8),宮崎日日新聞社,昭和55,1980,,,,
無双の力士梓山,,,,,,,,,,延岡・東臼杵地方の伝説,"柳宏吉, 野口逸三郎 編",宮崎の神話・伝説 (宮崎の自然と文化 ; 8),宮崎日日新聞社,昭和55,1980,,,,
猪熊大納言のふんどし,,,,,,,,,,延岡・東臼杵地方の伝説,"柳宏吉, 野口逸三郎 編",宮崎の神話・伝説 (宮崎の自然と文化 ; 8),宮崎日日新聞社,昭和55,1980,,,,
手首がま,,,,,,,,,,延岡・東臼杵地方の伝説,"柳宏吉, 野口逸三郎 編",宮崎の神話・伝説 (宮崎の自然と文化 ; 8),宮崎日日新聞社,昭和55,1980,,,,
聖坊,,,,,,,,,,延岡・東臼杵地方の伝説,"柳宏吉, 野口逸三郎 編",宮崎の神話・伝説 (宮崎の自然と文化 ; 8),宮崎日日新聞社,昭和55,1980,,,,
佐伯惟治,,,,,,,,,,延岡・東臼杵地方の伝説,"柳宏吉, 野口逸三郎 編",宮崎の神話・伝説 (宮崎の自然と文化 ; 8),宮崎日日新聞社,昭和55,1980,,,,
小払とろ,,,,,,,,,,延岡・東臼杵地方の伝説,"柳宏吉, 野口逸三郎 編",宮崎の神話・伝説 (宮崎の自然と文化 ; 8),宮崎日日新聞社,昭和55,1980,,,,
七ツ山,,,,,,,,,,延岡・東臼杵地方の伝説,"柳宏吉, 野口逸三郎 編",宮崎の神話・伝説 (宮崎の自然と文化 ; 8),宮崎日日新聞社,昭和55,1980,,,,
八村杉と那須大八郎,,,,,,,,,,延岡・東臼杵地方の伝説,"柳宏吉, 野口逸三郎 編",宮崎の神話・伝説 (宮崎の自然と文化 ; 8),宮崎日日新聞社,昭和55,1980,,,,
九左衛門峠の狼,,,,,,,,,,延岡・東臼杵地方の伝説,"柳宏吉, 野口逸三郎 編",宮崎の神話・伝説 (宮崎の自然と文化 ; 8),宮崎日日新聞社,昭和55,1980,,,,
百済王の漂着,,,,,,,,,,延岡・東臼杵地方の伝説,"柳宏吉, 野口逸三郎 編",宮崎の神話・伝説 (宮崎の自然と文化 ; 8),宮崎日日新聞社,昭和55,1980,,,,
百済王の泣き塚,,,,,,,,,,延岡・東臼杵地方の伝説,"柳宏吉, 野口逸三郎 編",宮崎の神話・伝説 (宮崎の自然と文化 ; 8),宮崎日日新聞社,昭和55,1980,,,,
座頭神さん,,,,,,,,,,延岡・東臼杵地方の伝説,"柳宏吉, 野口逸三郎 編",宮崎の神話・伝説 (宮崎の自然と文化 ; 8),宮崎日日新聞社,昭和55,1980,,,,
しんにょむ・かんにょむ,,,,,,,,,,延岡・東臼杵地方の伝説,"柳宏吉, 野口逸三郎 編",宮崎の神話・伝説 (宮崎の自然と文化 ; 8),宮崎日日新聞社,昭和55,1980,,,,
たんたんコブ,,,,,,,,,,延岡・東臼杵地方の伝説,"柳宏吉, 野口逸三郎 編",宮崎の神話・伝説 (宮崎の自然と文化 ; 8),宮崎日日新聞社,昭和55,1980,,,,
都万神社と日下部氏,,,,,,,,,,西都・児湯地方の伝説,"柳宏吉, 野口逸三郎 編",宮崎の神話・伝説 (宮崎の自然と文化 ; 8),宮崎日日新聞社,昭和55,1980,,,,
景行天皇,,,,,,,,,,西都・児湯地方の伝説,"柳宏吉, 野口逸三郎 編",宮崎の神話・伝説 (宮崎の自然と文化 ; 8),宮崎日日新聞社,昭和55,1980,,,,
片目の鮒,,,,,,,,,,西都・児湯地方の伝説,"柳宏吉, 野口逸三郎 編",宮崎の神話・伝説 (宮崎の自然と文化 ; 8),宮崎日日新聞社,昭和55,1980,,,,
稚児ヶ池,,,,,,,,,,西都・児湯地方の伝説,"柳宏吉, 野口逸三郎 編",宮崎の神話・伝説 (宮崎の自然と文化 ; 8),宮崎日日新聞社,昭和55,1980,,,,
三納の乳神様,,,,,,,,,,西都・児湯地方の伝説,"柳宏吉, 野口逸三郎 編",宮崎の神話・伝説 (宮崎の自然と文化 ; 8),宮崎日日新聞社,昭和55,1980,,,,
和泉式部,,,,,,,,,,西都・児湯地方の伝説,"柳宏吉, 野口逸三郎 編",宮崎の神話・伝説 (宮崎の自然と文化 ; 8),宮崎日日新聞社,昭和55,1980,,,,
角前さま,,,,,,,,,,西都・児湯地方の伝説,"柳宏吉, 野口逸三郎 編",宮崎の神話・伝説 (宮崎の自然と文化 ; 8),宮崎日日新聞社,昭和55,1980,,,,
米良の上漆,,,,,,,,,,西都・児湯地方の伝説,"柳宏吉, 野口逸三郎 編",宮崎の神話・伝説 (宮崎の自然と文化 ; 8),宮崎日日新聞社,昭和55,1980,,,,
湖水が池,,,,,,,,,,西都・児湯地方の伝説,"柳宏吉, 野口逸三郎 編",宮崎の神話・伝説 (宮崎の自然と文化 ; 8),宮崎日日新聞社,昭和55,1980,,,,
カリコボウズ,,,,,,,,,,西都・児湯地方の伝説,"柳宏吉, 野口逸三郎 編",宮崎の神話・伝説 (宮崎の自然と文化 ; 8),宮崎日日新聞社,昭和55,1980,,,,
河童塚,,,,,,,,,,西都・児湯地方の伝説,"柳宏吉, 野口逸三郎 編",宮崎の神話・伝説 (宮崎の自然と文化 ; 8),宮崎日日新聞社,昭和55,1980,,,,
景清と生目神社,,,,,,,,,,宮崎・日南地方の伝説,"柳宏吉, 野口逸三郎 編",宮崎の神話・伝説 (宮崎の自然と文化 ; 8),宮崎日日新聞社,昭和55,1980,,,,
網掛観音,,,,,,,,,,宮崎・日南地方の伝説,"柳宏吉, 野口逸三郎 編",宮崎の神話・伝説 (宮崎の自然と文化 ; 8),宮崎日日新聞社,昭和55,1980,,,,
能登守んかぜ,,,,,,,,,,宮崎・日南地方の伝説,"柳宏吉, 野口逸三郎 編",宮崎の神話・伝説 (宮崎の自然と文化 ; 8),宮崎日日新聞社,昭和55,1980,,,,
いしぼし様,,,,,,,,,,宮崎・日南地方の伝説,"柳宏吉, 野口逸三郎 編",宮崎の神話・伝説 (宮崎の自然と文化 ; 8),宮崎日日新聞社,昭和55,1980,,,,
血泡川,,,,,,,,,,宮崎・日南地方の伝説,"柳宏吉, 野口逸三郎 編",宮崎の神話・伝説 (宮崎の自然と文化 ; 8),宮崎日日新聞社,昭和55,1980,,,,
半ぴどん,,,,,,,,,,宮崎・日南地方の伝説,"柳宏吉, 野口逸三郎 編",宮崎の神話・伝説 (宮崎の自然と文化 ; 8),宮崎日日新聞社,昭和55,1980,,,,
照子の岩屋,,,,,,,,,,宮崎・日南地方の伝説,"柳宏吉, 野口逸三郎 編",宮崎の神話・伝説 (宮崎の自然と文化 ; 8),宮崎日日新聞社,昭和55,1980,,,,
安姫様,,,,,,,,,,宮崎・日南地方の伝説,"柳宏吉, 野口逸三郎 編",宮崎の神話・伝説 (宮崎の自然と文化 ; 8),宮崎日日新聞社,昭和55,1980,,,,
安姫様,,,,,,,,,,宮崎・日南地方の伝説,"柳宏吉, 野口逸三郎 編",宮崎の神話・伝説 (宮崎の自然と文化 ; 8),宮崎日日新聞社,昭和55,1980,,,,
阿蘇様,,,,,,,,,,宮崎・日南地方の伝説,"柳宏吉, 野口逸三郎 編",宮崎の神話・伝説 (宮崎の自然と文化 ; 8),宮崎日日新聞社,昭和55,1980,,,,
夜泣橋,,,,,,,,,,宮崎・日南地方の伝説,"柳宏吉, 野口逸三郎 編",宮崎の神話・伝説 (宮崎の自然と文化 ; 8),宮崎日日新聞社,昭和55,1980,,,,
椿さまの森,,,,,,,,,,宮崎・日南地方の伝説,"柳宏吉, 野口逸三郎 編",宮崎の神話・伝説 (宮崎の自然と文化 ; 8),宮崎日日新聞社,昭和55,1980,,,,
ヒタヒタ橋ととちぐら,,,,,,,,,,宮崎・日南地方の伝説,"柳宏吉, 野口逸三郎 編",宮崎の神話・伝説 (宮崎の自然と文化 ; 8),宮崎日日新聞社,昭和55,1980,,,,
乳岩,,,,,,,,,,宮崎・日南地方の伝説,"柳宏吉, 野口逸三郎 編",宮崎の神話・伝説 (宮崎の自然と文化 ; 8),宮崎日日新聞社,昭和55,1980,,,,
水無川,,,,,,,,,,宮崎・日南地方の伝説,"柳宏吉, 野口逸三郎 編",宮崎の神話・伝説 (宮崎の自然と文化 ; 8),宮崎日日新聞社,昭和55,1980,,,,
和泉支部と法華岳薬師寺,,,,,,,,,,宮崎・日南地方の伝説,"柳宏吉, 野口逸三郎 編",宮崎の神話・伝説 (宮崎の自然と文化 ; 8),宮崎日日新聞社,昭和55,1980,,,,
本永寺の地蔵様,,,,,,,,,,宮崎・日南地方の伝説,"柳宏吉, 野口逸三郎 編",宮崎の神話・伝説 (宮崎の自然と文化 ; 8),宮崎日日新聞社,昭和55,1980,,,,
悟性寺の鐘,,,,,,,,,,宮崎・日南地方の伝説,"柳宏吉, 野口逸三郎 編",宮崎の神話・伝説 (宮崎の自然と文化 ; 8),宮崎日日新聞社,昭和55,1980,,,,
赤面法印,,,,,,,,,,宮崎・日南地方の伝説,"柳宏吉, 野口逸三郎 編",宮崎の神話・伝説 (宮崎の自然と文化 ; 8),宮崎日日新聞社,昭和55,1980,,,,
安楽様,,,,,,,,,,宮崎・日南地方の伝説,"柳宏吉, 野口逸三郎 編",宮崎の神話・伝説 (宮崎の自然と文化 ; 8),宮崎日日新聞社,昭和55,1980,,,,
弘法の泉,,,,,,,,,,宮崎・日南地方の伝説,"柳宏吉, 野口逸三郎 編",宮崎の神話・伝説 (宮崎の自然と文化 ; 8),宮崎日日新聞社,昭和55,1980,,,,
外浦の人柱,,,,,,,,,,宮崎・日南地方の伝説,"柳宏吉, 野口逸三郎 編",宮崎の神話・伝説 (宮崎の自然と文化 ; 8),宮崎日日新聞社,昭和55,1980,,,,
賢所の森,,,,,,,,,,宮崎・日南地方の伝説,"柳宏吉, 野口逸三郎 編",宮崎の神話・伝説 (宮崎の自然と文化 ; 8),宮崎日日新聞社,昭和55,1980,,,,
鳥羽さま,,,,,,,,,,宮崎・日南地方の伝説,"柳宏吉, 野口逸三郎 編",宮崎の神話・伝説 (宮崎の自然と文化 ; 8),宮崎日日新聞社,昭和55,1980,,,,
白馬の若武者,,,,,,,,,,霧島・都城地方の伝説,"柳宏吉, 野口逸三郎 編",宮崎の神話・伝説 (宮崎の自然と文化 ; 8),宮崎日日新聞社,昭和55,1980,,,,
朱塗りの盃,,,,,,,,,,霧島・都城地方の伝説,"柳宏吉, 野口逸三郎 編",宮崎の神話・伝説 (宮崎の自然と文化 ; 8),宮崎日日新聞社,昭和55,1980,,,,
諸県君牛諸井と髪長媛,,,,,,,,,,霧島・都城地方の伝説,"柳宏吉, 野口逸三郎 編",宮崎の神話・伝説 (宮崎の自然と文化 ; 8),宮崎日日新聞社,昭和55,1980,,,,
稚児桜,,,,,,,,,,霧島・都城地方の伝説,"柳宏吉, 野口逸三郎 編",宮崎の神話・伝説 (宮崎の自然と文化 ; 8),宮崎日日新聞社,昭和55,1980,,,,
馬渡り天狗さま,,,,,,,,,,霧島・都城地方の伝説,"柳宏吉, 野口逸三郎 編",宮崎の神話・伝説 (宮崎の自然と文化 ; 8),宮崎日日新聞社,昭和55,1980,,,,
性空上人と出水,,,,,,,,,,霧島・都城地方の伝説,"柳宏吉, 野口逸三郎 編",宮崎の神話・伝説 (宮崎の自然と文化 ; 8),宮崎日日新聞社,昭和55,1980,,,,
狗留孫山と栄西,,,,,,,,,,霧島・都城地方の伝説,"柳宏吉, 野口逸三郎 編",宮崎の神話・伝説 (宮崎の自然と文化 ; 8),宮崎日日新聞社,昭和55,1980,,,,
白鳥権現と日本武尊,,,,,,,,,,霧島・都城地方の伝説,"柳宏吉, 野口逸三郎 編",宮崎の神話・伝説 (宮崎の自然と文化 ; 8),宮崎日日新聞社,昭和55,1980,,,,
小まんの恋,,,,,,,,,,霧島・都城地方の伝説,"柳宏吉, 野口逸三郎 編",宮崎の神話・伝説 (宮崎の自然と文化 ; 8),宮崎日日新聞社,昭和55,1980,,,,
夷守と岩瀬川,,,,,,,,,,霧島・都城地方の伝説,"柳宏吉, 野口逸三郎 編",宮崎の神話・伝説 (宮崎の自然と文化 ; 8),宮崎日日新聞社,昭和55,1980,,,,
仁王様と大豆,,,,,,,,,,霧島・都城地方の伝説,"柳宏吉, 野口逸三郎 編",宮崎の神話・伝説 (宮崎の自然と文化 ; 8),宮崎日日新聞社,昭和55,1980,,,,
あさくら野,,,,,,,,,,霧島・都城地方の伝説,"柳宏吉, 野口逸三郎 編",宮崎の神話・伝説 (宮崎の自然と文化 ; 8),宮崎日日新聞社,昭和55,1980,,,,
実庵和尚のこと,,,,,,,,,,霧島・都城地方の伝説,"柳宏吉, 野口逸三郎 編",宮崎の神話・伝説 (宮崎の自然と文化 ; 8),宮崎日日新聞社,昭和55,1980,,,,
弥五郎どん,,,,,,,,,,霧島・都城地方の伝説,"柳宏吉, 野口逸三郎 編",宮崎の神話・伝説 (宮崎の自然と文化 ; 8),宮崎日日新聞社,昭和55,1980,,,,
猫坂峠と大年山,,,,,,,,,,霧島・都城地方の伝説,"柳宏吉, 野口逸三郎 編",宮崎の神話・伝説 (宮崎の自然と文化 ; 8),宮崎日日新聞社,昭和55,1980,,,,
継子滝,,,,,,,,,,霧島・都城地方の伝説,"柳宏吉, 野口逸三郎 編",宮崎の神話・伝説 (宮崎の自然と文化 ; 8),宮崎日日新聞社,昭和55,1980,,,,
,,,椎葉村,椎葉村,,,,,,,,松尾むかしむかし　昔話・伝説,松尾小学校,,,,,,
,,,,,,,,,,,,,,,,,,,
,,,,,,,,,,,,,,,,,,,
,,,,,,,,,,,,,,,,,,,
,,,,,,,,,,,,,,,,,,,
,,,,,,,,,,,,,,,,,,,
,,,,,,,,,,,,,,,,,,,
,,,,,,,,,,,,,,,,,,,
,,,,,,,,,,,,,,,,,,,
,,,,,,,,,,,,,,,,,,,
,,,,,,,,,,,,,,,,,,,
,,,,,,,,,,,,,,,,,,,
,,,,,,,,,,,,,,,,,,,
,,,,,,,,,,,,,,,,,,,
,,,,,,,,,,,,,,,,,,,
,,,,,,,,,,,,,,,,,,,
,,,,,,,,,,,稲田浩二　小沢俊夫,日本昔話通観 24　長崎・熊本・宮崎,同朋社,昭和55,1980,,,,
,,,,,,,,,比江島重孝,再話と再話論(1)土呂久かねふき唄,,民話と文学　8,民話と文学の会,昭和55年11月,1980,,,,
髪の毛,,,,,,,,,橘南谿,黄華堂医話,,続日本随筆大成　１０巻,吉川弘文館,昭和55年,1980,怪異・妖怪伝承データベース,,,
,,,,,,,,,,,北方町教育委員会,北方町のあの村この里        古老が語る今と昔,北方町教育委員会,,1980,,,,
きえた島,,昔話,,,,,,,,,日本児童文学協会編,宮崎県の民話（県別ふるさとの民話23）,偕成社,昭和56,1981,,,,
お倉ヶ浜とお金ヶ浜,,昔話,,,,,,,,,日本児童文学協会編,宮崎県の民話（県別ふるさとの民話23）,偕成社,昭和56,1981,,,,
琴姫の松,,昔話,,,,,,,,,日本児童文学協会編,宮崎県の民話（県別ふるさとの民話23）,偕成社,昭和56,1981,,,,
さかなをひろわにゃならん,,昔話,,,,,,,,,日本児童文学協会編,宮崎県の民話（県別ふるさとの民話23）,偕成社,昭和56,1981,,,,
椎葉山ものがたり,,昔話,,,,,,,,,日本児童文学協会編,宮崎県の民話（県別ふるさとの民話23）,偕成社,昭和56,1981,,,,
トラたいじの平右衛門,,昔話,,,,,,,,,日本児童文学協会編,宮崎県の民話（県別ふるさとの民話23）,偕成社,昭和56,1981,,,,
人丸と景清,,昔話,,,,,,,,,日本児童文学協会編,宮崎県の民話（県別ふるさとの民話23）,偕成社,昭和56,1981,,,,
西郷いくさの馬,,昔話,,,,,,,,,日本児童文学協会編,宮崎県の民話（県別ふるさとの民話23）,偕成社,昭和56,1981,,,,
ひやのごぜん,,昔話,,,,,,,,,日本児童文学協会編,宮崎県の民話（県別ふるさとの民話23）,偕成社,昭和56,1981,,,,
出雲の神と山ん神		,,昔話,,,,,,,,,日本児童文学協会編,宮崎県の民話（県別ふるさとの民話23）,偕成社,昭和56,1981,,,,
目ひとつ五郎		,,昔話,,,,,,,,,日本児童文学協会編,宮崎県の民話（県別ふるさとの民話23）,偕成社,昭和56,1981,,,,
三合めし　四合だご	,,昔話,,,,,,,,,日本児童文学協会編,宮崎県の民話（県別ふるさとの民話23）,偕成社,昭和56,1981,,,,
泰衛門こかし		,,昔話,,,,,,,,,日本児童文学協会編,宮崎県の民話（県別ふるさとの民話23）,偕成社,昭和56,1981,,,,
サルとはいわん,,昔話,,,,,,,,,日本児童文学協会編,宮崎県の民話（県別ふるさとの民話23）,偕成社,昭和56,1981,,,,
分校のお客さん,,昔話,,,,,,,,,日本児童文学協会編,宮崎県の民話（県別ふるさとの民話23）,偕成社,昭和56,1981,,,,
蛇淵の生うるし,,昔話,,,蛇、,,,,,,日本児童文学協会編,宮崎県の民話（県別ふるさとの民話23）,偕成社,昭和56,1981,,,,
紙緒のぞうり,,昔話,,,,,,,,,日本児童文学協会編,宮崎県の民話（県別ふるさとの民話23）,偕成社,昭和56,1981,,,,
なたとり淵,,昔話,,,,,,,,,日本児童文学協会編,宮崎県の民話（県別ふるさとの民話23）,偕成社,昭和56,1981,,,,
おせりの滝,,昔話,,,,,,,,,日本児童文学協会編,宮崎県の民話（県別ふるさとの民話23）,偕成社,昭和56,1981,,,,
土呂久のゆめ買い長者,,昔話,,,,,,,,,日本児童文学協会編,宮崎県の民話（県別ふるさとの民話23）,偕成社,昭和56,1981,,,,
おっから　すっつぼ,,昔話,,,,,,,,,日本児童文学協会編,宮崎県の民話（県別ふるさとの民話23）,偕成社,昭和56,1981,,,,
小判千両朱千だる,,昔話,,,,,,,,,日本児童文学協会編,宮崎県の民話（県別ふるさとの民話23）,偕成社,昭和56,1981,,,,
こんまい子のおにたいじ,,昔話,,,,,,,,,日本児童文学協会編,宮崎県の民話（県別ふるさとの民話23）,偕成社,昭和56,1981,,,,
跡江の半ぴどん,,昔話,,,半平、,,,,,,日本児童文学協会編,宮崎県の民話（県別ふるさとの民話23）,偕成社,昭和56,1981,,,,
大師みこし,,昔話,,,,,,,,,日本児童文学協会編,宮崎県の民話（県別ふるさとの民話23）,偕成社,昭和56,1981,,,,
べろだし本尊,,昔話,,,,,,,,,日本児童文学協会編,宮崎県の民話（県別ふるさとの民話23）,偕成社,昭和56,1981,,,,
ミミズのたべるもの	,,昔話,,,,,,,,,日本児童文学協会編,宮崎県の民話（県別ふるさとの民話23）,偕成社,昭和56,1981,,,,
ミソチュウの知恵,,昔話,,,,,,,,,日本児童文学協会編,宮崎県の民話（県別ふるさとの民話23）,偕成社,昭和56,1981,,,,
カニとビキ,,昔話,,,,,,,,,日本児童文学協会編,宮崎県の民話（県別ふるさとの民話23）,偕成社,昭和56,1981,,,,
とんち市次郎,,昔話,,,,,,,,,日本児童文学協会編,宮崎県の民話（県別ふるさとの民話23）,偕成社,昭和56,1981,,,,
よだきい,,昔話,,清武町,,藤田捨吉,比江島重孝,,,,比江島重孝,ふるさと民話考,鉱脈社,昭和56年8月,1981,https://dl.ndl.go.jp/pid/12468503,,,
びん棒,,昔話,,宮崎市,,酒井イヨ,比江島重孝,,,,比江島重孝,ふるさと民話考,鉱脈社,昭和56年8月,1981,,,,
よだきごろ,,昔話,,川南町,,瓜生源行,比江島重孝,,,,比江島重孝,ふるさと民話考,鉱脈社,昭和56年8月,1981,,,,
奈須の人,,昔話,,五ヶ瀬町,,佐伯利兵衛,比江島重孝,,,,比江島重孝,ふるさと民話考,鉱脈社,昭和56年8月,1981,,,,
日本ひれえ,,昔話,,諸塚村寿会,,椿サダノ,椿サダノ,,,,比江島重孝,ふるさと民話考,鉱脈社,昭和56年8月,1981,,,,
町見物,,昔話,,諸塚村寿会,,川口大四郎,比江島重孝,,,,比江島重孝,ふるさと民話考,鉱脈社,昭和56年8月,1981,,,,
半ぴどんの粟作り,,昔話,,宮崎市檍今村,半平,清水清馬,比江島重孝,,,,比江島重孝,ふるさと民話考,鉱脈社,昭和56年8月,1981,,,,
麦屁,,昔話,,清武町,,井川佐吉,比江島重孝,,,,比江島重孝,ふるさと民話考,鉱脈社,昭和56年8月,1981,,,,
からいも屁,,昔話,,清武町,,藤田捨吉,比江島重孝,,,,比江島重孝,ふるさと民話考,鉱脈社,昭和56年8月,1981,,,,
風の神様,,昔話,,佐土原町,,横川ヒサエ,比江島重孝,,,,比江島重孝,ふるさと民話考,鉱脈社,昭和56年8月,1981,,,,
アブ蜂とらず,,昔話,,,,,比江島重孝,,,,比江島重孝,ふるさと民話考,鉱脈社,昭和56年8月,1981,,,,
里くだり,,昔話,,西都市,,西原ハツ,比江島重孝,,,,比江島重孝,ふるさと民話考,鉱脈社,昭和56年8月,1981,,,,
,,昔話,,,,,,,,,比江島重孝,ふるさと民話考,鉱脈社,昭和56年8月,1981,,,,
,,昔話,,,,,,,,,比江島重孝,ふるさと民話考,鉱脈社,昭和56年8月,1981,,,,
,,昔話,,,,,,,,,比江島重孝,ふるさと民話考,鉱脈社,昭和56年8月,1981,,,,
,,昔話,,,,,,,,,比江島重孝,ふるさと民話考,鉱脈社,昭和56年8月,1981,,,,
,,昔話,,,,,,,,,比江島重孝,ふるさと民話考,鉱脈社,昭和56年8月,1981,,,,
,,昔話,,,,,,,,,比江島重孝,ふるさと民話考,鉱脈社,昭和56年8月,1981,,,,
,,昔話,,,,,,,,,比江島重孝,ふるさと民話考,鉱脈社,昭和56年8月,1981,,,,
,,昔話,,,,,,,,,比江島重孝,ふるさと民話考,鉱脈社,昭和56年8月,1981,,,,
,,昔話,,,,,,,,,比江島重孝,ふるさと民話考,鉱脈社,昭和56年8月,1981,,,,
,,昔話,,,,,,,,,比江島重孝,ふるさと民話考,鉱脈社,昭和56年8月,1981,,,,
,,昔話,,,,,,,,,比江島重孝,ふるさと民話考,鉱脈社,昭和56年8月,1981,,,,
,,昔話,,,,,,,,,比江島重孝,ふるさと民話考,鉱脈社,昭和56年8月,1981,,,,
,,昔話,,,,,,,,,比江島重孝,ふるさと民話考,鉱脈社,昭和56年8月,1981,,,,
,,昔話,,,,,,,,,比江島重孝,ふるさと民話考,鉱脈社,昭和56年8月,1981,,,,
,,昔話,,,,,,,,,比江島重孝,ふるさと民話考,鉱脈社,昭和56年8月,1981,,,,
,,昔話,,,,,,,,,比江島重孝,ふるさと民話考,鉱脈社,昭和56年8月,1981,,,,
,,昔話,,,,,,,,,比江島重孝,ふるさと民話考,鉱脈社,昭和56年8月,1981,,,,
,,昔話,,,,,,,,,比江島重孝,ふるさと民話考,鉱脈社,昭和56年8月,1981,,,,
,,昔話,,,,,,,,,比江島重孝,ふるさと民話考,鉱脈社,昭和56年8月,1981,,,,
,,昔話,,,,,,,,,比江島重孝,ふるさと民話考,鉱脈社,昭和56年8月,1981,,,,
,,,,,,,,,,,諸塚村寿会連合会編,ことぶき　遺産号1981,諸塚村寿会連合会,昭和56,1981,,,,
,,,,,,,,,,,大町三男著・馬渡重明書・弥勒祐徳絵,都於郡城伊東氏　史跡歌留多,大町三男著・馬渡重明書・弥勒祐徳絵,昭和56,1981,,,,
,,,,,,,,,,,田野町史編纂委員会編,田野町に伝わるふるさとむかしばなし　第一編,田野町教育委員会,昭和56,1981,,,,
,,,,,,,,,,,日本児童文学者協会,ふるさとの民話(23)宮崎県の民話,階成社,昭和56,1981,,,,
,,,,,,,,,,,比江島重孝,ふるさと民話考,鉱脈社,昭和56,1981,,,,
,,,,,,,,,,日向の河童伝承−伝承存在と意識−,矢口裕康,日本民族学第133号,日本民俗学会,昭和56,1981,,,,
,,,,,,,,,,,渡辺克巳,真説　山弥長者,双林社,昭和56,1981,,,,
,,,,,,,,,,,日本児童文学協会編,宮崎県の民話（県別ふるさとの民話23）,偕成社,昭和56年,1981,,,,
谷村計介のふるさと,,昔話,,,,,,,,,比江島重孝,みやざき民話と伝説の旅 第２集,宮崎市,昭和57年3月,1982,,,,
宮崎城の落城,,昔話,,,,,,,,,比江島重孝,みやざき民話と伝説の旅 第２集,宮崎市,昭和57年3月,1982,,,,
刀工・鬼正,,昔話,,,,,,,,,比江島重孝,みやざき民話と伝説の旅 第２集,宮崎市,昭和57年3月,1982,,,,
悲劇の志津摩騒動,,昔話,,,,,,,,,比江島重孝,みやざき民話と伝説の旅 第２集,宮崎市,昭和57年3月,1982,,,,
桜子物語,,昔話,,,,,,,,,比江島重孝,みやざき民話と伝説の旅 第２集,宮崎市,昭和57年3月,1982,,,,
血をふく知福川,,昔話,,,,,,,,,比江島重孝,みやざき民話と伝説の旅 第２集,宮崎市,昭和57年3月,1982,,,,
日の御崎観音,,昔話,,,,,,,,,比江島重孝,みやざき民話と伝説の旅 第２集,宮崎市,昭和57年3月,1982,,,,
儒学者　安井息軒,,昔話,,,,,,,,,比江島重孝,みやざき民話と伝説の旅 第２集,宮崎市,昭和57年3月,1982,,,,
,,,,,,,,,,,五ケ瀬教育委員会,五ケ瀬の民話,五ケ瀬教育委員会,昭和57,1982,,,,
,,,,,,,,,,,諸塚村寿会連合会編,ことぶき　生い立ち号1982,諸塚村寿会連合会,昭和57,1982,,,,
,,,,,,,,,,つき入れ餅と日本の歴史との関係,志賀リツ　河野千賀子,延岡短大紀要第12号,緑ケ丘学園延岡短期大学,昭和57,1982,,,,
,,,,,,,,,,,清野巌,西都の民話 第２巻,清野巌,昭和57,1982,,,,
,,,,,,,,,,,継松敏夫編,綾のむかし話　第一集,継松敏夫編,昭和57,1982,,,,
,,,,,,,,,,,松永伍一,落人伝説の里,角川書店,昭和57,1982,,,,
,,,,,,,,,,,高橋政秋　他,熊本・宮崎のわらべ歌,柳原書店,昭和57,1982,,,,
,,,,,,,,,比江島重孝,特別寄稿　民話と旅人のこころ,,さいごう文芸　10,西郷村文化協会,昭和57年5月,1982,,,,
,,,,,,,,,,,清野巌,西都の民話 第3巻,清野巌,昭和58年,1983,,,,
水掛け地蔵,,昔話,,,,,,,,,比江島重孝,みやざき民話と伝説の旅 第１集,宮崎市,昭和58年3月,1983,,,,
小門の阿波岐原,,昔話,,,,,,,,,比江島重孝,みやざき民話と伝説の旅 第１集,宮崎市,昭和58年3月,1983,,,,
海幸彦・山幸彦,,昔話,,,,,,,,,比江島重孝,みやざき民話と伝説の旅 第１集,宮崎市,昭和58年3月,1983,,,,
魚籃の観音,,昔話,,,,,,,,,比江島重孝,みやざき民話と伝説の旅 第１集,宮崎市,昭和58年3月,1983,,,,
悪七兵衛　景清と人丸姫,,昔話,,,,,,,,,比江島重孝,みやざき民話と伝説の旅 第１集,宮崎市,昭和58年3月,1983,,,,
霞流の剣士　与市左衛門,,昔話,,,,,,,,,比江島重孝,みやざき民話と伝説の旅 第１集,宮崎市,昭和58年3月,1983,,,,
跡江の　半ぴどん,,昔話,,,半平、,,,,,,比江島重孝,みやざき民話と伝説の旅 第１集,宮崎市,昭和58年3月,1983,,,,
萩原のつゆ,,昔話,,,,,,,,,比江島重孝,みやざき民話と伝説の旅 第１集,宮崎市,昭和58年3月,1983,,,,
,,,,,,,,,,,諸塚村寿会連合会編,ことぶき　知恵号1983,諸塚村寿会連合会,昭和58,1983,,,,
,,,,,,,,,,,清野巌,西都の民話 第３巻,清野巌,昭和58,1983,,,,
,,,,,,,,,,,数学局編,大東亜戦争とわれら 戦争を考える資料　その１,巷論社,昭和58,1983,,,,
,,,,,,,,,,,継松敏夫編,綾のむかし話　第二集,継松敏夫編,昭和58,1983,,,,
,,,,,,,,,,,荒木博之,日本伝説大系　第十四巻　南九州（熊本・宮崎・鹿児島）,みずつみ書房,昭和58,1983,,,,
,,,,,,,,,,,天本孝志,九州の山と伝説(総集編),葦書房,昭和58,1983,,,,
,,,,,,,,,比江島重孝,日向こども　民話・西郷編　竜の駒・トキふれ坊主,,さいごう文芸　14,西郷村文化協会,昭和58年6月,1983,,,,
,,,,,,,,,,,中武雅周,伝承米良神楽,私家版,昭和58年6月,1983,,,,
,,,,,,,,,,,中武雅周,ふるさとの記米良の荘,私家版,昭和58年6月,1983,,,,
,,,,,,,,,,,,川南町史,川南町,昭和58年,1983,https://dl.ndl.go.jp/pid/9774730/1/514,,,
,,,,,,,,,,,,ふるさとの轍,門川町老人クラブ連合会,,1983,,,,
,,,,,,,,,,,宮崎農業改良普及所編,たばる（農村高齢者活動促進特別事業記念誌誌） 今語り伝えるふるさと,宮崎農業改良普及所編,昭和59,1984,,,,
,,,,,,,,,,,諸塚村寿会連合会編,ことぶき　わが家の歴史号1984,諸塚村寿会連合会,昭和59,1984,,,,
,,,,,,,,,,,田野町史編纂委員会編,田野町に伝わるふるさとむかしばなし　第二編,田野町教育委員会,昭和59,1984,,,,
,,,,,,,,,,,須木村教育委員会,ふるさとの歌,須木村教育委員会,昭和59,1984,,,,
,,,,,,,,,,,小学館,南九州　海幸・山幸,小学館,昭和59,1984,,,,
,,,,,,,,,,,宮崎県児童文学まりの会編,まりの会作品集vol.5,,昭和59,1984,,,,
,,,,,,,,,,,鬼塚栄子,ときが原の女ぎつね,鉱脈社,昭和59,1984,,,,
,,,,,,,,,,,伊藤忠郎,よろずきき書き郷土の地名雑録,地域文化研究所,昭和60,1985,,,,
,,,,,,,,,,,福富健男編,河童手帖,鉱脈社,昭和60,1985,,,,
,,,,,,,,,,,比江島重孝,新編　日本の民話43,未来社,昭和60,1985,,,,
天狗松のはなし,,昔話,,高鍋町,,,,,,,ふるさとを伝える会,たかなべむかしばなし−民話．伝説．物語．由来−第１集,高鍋町教育委員会,昭和61,1986,,,,
お仙女ぎつね,,昔話,,高鍋町,,,,,,,ふるさとを伝える会,たかなべむかしばなし−民話．伝説．物語．由来−第１集,高鍋町教育委員会,昭和61,1986,,,,
石の経文,,昔話,,高鍋町,,,,,,,ふるさとを伝える会,たかなべむかしばなし−民話．伝説．物語．由来−第１集,高鍋町教育委員会,昭和61,1986,,,,
ひょうすんぼの謀りごと,,昔話,,高鍋町,河童、,,,,,,ふるさとを伝える会,たかなべむかしばなし−民話．伝説．物語．由来−第１集,高鍋町教育委員会,昭和61,1986,,,,
天狗の騒音,,昔話,,高鍋町,,,,,,,ふるさとを伝える会,たかなべむかしばなし−民話．伝説．物語．由来−第１集,高鍋町教育委員会,昭和61,1986,,,,
米べと芋べ,,昔話,,高鍋町,,,,,,,ふるさとを伝える会,たかなべむかしばなし−民話．伝説．物語．由来−第１集,高鍋町教育委員会,昭和61,1986,,,,
洗橋下の怪「米とぎチンジョキジョキ」,,昔話,,高鍋町,,,,,,,ふるさとを伝える会,たかなべむかしばなし−民話．伝説．物語．由来−第１集,高鍋町教育委員会,昭和61,1986,,,,
法印さんが狐に化かされた話,,昔話,,高鍋町,,,,,,,ふるさとを伝える会,たかなべむかしばなし−民話．伝説．物語．由来−第１集,高鍋町教育委員会,昭和61,1986,,,,
狐の仕返し,,昔話,,高鍋町,,,,,,,ふるさとを伝える会,たかなべむかしばなし−民話．伝説．物語．由来−第１集,高鍋町教育委員会,昭和61,1986,,,,
おるか！おるか！,,昔話,,高鍋町,,,,,,,ふるさとを伝える会,たかなべむかしばなし−民話．伝説．物語．由来−第１集,高鍋町教育委員会,昭和61,1986,,,,
お鶴が滝,,昔話,,高鍋町,,,,,,,ふるさとを伝える会,たかなべむかしばなし−民話．伝説．物語．由来−第１集,高鍋町教育委員会,昭和61,1986,,,,
大きな大きな大根の話,,昔話,,高鍋町,,,,,,,ふるさとを伝える会,たかなべむかしばなし−民話．伝説．物語．由来−第１集,高鍋町教育委員会,昭和61,1986,,,,
河童の腕,,昔話,,高鍋町,河童、,,,,,,ふるさとを伝える会,たかなべむかしばなし−民話．伝説．物語．由来−第１集,高鍋町教育委員会,昭和61,1986,,,,
竜の絵,,昔話,,高鍋町,,,,,,,ふるさとを伝える会,たかなべむかしばなし−民話．伝説．物語．由来−第１集,高鍋町教育委員会,昭和61,1986,,,,
ひょうすんぼ石,,昔話,,高鍋町,河童、,,,,,,ふるさとを伝える会,たかなべむかしばなし−民話．伝説．物語．由来−第１集,高鍋町教育委員会,昭和61,1986,,,,
大宮神社と大寺与惣右衛門,,昔話,,高鍋町,,,,,,,ふるさとを伝える会,たかなべむかしばなし−民話．伝説．物語．由来−第１集,高鍋町教育委員会,昭和61,1986,,,,
順礼堂権現の物語,,昔話,,高鍋町,,,,,,,ふるさとを伝える会,たかなべむかしばなし−民話．伝説．物語．由来−第１集,高鍋町教育委員会,昭和61,1986,,,,
柔道の大家・山名熊四郎重広のこと,,昔話,,高鍋町,,,,,,,ふるさとを伝える会,たかなべむかしばなし−民話．伝説．物語．由来−第１集,高鍋町教育委員会,昭和61,1986,,,,
怪力・力士名貫川,,昔話,,高鍋町,,,,,,,ふるさとを伝える会,たかなべむかしばなし−民話．伝説．物語．由来−第１集,高鍋町教育委員会,昭和61,1986,,,,
狐にたぶらかされた両医,,昔話,,高鍋町,,,,,,,ふるさとを伝える会,たかなべむかしばなし−民話．伝説．物語．由来−第１集,高鍋町教育委員会,昭和61,1986,,,,
耳切り・血の池の話,,昔話,,高鍋町,,,,,,,ふるさとを伝える会,たかなべむかしばなし−民話．伝説．物語．由来−第１集,高鍋町教育委員会,昭和61,1986,,,,
片びんおとしの松,,昔話,,高鍋町,,,,,,,ふるさとを伝える会,たかなべむかしばなし−民話．伝説．物語．由来−第１集,高鍋町教育委員会,昭和61,1986,,,,
直五郎さんの潜水機,,昔話,,高鍋町,,,,,,,ふるさとを伝える会,たかなべむかしばなし−民話．伝説．物語．由来−第１集,高鍋町教育委員会,昭和61,1986,,,,
大竜寺の宝もの,,昔話,,高鍋町,,,,,,,ふるさとを伝える会,たかなべむかしばなし−民話．伝説．物語．由来−第１集,高鍋町教育委員会,昭和61,1986,,,,
昔、宿の坂である夜の出来ごと,,昔話,,高鍋町,,,,,,,ふるさとを伝える会,たかなべむかしばなし−民話．伝説．物語．由来−第１集,高鍋町教育委員会,昭和61,1986,,,,
幽霊を捕える,,昔話,,高鍋町,,,,,,,ふるさとを伝える会,たかなべむかしばなし−民話．伝説．物語．由来−第１集,高鍋町教育委員会,昭和61,1986,,,,
大蛇がいたはなし,,昔話,,高鍋町,蛇、,,,,,,ふるさとを伝える会,たかなべむかしばなし−民話．伝説．物語．由来−第１集,高鍋町教育委員会,昭和61,1986,,,,
狐に化かされたお坊さん,,昔話,,高鍋町,,,,,,,ふるさとを伝える会,たかなべむかしばなし−民話．伝説．物語．由来−第１集,高鍋町教育委員会,昭和61,1986,,,,
奇妙な色合いの大男,,昔話,,高鍋町,,,,,,,ふるさとを伝える会,たかなべむかしばなし−民話．伝説．物語．由来−第１集,高鍋町教育委員会,昭和61,1986,,,,
大蛇がいた,,昔話,,高鍋町,蛇、,,,,,,ふるさとを伝える会,たかなべむかしばなし−民話．伝説．物語．由来−第１集,高鍋町教育委員会,昭和61,1986,,,,
晩翆舎の松の大木に鍋のふた下がる,,昔話,,高鍋町,,,,,,,ふるさとを伝える会,たかなべむかしばなし−民話．伝説．物語．由来−第１集,高鍋町教育委員会,昭和61,1986,,,,
七十五日長生きする,,昔話,,高鍋町,,,,,,,ふるさとを伝える会,たかなべむかしばなし−民話．伝説．物語．由来−第１集,高鍋町教育委員会,昭和61,1986,,,,
地名鴫野の由来,,昔話,,高鍋町,,,,,,,ふるさとを伝える会,たかなべむかしばなし−民話．伝説．物語．由来−第１集,高鍋町教育委員会,昭和61,1986,,,,
地名お屋敷について,,昔話,,高鍋町,,,,,,,ふるさとを伝える会,たかなべむかしばなし−民話．伝説．物語．由来−第１集,高鍋町教育委員会,昭和61,1986,,,,
木彫・薬師如来,,昔話,,高鍋町,,,,,,,ふるさとを伝える会,たかなべむかしばなし−民話．伝説．物語．由来−第１集,高鍋町教育委員会,昭和61,1986,,,,
覚照寺の由来,,昔話,,高鍋町,,,,,,,ふるさとを伝える会,たかなべむかしばなし−民話．伝説．物語．由来−第１集,高鍋町教育委員会,昭和61,1986,,,,
宮田・潮垂権現のこと,,昔話,,高鍋町,,,,,,,ふるさとを伝える会,たかなべむかしばなし−民話．伝説．物語．由来−第１集,高鍋町教育委員会,昭和61,1986,,,,
中尾・お大師さん,,昔話,,高鍋町,,,,,,,ふるさとを伝える会,たかなべむかしばなし−民話．伝説．物語．由来−第１集,高鍋町教育委員会,昭和61,1986,,,,
上永谷”かがや”行事,,昔話,,高鍋町,,,,,,,ふるさとを伝える会,たかなべむかしばなし−民話．伝説．物語．由来−第１集,高鍋町教育委員会,昭和61,1986,,,,
蚊口浦むかしの思い出,,昔話,,高鍋町,,,,,,,ふるさとを伝える会,たかなべむかしばなし−民話．伝説．物語．由来−第１集,高鍋町教育委員会,昭和61,1986,,,,
萩原の昔と今,,昔話,,高鍋町,,,,,,,ふるさとを伝える会,たかなべむかしばなし−民話．伝説．物語．由来−第１集,高鍋町教育委員会,昭和61,1986,,,,
鴫野のむかし,,昔話,,高鍋町,,,,,,,ふるさとを伝える会,たかなべむかしばなし−民話．伝説．物語．由来−第１集,高鍋町教育委員会,昭和61,1986,,,,
比木神社お里まわり,,昔話,,高鍋町,,,,,,,ふるさとを伝える会,たかなべむかしばなし−民話．伝説．物語．由来−第１集,高鍋町教育委員会,昭和61,1986,,,,
青木の稲作・大溜池の始末,,昔話,,高鍋町,,,,,,,ふるさとを伝える会,たかなべむかしばなし−民話．伝説．物語．由来−第１集,高鍋町教育委員会,昭和61,1986,,,,
竹鳩のむかし,,昔話,,高鍋町,,,,,,,ふるさとを伝える会,たかなべむかしばなし−民話．伝説．物語．由来−第１集,高鍋町教育委員会,昭和61,1986,,,,
新山のおもかげ,,昔話,,高鍋町,,,,,,,ふるさとを伝える会,たかなべむかしばなし−民話．伝説．物語．由来−第１集,高鍋町教育委員会,昭和61,1986,,,,
,,,,,,,,,,,猪須克己,山のよもやま話　大吹谷の女郎墓,ささゆりの会,昭和61,1986,,,,
,,,,,,,,,,,南郷村役場企画課,神門物語−百済伝説,南郷村役場企画課,昭和61,1986,,,,
,,,,,,,,,,,故郷もろかたものしりどん編集委員会,故郷もろかたものしりどん,北諸県・西諸県社会福祉協議会,昭和61,1986,,,,
,,,,,,,,,,,猪須克巳,大吹谷の女郎墓,ささゆりの会,昭和61,1986,,,,
,,,,,,,,,,,小泉文夫,子どもの遊びと歌,草思社,昭和61,1986,,,,
中野の牢屋跡,,,宮崎市,清武町,,,,,,,,清武に伝わる民話と風俗,清武町教育委員会,昭和61年,1986,,,,
やくさん馬場,,,宮崎市,清武町,,,,,,,,清武に伝わる民話と風俗,清武町教育委員会,昭和61年,1986,,,,
下中野の花立,,,宮崎市,清武町,,,,,,,,清武に伝わる民話と風俗,清武町教育委員会,昭和61年,1986,,,,
八幡坂とチンチン坂,,,宮崎市,清武町,,,,,,,,清武に伝わる民話と風俗,清武町教育委員会,昭和61年,1986,,,,
下加納の副神屋敷,,,宮崎市,清武町,,,,,,,,清武に伝わる民話と風俗,清武町教育委員会,昭和61年,1986,,,,
下加納の追分,,,宮崎市,清武町,,,,,,,,清武に伝わる民話と風俗,清武町教育委員会,昭和61年,1986,,,,
ぎにょもんと鎌倉,,,宮崎市,清武町,,,,,,,,清武に伝わる民話と風俗,清武町教育委員会,昭和61年,1986,,,,
上加納の「すげんだ」,,,宮崎市,清武町,,,,,,,,清武に伝わる民話と風俗,清武町教育委員会,昭和61年,1986,,,,
さくら町と鎌倉,,,宮崎市,清武町,,,,,,,,清武に伝わる民話と風俗,清武町教育委員会,昭和61年,1986,,,,
堰前出鼻と梅ヶ谷,,,宮崎市,清武町,,,,,,,,清武に伝わる民話と風俗,清武町教育委員会,昭和61年,1986,,,,
上岡と伝法,,,宮崎市,清武町,,,,,,,,清武に伝わる民話と風俗,清武町教育委員会,昭和61年,1986,,,,
二つの流町,,,宮崎市,清武町,,,,,,,,清武に伝わる民話と風俗,清武町教育委員会,昭和61年,1986,,,,
船引のめくら谷,,,宮崎市,清武町,,,,,,,,清武に伝わる民話と風俗,清武町教育委員会,昭和61年,1986,,,,
船引の「はま」,,,宮崎市,清武町,,,,,,,,清武に伝わる民話と風俗,清武町教育委員会,昭和61年,1986,,,,
石坂の源屋敷,,,宮崎市,清武町,,,,,,,,清武に伝わる民話と風俗,清武町教育委員会,昭和61年,1986,,,,
地区の愛称,,,宮崎市,清武町,,,,,,,,清武に伝わる民話と風俗,清武町教育委員会,昭和61年,1986,,,,
下加納の貧乏神,,,宮崎市,清武町,,,,,,,,清武に伝わる民話と風俗,清武町教育委員会,昭和61年,1986,,,,
火の峰の火玉,,,宮崎市,清武町,,,,,,,,清武に伝わる民話と風俗,清武町教育委員会,昭和61年,1986,,,,
八重川の河童,,,宮崎市,清武町,河童、,,,,,,,清武に伝わる民話と風俗,清武町教育委員会,昭和61年,1986,,,,
上ノ迫池の河童,,,宮崎市,清武町,河童、,,,,,,,清武に伝わる民話と風俗,清武町教育委員会,昭和61年,1986,,,,
岩見田の住吉がま,,,宮崎市,清武町,,,,,,,,清武に伝わる民話と風俗,清武町教育委員会,昭和61年,1986,,,,
南加納の政所,,,宮崎市,清武町,,,,,,,,清武に伝わる民話と風俗,清武町教育委員会,昭和61年,1986,,,,
岩見田の天狗杉,,,宮崎市,清武町,,,,,,,,清武に伝わる民話と風俗,清武町教育委員会,昭和61年,1986,,,,
白砂坂の蛇塚,,,宮崎市,清武町,蛇、,,,,,,,清武に伝わる民話と風俗,清武町教育委員会,昭和61年,1986,,,,
チンチン坂,,,宮崎市,清武町,,,,,,,,清武に伝わる民話と風俗,清武町教育委員会,昭和61年,1986,,,,
六部の供養塚,,,宮崎市,清武町,,,,,,,,清武に伝わる民話と風俗,清武町教育委員会,昭和61年,1986,,,,
津波地蔵と長峰,,,宮崎市,清武町,,,,,,,,清武に伝わる民話と風俗,清武町教育委員会,昭和61年,1986,,,,
咎塚の亡霊,,,宮崎市,清武町,,,,,,,,清武に伝わる民話と風俗,清武町教育委員会,昭和61年,1986,,,,
城内の狐,,,宮崎市,清武町,,,,,,,,清武に伝わる民話と風俗,清武町教育委員会,昭和61年,1986,,,,
昔の加納小学校,,,宮崎市,清武町,,,,,,,,清武に伝わる民話と風俗,清武町教育委員会,昭和61年,1986,,,,
昔の中野小学校,,,宮崎市,清武町,,,,,,,,清武に伝わる民話と風俗,清武町教育委員会,昭和61年,1986,,,,
新町の大火事,,,宮崎市,清武町,,,,,,,,清武に伝わる民話と風俗,清武町教育委員会,昭和61年,1986,,,,
おかねと新吉,,,宮崎市,清武町,,,,,,,,清武に伝わる民話と風俗,清武町教育委員会,昭和61年,1986,,,,
上使端の河童,,,宮崎市,清武町,,,,,,,,清武に伝わる民話と風俗,清武町教育委員会,昭和61年,1986,,,,
松井いぜきの河童,,,宮崎市,清武町,,,,,,,,清武に伝わる民話と風俗,清武町教育委員会,昭和61年,1986,,,,
やんぼ下の火玉,,,宮崎市,清武町,,,,,,,,清武に伝わる民話と風俗,清武町教育委員会,昭和61年,1986,,,,
黒坂観音堂の仁王さま,,,宮崎市,清武町,,,,,,,,清武に伝わる民話と風俗,清武町教育委員会,昭和61年,1986,,,,
霧島山の狐,,,宮崎市,清武町,,,,,,,,清武に伝わる民話と風俗,清武町教育委員会,昭和61年,1986,,,,
湧池の横槌蛇,,,宮崎市,清武町,蛇、,,,,,,,清武に伝わる民話と風俗,清武町教育委員会,昭和61年,1986,,,,
くぐり窓の大蛇,,,宮崎市,清武町,蛇、,,,,,,,清武に伝わる民話と風俗,清武町教育委員会,昭和61年,1986,,,,
天狗の住み家,,,宮崎市,清武町,,,,,,,,清武に伝わる民話と風俗,清武町教育委員会,昭和61年,1986,,,,
堂の下の河童,,,宮崎市,清武町,河童、,,,,,,,清武に伝わる民話と風俗,清武町教育委員会,昭和61年,1986,,,,
いぼ取り地蔵,,,宮崎市,清武町,,,,,,,,清武に伝わる民話と風俗,清武町教育委員会,昭和61年,1986,,,,
年神さまは咳の神,,,宮崎市,清武町,,,,,,,,清武に伝わる民話と風俗,清武町教育委員会,昭和61年,1986,,,,
椿さまは歯の神様,,,宮崎市,清武町,,,,,,,,清武に伝わる民話と風俗,清武町教育委員会,昭和61年,1986,,,,
身投げの井戸,,,宮崎市,清武町,,,,,,,,清武に伝わる民話と風俗,清武町教育委員会,昭和61年,1986,,,,
山の神の化身,,,宮崎市,清武町,,,,,,,,清武に伝わる民話と風俗,清武町教育委員会,昭和61年,1986,,,,
楠の木のたき火,,,宮崎市,清武町,,,,,,,,清武に伝わる民話と風俗,清武町教育委員会,昭和61年,1986,,,,
浦田の難田,,,宮崎市,清武町,,,,,,,,清武に伝わる民話と風俗,清武町教育委員会,昭和61年,1986,,,,
昔の木原小学校,,,宮崎市,清武町,,,,,,,,清武に伝わる民話と風俗,清武町教育委員会,昭和61年,1986,,,,
昔の黒坂小学校,,,宮崎市,清武町,,,,,,,,清武に伝わる民話と風俗,清武町教育委員会,昭和61年,1986,,,,
永山の庚申塔,,,宮崎市,清武町,,,,,,,,清武に伝わる民話と風俗,清武町教育委員会,昭和61年,1986,,,,
永山のいぼの神さま,,,宮崎市,清武町,,,,,,,,清武に伝わる民話と風俗,清武町教育委員会,昭和61年,1986,,,,
角上の地蔵さま,,,宮崎市,清武町,,,,,,,,清武に伝わる民話と風俗,清武町教育委員会,昭和61年,1986,,,,
とどろ滝の大蛇,,,宮崎市,清武町,蛇、,,,,,,,清武に伝わる民話と風俗,清武町教育委員会,昭和61年,1986,,,,
池どんの塚,,,宮崎市,清武町,,,,,,,,清武に伝わる民話と風俗,清武町教育委員会,昭和61年,1986,,,,
角上のきつね,,,宮崎市,清武町,,,,,,,,清武に伝わる民話と風俗,清武町教育委員会,昭和61年,1986,,,,
比江ヶ久保の大萩,,,宮崎市,清武町,,,,,,,,清武に伝わる民話と風俗,清武町教育委員会,昭和61年,1986,,,,
七つ山の天狗松,,,宮崎市,清武町,,,,,,,,清武に伝わる民話と風俗,清武町教育委員会,昭和61年,1986,,,,
,,,宮崎市,清武町,,,,,,,,清武に伝わる民話と風俗,清武町教育委員会,昭和61年,1986,,,,
丸目の庄屋水路,,,宮崎市,清武町,,,,,,,,清武に伝わる民話と風俗,清武町教育委員会,昭和61年,1986,,,,
丸目をたたえる歌,,,宮崎市,清武町,,,,,,,,清武に伝わる民話と風俗,清武町教育委員会,昭和61年,1986,,,,
丸目の乳岩さま,,,宮崎市,清武町,,,,,,,,清武に伝わる民話と風俗,清武町教育委員会,昭和61年,1986,,,,
乳岩さまの狐,,,宮崎市,清武町,,,,,,,,清武に伝わる民話と風俗,清武町教育委員会,昭和61年,1986,,,,
上今泉の飛び岩,,,宮崎市,清武町,,,,,,,,清武に伝わる民話と風俗,清武町教育委員会,昭和61年,1986,,,,
水無川と大根,,,宮崎市,清武町,,,,,,,,清武に伝わる民話と風俗,清武町教育委員会,昭和61年,1986,,,,
水無川の白狐,,,宮崎市,清武町,,,,,,,,清武に伝わる民話と風俗,清武町教育委員会,昭和61年,1986,,,,
岡の岩涼の水,,,宮崎市,清武町,,,,,,,,清武に伝わる民話と風俗,清武町教育委員会,昭和61年,1986,,,,
昔の今泉小学校,,,宮崎市,清武町,,,,,,,,清武に伝わる民話と風俗,清武町教育委員会,昭和61年,1986,,,,
谷ノ口の大蛇,,,宮崎市,清武町,蛇、,,,,,,,清武に伝わる民話と風俗,清武町教育委員会,昭和61年,1986,,,,
大久保の製鉄所,,,宮崎市,清武町,,,,,,,,清武に伝わる民話と風俗,清武町教育委員会,昭和61年,1986,,,,
袈裟太郎のなんこ,,,宮崎市,清武町,,,,,,,,清武に伝わる民話と風俗,清武町教育委員会,昭和61年,1986,,,,
沓掛で紙作り,,,宮崎市,清武町,,,,,,,,清武に伝わる民話と風俗,清武町教育委員会,昭和61年,1986,,,,
昔の沓掛小学校,,,宮崎市,清武町,,,,,,,,清武に伝わる民話と風俗,清武町教育委員会,昭和61年,1986,,,,
尾平の椎の木,,,宮崎市,清武町,,,,,,,,清武に伝わる民話と風俗,清武町教育委員会,昭和61年,1986,,,,
黒北の大将軍さま,,,宮崎市,清武町,,,,,,,,清武に伝わる民話と風俗,清武町教育委員会,昭和61年,1986,,,,
病気を治す神木,,,宮崎市,清武町,,,,,,,,清武に伝わる民話と風俗,清武町教育委員会,昭和61年,1986,,,,
黒北の源左渕,,,宮崎市,清武町,,,,,,,,清武に伝わる民話と風俗,清武町教育委員会,昭和61年,1986,,,,
黒北の牧場の跡,,,宮崎市,清武町,,,,,,,,清武に伝わる民話と風俗,清武町教育委員会,昭和61年,1986,,,,
庵屋の河童,,,宮崎市,清武町,河童、,,,,,,,清武に伝わる民話と風俗,清武町教育委員会,昭和61年,1986,,,,
庵屋の大蛇,,,宮崎市,清武町,蛇、,,,,,,,清武に伝わる民話と風俗,清武町教育委員会,昭和61年,1986,,,,
内山寺の観音様,,,宮崎市,清武町,,,,,,,,清武に伝わる民話と風俗,清武町教育委員会,昭和61年,1986,,,,
炎尾神社のおためしつぼ,,,宮崎市,清武町,,,,,,,,清武に伝わる民話と風俗,清武町教育委員会,昭和61年,1986,,,,
庵屋のかわら屋根,,,宮崎市,清武町,,,,,,,,清武に伝わる民話と風俗,清武町教育委員会,昭和61年,1986,,,,
銀代のきつね,,,宮崎市,清武町,,,,,,,,清武に伝わる民話と風俗,清武町教育委員会,昭和61年,1986,,,,
船引のきつね,,,宮崎市,清武町,,,,,,,,清武に伝わる民話と風俗,清武町教育委員会,昭和61年,1986,,,,
修験者ときつね,,,宮崎市,清武町,,,,,,,,清武に伝わる民話と風俗,清武町教育委員会,昭和61年,1986,,,,
和尚さんと小僧,,,宮崎市,清武町,,,,,,,,清武に伝わる民話と風俗,清武町教育委員会,昭和61年,1986,,,,
ろく太郎の留守番,,,宮崎市,清武町,,,,,,,,清武に伝わる民話と風俗,清武町教育委員会,昭和61年,1986,,,,
消えた船引の川原町,,,宮崎市,清武町,,,,,,,,清武に伝わる民話と風俗,清武町教育委員会,昭和61年,1986,,,,
船引の大蛇,,,宮崎市,清武町,蛇、,,,,,,,清武に伝わる民話と風俗,清武町教育委員会,昭和61年,1986,,,,
船引の滑川温泉,,,宮崎市,清武町,,,,,,,,清武に伝わる民話と風俗,清武町教育委員会,昭和61年,1986,,,,
船引の郷倉跡,,,宮崎市,清武町,,,,,,,,清武に伝わる民話と風俗,清武町教育委員会,昭和61年,1986,,,,
,,,,,,,,,,,,清武に伝わる民話と風俗,清武町教育委員会,昭和61年,1986,,,,
,,,,,,,,,,,,清武に伝わる民話と風俗,清武町教育委員会,昭和61年,1986,,,,
,,,,,,,,,,,,清武に伝わる民話と風俗,清武町教育委員会,昭和61年,1986,,,,
,,,,,,,,,,,,清武に伝わる民話と風俗,清武町教育委員会,昭和61年,1986,,,,
,,,,,,,,,,,,清武に伝わる民話と風俗,清武町教育委員会,昭和61年,1986,,,,
,,,,,,,,,,,,清武に伝わる民話と風俗,清武町教育委員会,昭和61年,1986,,,,
,,,,,,,,,,,,清武に伝わる民話と風俗,清武町教育委員会,昭和61年,1986,,,,
,,,,,,,,,,,,清武に伝わる民話と風俗,清武町教育委員会,昭和61年,1986,,,,
,,,,,,,,,,,,清武に伝わる民話と風俗,清武町教育委員会,昭和61年,1986,,,,
,,,,,,,,,,,,清武に伝わる民話と風俗,清武町教育委員会,昭和61年,1986,,,,
,,,,,,,,,,,,清武に伝わる民話と風俗,清武町教育委員会,昭和61年,1986,,,,
,,,,,,,,,,,,清武に伝わる民話と風俗,清武町教育委員会,昭和61年,1986,,,,
,,,,,,,,,,,,清武に伝わる民話と風俗,清武町教育委員会,昭和61年,1986,,,,
,,,,,,,,,,,,清武に伝わる民話と風俗,清武町教育委員会,昭和61年,1986,,,,
,,,,,,,,,,,,清武に伝わる民話と風俗,清武町教育委員会,昭和61年,1986,,,,
,,,,,,,,,,,,清武に伝わる民話と風俗,清武町教育委員会,昭和61年,1986,,,,
,,,,,,,,,,,,清武に伝わる民話と風俗,清武町教育委員会,昭和61年,1986,,,,
,,,,,,,,,,,,清武に伝わる民話と風俗,清武町教育委員会,昭和61年,1986,,,,
,,,,,,,,,,,,清武に伝わる民話と風俗,清武町教育委員会,昭和61年,1986,,,,
,,,,,,,,,,,,清武に伝わる民話と風俗,清武町教育委員会,昭和61年,1986,,,,
,,,,,,,,,,,,清武に伝わる民話と風俗,清武町教育委員会,昭和61年,1986,,,,
,,,,,,,,,,,,清武に伝わる民話と風俗,清武町教育委員会,昭和61年,1986,,,,
,,,,,,,,,,,,清武に伝わる民話と風俗,清武町教育委員会,昭和61年,1986,,,,
,,,,,,,,,,,,清武に伝わる民話と風俗,清武町教育委員会,昭和61年,1986,,,,
,,,,,,,,,,,,清武に伝わる民話と風俗,清武町教育委員会,昭和61年,1986,,,,
,,,,,,,,,,,,清武に伝わる民話と風俗,清武町教育委員会,昭和61年,1986,,,,
,,,,,,,,,,,,清武に伝わる民話と風俗,清武町教育委員会,昭和61年,1986,,,,
,,,,,,,,,,,,清武に伝わる民話と風俗,清武町教育委員会,昭和61年,1986,,,,
,,,,,,,,,,,,清武に伝わる民話と風俗,清武町教育委員会,昭和61年,1986,,,,
,,,,,,,,,,,,清武に伝わる民話と風俗,清武町教育委員会,昭和61年,1986,,,,
,,,,,,,,,,,,清武に伝わる民話と風俗,清武町教育委員会,昭和61年,1986,,,,
,,,,,,,,,,,,清武に伝わる民話と風俗,清武町教育委員会,昭和61年,1986,,,,
,,,,,,,,,,,,清武に伝わる民話と風俗,清武町教育委員会,昭和61年,1986,,,,
,,,,,,,,,,,,清武に伝わる民話と風俗,清武町教育委員会,昭和61年,1986,,,,
,,,,,,,,,,,,清武に伝わる民話と風俗,清武町教育委員会,昭和61年,1986,,,,
,,,,,,,,,,,,わたしたちの北郷町 昭和６２年版        社会科副読本,北郷町教育委員会,,1987,,,,
,,,,,,,,,,,入佐一俊,西小林のことわざ,入佐一俊,昭和62,1987,,,,
,,,,,,,,,,,矢口裕康,宮崎のおどけ者,鉱脈社,昭和62,1987,,,,
,,,,,,,,,,,矢口裕康,語りの伝承（鉱脈叢書15）,鉱脈社,昭和62,1987,,,,
"① 外記（げき）どんの話
半平どんのちくらべ",,,宮崎市,高岡町,,米良 功,,,,第11章　第5節　民話,高岡町史編さん委員会 編さん,高岡町史 下巻,高岡町,,1987,,,,
"① 外記（げき）どんの話
そらうそじゃ",,,宮崎市,高岡町,,清水 平太,,,,,,,,,,,,,
"② 清蔵（せいぞ）どんの話
男がちがう",,,宮崎市,高岡町,,清水 平太,,,,第11章　第5節　民話,高岡町史編さん委員会 編さん,高岡町史 下巻,高岡町,,1987,,,,
"② 清蔵（せいぞ）どんの話
たれかぶるかしれん",,,宮崎市,高岡町,,米良 功,,,,,,,,,,,,,
"③ 別府（びゅう）どんの話
けちんぼ",,,宮崎市,高岡町,,清水 平太,,,,第11章　第5節　民話,高岡町史編さん委員会 編さん,高岡町史 下巻,高岡町,,1987,,,,
④ ナナシギ瀬戸の大入道,,,宮崎市,高岡町,,阿万 武夫,,,,第11章　第5節　民話,高岡町史編さん委員会 編さん,高岡町史 下巻,高岡町,,1987,,,,
⑤ 柳元の地名,,,宮崎市,高岡町,,阿万 武夫,,,,第11章　第5節　民話,高岡町史編さん委員会 編さん,高岡町史 下巻,高岡町,,1987,,,,
⑥ 田丸法仙院,,,宮崎市,高岡町,,阿万 武夫,,,,第11章　第5節　民話,高岡町史編さん委員会 編さん,高岡町史 下巻,高岡町,,1987,,,,
⑦ 長者杉尾主水,,,宮崎市,高岡町,,阿万 武夫,,,,第11章　第5節　民話,高岡町史編さん委員会 編さん,高岡町史 下巻,高岡町,,1987,,,,
⑧ 雲の井権九郎,,,宮崎市,高岡町,,阿万 武夫,,,,第11章　第5節　民話,高岡町史編さん委員会 編さん,高岡町史 下巻,高岡町,,1987,,,,
⑨ 乱髪・久津良川力士,,,宮崎市,高岡町,,阿万 武夫,,,,第11章　第5節　民話,高岡町史編さん委員会 編さん,高岡町史 下巻,高岡町,,1987,,,,
⑩ 橋口三兄弟の善行,,,宮崎市,高岡町,,阿万 武夫,,,,第11章　第5節　民話,高岡町史編さん委員会 編さん,高岡町史 下巻,高岡町,,1987,,,,
⑪ 岩右衛門様ん甘酒,,,宮崎市,高岡町,,阿万 武夫,,,,第11章　第5節　民話,高岡町史編さん委員会 編さん,高岡町史 下巻,高岡町,,1987,,,,
⑫ 柚木崎丹後守正家,,,宮崎市,高岡町,,阿万 武夫,,,,第11章　第5節　民話,高岡町史編さん委員会 編さん,高岡町史 下巻,高岡町,,1987,,,,
⑬ ひとて屋（松山さぬえの剛力）,,,宮崎市,高岡町,,阿万 武夫,,,,第11章　第5節　民話,高岡町史編さん委員会 編さん,高岡町史 下巻,高岡町,,1987,,,,
⑭ 地蔵菩薩,,,宮崎市,高岡町,,阿万 武夫,,,,第11章　第5節　民話,高岡町史編さん委員会 編さん,高岡町史 下巻,高岡町,,1987,,,,
⑮ 浜の坂の不動明王,,,宮崎市,高岡町,,阿万 武夫,,,,第11章　第5節　民話,高岡町史編さん委員会 編さん,高岡町史 下巻,高岡町,,1987,,,,
,,昔話,,高鍋町,,,,,,,ふるさとを伝える会,たかなべむかしばなし−民話．伝説．物語．由来−第2集,高鍋町教育委員会,昭和63,1988,,,,
,,,,都城市,,,,,,,瀬戸山計佐儀,日向の国諸県の伝説,三州文化社,昭和63年,1988,,,,
,,,,都城市,,,,,,,瀬戸山計佐儀,日向の国諸県の伝説,三州文化社,昭和63年,1988,,,,
,,,,都城市,,,,,,諸県の伝説　都城の伝説,瀬戸山計佐儀,日向の国諸県の伝説,三州文化社,昭和63年,1988,,,,
,,,,都城市,,,,,,中央の伝説,瀬戸山計佐儀,日向の国諸県の伝説,三州文化社,昭和63年,1988,,,,
,,,,都城市,,,,,,沖水の地名,瀬戸山計佐儀,日向の国諸県の伝説,三州文化社,昭和63年,1988,,,,
,,,,都城市,,,,,,五十市の伝説,瀬戸山計佐儀,日向の国諸県の伝説,三州文化社,昭和63年,1988,,,,
,,,,都城市,,,,,,志和地の伝説,瀬戸山計佐儀,日向の国諸県の伝説,三州文化社,昭和63年,1988,,,,
,,,,都城市,,,,,,庄内の伝説,瀬戸山計佐儀,日向の国諸県の伝説,三州文化社,昭和63年,1988,,,,
,,,,都城市,,,,,,西岳の伝説,瀬戸山計佐儀,日向の国諸県の伝説,三州文化社,昭和63年,1988,,,,
,,,,都城市,,,,,,中郷の伝説,瀬戸山計佐儀,日向の国諸県の伝説,三州文化社,昭和63年,1988,,,,
,,,,都城市,,,,,,北諸県の伝説　三股の伝説,瀬戸山計佐儀,日向の国諸県の伝説,三州文化社,昭和63年,1988,,,,
,,,,都城市,,,,,,山之口の伝説,瀬戸山計佐儀,日向の国諸県の伝説,三州文化社,昭和63年,1988,,,,
,,,,都城市,,,,,,高城の伝説,瀬戸山計佐儀,日向の国諸県の伝説,三州文化社,昭和63年,1988,,,,
,,,,都城市,,,,,,高崎の伝説,瀬戸山計佐儀,日向の国諸県の伝説,三州文化社,昭和63年,1988,,,,
,,,,都城市,,,,,,山田の伝説,瀬戸山計佐儀,日向の国諸県の伝説,三州文化社,昭和63年,1988,,,,
,,,,小林市,,,,,,西諸県の伝説　高原の伝説,瀬戸山計佐儀,日向の国諸県の伝説,三州文化社,昭和63年,1988,,,,
,,,,小林市,,,,,,野尻の伝説,瀬戸山計佐儀,日向の国諸県の伝説,三州文化社,昭和63年,1988,,,,
,,,,小林市,,,,,,須木の伝説,瀬戸山計佐儀,日向の国諸県の伝説,三州文化社,昭和63年,1988,,,,
,,,,小林市,,,,,,小林の伝説,瀬戸山計佐儀,日向の国諸県の伝説,三州文化社,昭和63年,1988,,,,
,,,,えびの市,,,,,,えびのの伝説,瀬戸山計佐儀,日向の国諸県の伝説,三州文化社,昭和63年,1988,,,,
,,,,えびの市,,,,,,飯野の伝説,瀬戸山計佐儀,日向の国諸県の伝説,三州文化社,昭和63年,1988,,,,
,,,,えびの市,,,,,,加久藤の伝説,瀬戸山計佐儀,日向の国諸県の伝説,三州文化社,昭和63年,1988,,,,
,,,,えびの市,,,,,,真幸の伝説,瀬戸山計佐儀,日向の国諸県の伝説,三州文化社,昭和63年,1988,,,,
,,,,宮崎市,,,,,,東諸県の伝説　高岡の伝説,瀬戸山計佐儀,日向の国諸県の伝説,三州文化社,昭和63年,1988,,,,
,,,,,,,,,,国富の伝説,瀬戸山計佐儀,日向の国諸県の伝説,三州文化社,昭和63年,1988,,,,
,,,,,,,,,,綾の伝説,瀬戸山計佐儀,日向の国諸県の伝説,三州文化社,昭和63年,1988,,,,
,,,,,,,,,,南諸県の伝説（鹿児島県曽於郡）　松山の伝説,瀬戸山計佐儀,日向の国諸県の伝説,三州文化社,昭和63年,1988,,,,
,,,,,,,,,,志布志の伝説,瀬戸山計佐儀,日向の国諸県の伝説,三州文化社,昭和63年,1988,,,,
,,,,,,,,,,有明の伝説,瀬戸山計佐儀,日向の国諸県の伝説,三州文化社,昭和63年,1988,,,,
,,,,,,,,,,大崎の伝説,瀬戸山計佐儀,日向の国諸県の伝説,三州文化社,昭和63年,1988,,,,
,,,,,,,,,,財部の伝説,瀬戸山計佐儀,日向の国諸県の伝説,三州文化社,昭和63年,1988,,,,
,,,,,,,,,,末吉の伝説,瀬戸山計佐儀,日向の国諸県の伝説,三州文化社,昭和63年,1988,,,,
,,,,,,,,,,大隈の伝説,瀬戸山計佐儀,日向の国諸県の伝説,三州文化社,昭和63年,1988,,,,
,,,,,,,,,,落穂集,瀬戸山計佐儀,日向の国諸県の伝説,三州文化社,昭和63年,1988,,,,
,,,,,,,,,,拾遺集,瀬戸山計佐儀,日向の国諸県の伝説,三州文化社,昭和63年,1988,,,,
,,,,,,,,,,余録,瀬戸山計佐儀,日向の国諸県の伝説,三州文化社,昭和63年,1988,,,,
,,,,,,,,,,諸県の俚諺,瀬戸山計佐儀,日向の国諸県の伝説,三州文化社,昭和63年,1988,,,,
,,,,,,,,,,諸県の童謡,瀬戸山計佐儀,日向の国諸県の伝説,三州文化社,昭和63年,1988,,,,
,,,,,,,,,,諸県の郷土食,瀬戸山計佐儀,日向の国諸県の伝説,三州文化社,昭和63年,1988,,,,
,,,,,,,,,,諸県の風習,瀬戸山計佐儀,日向の国諸県の伝説,三州文化社,昭和63年,1988,,,,
,,,,,,,,,,,上・下永之内むかし話編さん会編,岩戸むかしばなし,高千穂町,昭和63年,1988,,,,
,,,,,,,,,,,小島美子,山村民俗音楽誌作成のための試論 国立歴史民俗博物館研究報告(18）,第一法規,昭和63,1988,,,,
,,,,,,,,,,宮崎　おどけ者考,矢口裕康,宮崎県史研究第２号,宮崎県総務部県史編さん室,昭和63,1988,,,,
,,,,,,,,,,宮崎のわらべ唄とその伝承,矢口裕康,宮崎県地方史研究紀要第14輯,宮崎県立図書館,昭和63,1988,,,,
,,,,,,,,,,,中武雅周,夜話かりこぼう,私家版,昭和63年,1988,,,,
,,,,,,,,,,,中武雅周,おらがとのさま,私家版,平成2年,1990,,,,
,,,,,,,,,,,高崎町史編纂委員会 編,高崎町史,高崎町,平成2年,1990,https://dl.ndl.go.jp/pid/13279714/1/582,,,
,,昔話,,高鍋町,,,,,,,ふるさとを伝える会,たかなべむかしばなし−民話．伝説．物語．由来−第3集,高鍋町教育委員会,平成3,1991,,,,
,,,,,,,,,,,宮崎県農業改良普及協会,宮崎県のことわざ・格言,宮崎県農業改良普及協会,平成 3,1991,,,,
,,,,,,,,,,,高千穂町老人クラブ連合会・高千穂町社会福祉協議会,高千穂の古事伝説・民話,,平成 3,1991,,,,
,,,,,,,,,,,荒踊の郷づくり委員会,,荒踊の郷づくり委員会,平成 3,1991,,,,
鬼,,,,,,,,,武井正弘,日向椎葉山―山ものがたり,,あしなか	通巻223号,山村民俗の会,平成3年,1991,怪異・妖怪伝承データベース,,,
,,,,,,,,,,,池内捨市,加江田渓谷と青島・内海海岸　−伝承で訪ねるふるさとガイド１− ひむか新書18,鉱脈社,平成 4,1992,,,,
龍穴,,,,延岡市,,,,,山口保明,第六章　第一節　山の信仰：一　祖母山麓の信仰,,宮崎県史　資料編　民俗2,宮崎県,平成4年,1992,怪異・妖怪伝承データベース,,,
龍の駒,,,,西都市,,,,,山口保明,第六章　第一節　山の信仰：二　龍房山と嶽筋の信仰,,宮崎県史　資料編　民俗3,宮崎県,平成4年,1992,怪異・妖怪伝承データベース,,,
龍,,,,西米良村,,中村雅周『米良風土記』,,,矢口裕康,第十一章　民間説話と子どもの遊び：第二節　民間説話の種々相,,宮崎県史　資料編　民俗2,宮崎県,平成4年,1992,怪異・妖怪伝承データベース,,,
鵜戸神宮，鮫,,,,川南町,,川崎九一,,,田中熊雄,第一章　第六節　五　漁村の生活：3　漁民の信仰,,宮崎県史　資料編　民俗1,宮崎県,平成4年,1992,怪異・妖怪伝承データベース,,,
鵜戸神宮，火柱,,,,日南市南郷町,火車、,徳丸善一・小南風亀袋佐,,,田中熊雄,第一章　第六節　五　漁村の生活：3　漁民の信仰,,宮崎県史　資料編　民俗1,宮崎県,平成4年,1992,怪異・妖怪伝承データベース,,,
鵜戸神宮,,,,,,鵜戸神宮に寄せられた手紙,,,田中熊雄,第一章　第六節　五　漁村の生活：3　漁民の信仰,,宮崎県史　資料編　民俗1,宮崎県,平成4年,1992,怪異・妖怪伝承データベース,,,
鵜戸神宮,,,,日南市,,瀬川忠吉,,,田中熊雄,第一章　第六節　五　漁村の生活：3　漁民の信仰,,宮崎県史　資料編　民俗1,宮崎県,平成4年,1992,怪異・妖怪伝承データベース,,,
鬼八，きはちほうし,,,,高千穂町,,,,,山口保明,第六章　第一節　山の信仰：一　祖母山麓の信仰,山口保明,宮崎県史　資料編　民俗2,宮崎県,平成4年,1992,怪異・妖怪伝承データベース,,,
鬼八星,,,,高千穂町,,,,,山口保明,第六章　第一節　山の信仰：一　祖母山麓の信仰,山口保明,宮崎県史　資料編　民俗2,宮崎県,平成4年,1992,怪異・妖怪伝承データベース,,,
鬼,,,,宮崎市,,,,,小野重朗,第八章　第一節　年中行事：三　春・夏の行事,小野重朗,宮崎県史　資料編　民俗2,宮崎県,平成4年,1992,怪異・妖怪伝承データベース,,,
貧乏神,,,,,,,,,小野重朗,第八章　第一節　年中行事：三　春・夏の行事,,宮崎県史　資料編　民俗2,宮崎県,平成4年,1992,怪異・妖怪伝承データベース,,,
鵜戸神宮，鮫,,,,,,,,,,,,宮崎県史　資料編　民俗1,宮崎県,平成4年,1992,怪異・妖怪伝承データベース,,,
鵜戸神宮，火柱,,,,,,,,,,,,宮崎県史　資料編　民俗1,宮崎県,平成4年,1992,怪異・妖怪伝承データベース,,,
鵜戸神宮,,,,,,,,,,,,宮崎県史　資料編　民俗1,宮崎県,平成4年,1992,怪異・妖怪伝承データベース,,,
鵜戸神宮,,,,,,,,,,,,宮崎県史　資料編　民俗1,宮崎県,平成4年,1992,怪異・妖怪伝承データベース,,,
船霊さま,,,,,,,,,,,,宮崎県史　資料編　民俗1,宮崎県,平成4年,1992,怪異・妖怪伝承データベース,,,
船霊さま,,,,,,,,,,,,宮崎県史　資料編　民俗1,宮崎県,平成4年,1992,怪異・妖怪伝承データベース,,,
船亡霊,,,,,,,,,,,,宮崎県史　資料編　民俗1,宮崎県,平成4年,1992,怪異・妖怪伝承データベース,,,
船ボレ,,,,,,,,,,,,宮崎県史　資料編　民俗1,宮崎県,平成4年,1992,怪異・妖怪伝承データベース,,,
米の罰,,,,,,,,,,,,宮崎県史　資料編　民俗1,宮崎県,平成4年,1992,怪異・妖怪伝承データベース,,,
神田,,,,,,,,,,,,宮崎県史　資料編　民俗1,宮崎県,平成4年,1992,怪異・妖怪伝承データベース,,,
白猿,,,,,,,,,,,,宮崎県史　資料編　民俗1,宮崎県,平成4年,1992,怪異・妖怪伝承データベース,,,
狼,,,,,,,,,,,,宮崎県史　資料編　民俗1,宮崎県,平成4年,1992,怪異・妖怪伝承データベース,,,
熊,,,,,,,,,,,,宮崎県史　資料編　民俗1,宮崎県,平成4年,1992,怪異・妖怪伝承データベース,,,
座頭神,,,,,,,,,,,,宮崎県史　資料編　民俗1,宮崎県,平成4年,1992,怪異・妖怪伝承データベース,,,
川上田,,,,,,,,,,,,宮崎県史　資料編　民俗1,宮崎県,平成4年,1992,怪異・妖怪伝承データベース,,,
山犬，狼,,,,,,,,,,,,宮崎県史　資料編　民俗1,宮崎県,平成4年,1992,怪異・妖怪伝承データベース,,,
山犬,,,,,,,,,,,,宮崎県史　資料編　民俗1,宮崎県,平成4年,1992,怪異・妖怪伝承データベース,,,
山姫,,,,,,,,,,,,宮崎県史　資料編　民俗1,宮崎県,平成4年,1992,怪異・妖怪伝承データベース,,,
山姫,,,,,,,,,,,,宮崎県史　資料編　民俗1,宮崎県,平成4年,1992,怪異・妖怪伝承データベース,,,
山女,,,,,,,,,,,,宮崎県史　資料編　民俗1,宮崎県,平成4年,1992,怪異・妖怪伝承データベース,,,
山オナゴ,,,,,,,,,,,,宮崎県史　資料編　民俗1,宮崎県,平成4年,1992,怪異・妖怪伝承データベース,,,
山の神，カリコボウ,,,,,,,,,,,,宮崎県史　資料編　民俗1,宮崎県,平成4年,1992,怪異・妖怪伝承データベース,,,
山の神,,,,,,,,,,,,宮崎県史　資料編　民俗1,宮崎県,平成4年,1992,怪異・妖怪伝承データベース,,,
亡霊船,,,,,,,,,,,,宮崎県史　資料編　民俗1,宮崎県,平成4年,1992,怪異・妖怪伝承データベース,,,
亡霊,,,,,,,,,,,,宮崎県史　資料編　民俗1,宮崎県,平成4年,1992,怪異・妖怪伝承データベース,,,
亡霊,,,,,,,,,,,,宮崎県史　資料編　民俗1,宮崎県,平成4年,1992,怪異・妖怪伝承データベース,,,
亡霊,,,,,,,,,,,,宮崎県史　資料編　民俗1,宮崎県,平成4年,1992,怪異・妖怪伝承データベース,,,
亡霊,,,,,,,,,,,,宮崎県史　資料編　民俗1,宮崎県,平成4年,1992,怪異・妖怪伝承データベース,,,
モリ，モレ，ボレ,,,,,,,,,,,,宮崎県史　資料編　民俗1,宮崎県,平成4年,1992,怪異・妖怪伝承データベース,,,
ムキ,,,,,,,,,,,,宮崎県史　資料編　民俗1,宮崎県,平成4年,1992,怪異・妖怪伝承データベース,,,
ホイホイドン、ヨイヨイ,,,,,河童、,,,,,,,宮崎県史　資料編　民俗1,宮崎県,平成4年,1992,怪異・妖怪伝承データベース,,,
ヒョウスボ,,,,,河童、,,,,,,,宮崎県史　資料編　民俗1,宮崎県,平成4年,1992,怪異・妖怪伝承データベース,,,
ヒョウスボ,,,,,河童、,,,,,,,宮崎県史　資料編　民俗1,宮崎県,平成4年,1992,怪異・妖怪伝承データベース,,,
ヒョウスボ,,,,,河童、,,,,,,,宮崎県史　資料編　民俗1,宮崎県,平成4年,1992,怪異・妖怪伝承データベース,,,
ヒョウスボ,,,,,河童、,,,,,,,宮崎県史　資料編　民俗1,宮崎県,平成4年,1992,怪異・妖怪伝承データベース,,,
ヒョウスボ,,,,,河童、,,,,,,,宮崎県史　資料編　民俗1,宮崎県,平成4年,1992,怪異・妖怪伝承データベース,,,
チッチ,,,,,河童、,,,,,,,宮崎県史　資料編　民俗1,宮崎県,平成4年,1992,怪異・妖怪伝承データベース,,,
セコボズ,,,,,河童、,,,,,,,宮崎県史　資料編　民俗1,宮崎県,平成4年,1992,怪異・妖怪伝承データベース,,,
クダン,,,,,,,,,,,,宮崎県史　資料編　民俗1,宮崎県,平成4年,1992,怪異・妖怪伝承データベース,,,
ガラツパ，ヒョウスボ,,,,,河童、,,,,,,,宮崎県史　資料編　民俗1,宮崎県,平成4年,1992,怪異・妖怪伝承データベース,,,
カリコボウ，カリコボウズ,,,,,河童、,,,,,,,宮崎県史　資料編　民俗1,宮崎県,平成4年,1992,怪異・妖怪伝承データベース,,,
カリコボウ,,,,,河童、,,,,,,,宮崎県史　資料編　民俗1,宮崎県,平成4年,1992,怪異・妖怪伝承データベース,,,
カリコボウ,,,,,河童、,,,,,,,宮崎県史　資料編　民俗1,宮崎県,平成4年,1992,怪異・妖怪伝承データベース,,,
カリコボウ,,,,,河童、,,,,,,,宮崎県史　資料編　民俗1,宮崎県,平成4年,1992,怪異・妖怪伝承データベース,,,
カリコボウ,,,,,河童、,,,,,,,宮崎県史　資料編　民俗1,宮崎県,平成4年,1992,怪異・妖怪伝承データベース,,,
エビス神,,,,,,,,,,,,宮崎県史　資料編　民俗1,宮崎県,平成4年,1992,怪異・妖怪伝承データベース,,,
もうれい船,,,,,,,,,,,,宮崎県史　資料編　民俗1,宮崎県,平成4年,1992,怪異・妖怪伝承データベース,,,
ふなぼれ，船亡霊,,,,,,,,,,,,宮崎県史　資料編　民俗1,宮崎県,平成4年,1992,怪異・妖怪伝承データベース,,,
なん田,,,,,,,,,,,,宮崎県史　資料編　民俗1,宮崎県,平成4年,1992,怪異・妖怪伝承データベース,,,
ともよび，ふなゆうれい，ふなもうれい，はらへらかしたひと,,,,,,,,,,,,宮崎県史　資料編　民俗1,宮崎県,平成4年,1992,怪異・妖怪伝承データベース,,,
(俗信),,,,,,,,,,,,宮崎県史　資料編　民俗1,宮崎県,平成4年,1992,怪異・妖怪伝承データベース,,,
龍穴,,,,延岡市,,,,,山口保明,第六章　第一節　山の信仰：一　祖母山麓の信仰,,宮崎県史　資料編　民俗2,宮崎県,平成4年,1992,怪異・妖怪伝承データベース,,,
龍の駒,,,,西都市,,,,,山口保明,第六章 第一節 山の信仰：二 龍房山と嶽筋の信仰,,宮崎県史　資料編　民俗2,宮崎県,平成4年,1992,怪異・妖怪伝承データベース,,,
龍,,,,西米良村,,,,,矢口裕康,第十一章 民間説話と子どもの遊び：第二節 民間説話の種々相,,宮崎県史　資料編　民俗2,宮崎県,平成4年,1992,怪異・妖怪伝承データベース,,,
龍,,,,西米良村,,,,『ふるさと小川』,矢口裕康,第十一章 民間説話と子どもの遊び：第二節 民間説話の種々相,,宮崎県史　資料編　民俗2,宮崎県,平成4年,1992,怪異・妖怪伝承データベース,,,
鬼八，きはちほうし,,,,高千穂町,,,,『十社大明神記』『高千穂十社御縁起』,山口保明,第六章 第一節 山の信仰：一 祖母山麓の信仰,,宮崎県史　資料編　民俗2,宮崎県,平成4年,1992,怪異・妖怪伝承データベース,,,
鬼八星,,,,高千穂町,,,,『日州襲高千穂御神跡名号古庄略縁起』,山口保明,第六章 第一節 山の信仰：一 祖母山麓の信仰,,宮崎県史　資料編　民俗2,宮崎県,平成4年,1992,怪異・妖怪伝承データベース,,,
鬼,,,,宮崎市,,,,,小野重朗,第八章 第一節 年中行事：三 春・夏の行事,,宮崎県史　資料編　民俗2,宮崎県,平成4年,1992,怪異・妖怪伝承データベース,,,
貧乏神,,,,北諸県郡,,,,,小野重朗,第八章 第一節 年中行事：三 春・夏の行事,,宮崎県史　資料編　民俗2,宮崎県,平成4年,1992,怪異・妖怪伝承データベース,,,
蜘蛛,,,,都城市，日南市,,,,,田中熊雄,第七章 第四節 葬制：二 霊魂,,宮崎県史　資料編　民俗2,宮崎県,平成4年,1992,怪異・妖怪伝承データベース,,,
船霊さま,,,,南郷町,,平原恵美子,屋敷繁,,屋敷繁,第六章 第二節 海の信仰：二 船霊さま,,宮崎県史　資料編　民俗2,宮崎県,平成4年,1992,怪異・妖怪伝承データベース,,,
美女,,,,,,,,,矢口裕康,第十一章 民間説話と子どもの遊び：第二節 民間説話の種々相,,宮崎県史　資料編　民俗2,宮崎県,平成4年,1992,怪異・妖怪伝承データベース,,,
竜宮淵,,,,,,,,,,,,宮崎県史　資料編　民俗2,宮崎県,平成4年,1992,怪異・妖怪伝承データベース,,,
祟り,,,,,,,,,,,,宮崎県史　資料編　民俗2,宮崎県,平成4年,1992,怪異・妖怪伝承データベース,,,
病魔，狐,,,,,,,,,,,,宮崎県史　資料編　民俗2,宮崎県,平成4年,1992,怪異・妖怪伝承データベース,,,
異人,,,,,,,,,,,,宮崎県史　資料編　民俗2,宮崎県,平成4年,1992,怪異・妖怪伝承データベース,,,
猫，猫股,,,,,,,,,,,,宮崎県史　資料編　民俗2,宮崎県,平成4年,1992,怪異・妖怪伝承データベース,,,
猫,,,,,,,,,,,,宮崎県史　資料編　民俗2,宮崎県,平成4年,1992,怪異・妖怪伝承データベース,,,
狼,,,,,,,,,,,,宮崎県史　資料編　民俗2,宮崎県,平成4年,1992,怪異・妖怪伝承データベース,,,
狐,,,,,,,,,,,,宮崎県史　資料編　民俗2,宮崎県,平成4年,1992,怪異・妖怪伝承データベース,,,
犬神,,,,,,,,,,,,宮崎県史　資料編　民俗2,宮崎県,平成4年,1992,怪異・妖怪伝承データベース,,,
火車，猫,,,,,,,,,,,,宮崎県史　資料編　民俗2,宮崎県,平成4年,1992,怪異・妖怪伝承データベース,,,
火車，猫,,,,,,,,,,,,宮崎県史　資料編　民俗2,宮崎県,平成4年,1992,怪異・妖怪伝承データベース,,,
火車，猫,,,,,,,,,,,,宮崎県史　資料編　民俗2,宮崎県,平成4年,1992,怪異・妖怪伝承データベース,,,
火車,,,,,,,,,,,,宮崎県史　資料編　民俗2,宮崎県,平成4年,1992,怪異・妖怪伝承データベース,,,
火車,,,,,,,,,,,,宮崎県史　資料編　民俗2,宮崎県,平成4年,1992,怪異・妖怪伝承データベース,,,
火車,,,,,,,,,,,,宮崎県史　資料編　民俗2,宮崎県,平成4年,1992,怪異・妖怪伝承データベース,,,
火玉,,,,,,,,,,,,宮崎県史　資料編　民俗2,宮崎県,平成4年,1992,怪異・妖怪伝承データベース,,,
河童，有馬ひょすぼ,,,,,河童、,,,,,,,宮崎県史　資料編　民俗2,宮崎県,平成4年,1992,怪異・妖怪伝承データベース,,,
河童，山ン太郎,,,,,河童、,,,,,,,宮崎県史　資料編　民俗2,宮崎県,平成4年,1992,怪異・妖怪伝承データベース,,,
河童，ガワロ，カワンヒト,,,,,河童、,,,,,,,宮崎県史　資料編　民俗2,宮崎県,平成4年,1992,怪異・妖怪伝承データベース,,,
河童わろ,,,,,河童、,,,,,,,宮崎県史　資料編　民俗2,宮崎県,平成4年,1992,怪異・妖怪伝承データベース,,,
河童,,,,,河童、,,,,,,,宮崎県史　資料編　民俗2,宮崎県,平成4年,1992,怪異・妖怪伝承データベース,,,
河童,,,,,河童、,,,,,,,宮崎県史　資料編　民俗2,宮崎県,平成4年,1992,怪異・妖怪伝承データベース,,,
河童,,,,,河童、,,,,,,,宮崎県史　資料編　民俗2,宮崎県,平成4年,1992,怪異・妖怪伝承データベース,,,
河童,,,,,河童、,,,,,,,宮崎県史　資料編　民俗2,宮崎県,平成4年,1992,怪異・妖怪伝承データベース,,,
河童,,,,,河童、,,,,,,,宮崎県史　資料編　民俗2,宮崎県,平成4年,1992,怪異・妖怪伝承データベース,,,
河童,,,,,河童、,,,,,,,宮崎県史　資料編　民俗2,宮崎県,平成4年,1992,怪異・妖怪伝承データベース,,,
河童,,,,,河童、,,,,,,,宮崎県史　資料編　民俗2,宮崎県,平成4年,1992,怪異・妖怪伝承データベース,,,
河童,,,,,河童、,,,,,,,宮崎県史　資料編　民俗2,宮崎県,平成4年,1992,怪異・妖怪伝承データベース,,,
河童,,,,,河童、,,,,,,,宮崎県史　資料編　民俗2,宮崎県,平成4年,1992,怪異・妖怪伝承データベース,,,
河童,,,,,河童、,,,,,,,宮崎県史　資料編　民俗2,宮崎県,平成4年,1992,怪異・妖怪伝承データベース,,,
河童,,,,,河童、,,,,,,,宮崎県史　資料編　民俗2,宮崎県,平成4年,1992,怪異・妖怪伝承データベース,,,
河童,,,,,河童、,,,,,,,宮崎県史　資料編　民俗2,宮崎県,平成4年,1992,怪異・妖怪伝承データベース,,,
河童,,,,,河童、,,,,,,,宮崎県史　資料編　民俗2,宮崎県,平成4年,1992,怪異・妖怪伝承データベース,,,
河太郎，河童,,,,,河童、,,,,,,,宮崎県史　資料編　民俗2,宮崎県,平成4年,1992,怪異・妖怪伝承データベース,,,
河太郎，河童,,,,,河童、,,,,,,,宮崎県史　資料編　民俗2,宮崎県,平成4年,1992,怪異・妖怪伝承データベース,,,
死者,,,,,,,,,,,,宮崎県史　資料編　民俗2,宮崎県,平成4年,1992,怪異・妖怪伝承データベース,,,
死者,,,,,,,,,,,,宮崎県史　資料編　民俗2,宮崎県,平成4年,1992,怪異・妖怪伝承データベース,,,
死の予兆,,,,,,,,,,,,宮崎県史　資料編　民俗2,宮崎県,平成4年,1992,怪異・妖怪伝承データベース,,,
死の予兆,,,,,,,,,,,,宮崎県史　資料編　民俗2,宮崎県,平成4年,1992,怪異・妖怪伝承データベース,,,
死の予兆,,,,,,,,,,,,宮崎県史　資料編　民俗2,宮崎県,平成4年,1992,怪異・妖怪伝承データベース,,,
死の予兆,,,,,,,,,,,,宮崎県史　資料編　民俗2,宮崎県,平成4年,1992,怪異・妖怪伝承データベース,,,
憑きもの,,,,,,,,,,,,宮崎県史　資料編　民俗2,宮崎県,平成4年,1992,怪異・妖怪伝承データベース,,,
御崎神,,,,,,,,,,,,宮崎県史　資料編　民俗2,宮崎県,平成4年,1992,怪異・妖怪伝承データベース,,,
御崎猿，がらっぱ,,,,,,,,,,,,宮崎県史　資料編　民俗2,宮崎県,平成4年,1992,怪異・妖怪伝承データベース,,,
山姥,,,,,,,,,,,,宮崎県史　資料編　民俗2,宮崎県,平成4年,1992,怪異・妖怪伝承データベース,,,
天狗さま,,,,,,,,,,,,宮崎県史　資料編　民俗2,宮崎県,平成4年,1992,怪異・妖怪伝承データベース,,,
地神,,,,,,,,,,,,宮崎県史　資料編　民俗2,宮崎県,平成4年,1992,怪異・妖怪伝承データベース,,,
咎塚，亡霊,,,,,,,,,,,,宮崎県史　資料編　民俗2,宮崎県,平成4年,1992,怪異・妖怪伝承データベース,,,
化猫,,,,,,,,,,,,宮崎県史　資料編　民俗2,宮崎県,平成4年,1992,怪異・妖怪伝承データベース,,,
人魂,,,,,,,,,,,,宮崎県史　資料編　民俗2,宮崎県,平成4年,1992,怪異・妖怪伝承データベース,,,
人魂,,,,,,,,,,,,宮崎県史　資料編　民俗2,宮崎県,平成4年,1992,怪異・妖怪伝承データベース,,,
ヒョウスンボ,,,,,河童、,,,,,,,宮崎県史　資料編　民俗2,宮崎県,平成4年,1992,怪異・妖怪伝承データベース,,,
ヒョウスボ，カッパ,,,,,河童、,,,,,,,宮崎県史　資料編　民俗2,宮崎県,平成4年,1992,怪異・妖怪伝承データベース,,,
ナベノフタ,,,,,,,,,,,,宮崎県史　資料編　民俗2,宮崎県,平成4年,1992,怪異・妖怪伝承データベース,,,
ツツジのタタリ,,,,,,,,,,,,宮崎県史　資料編　民俗2,宮崎県,平成4年,1992,怪異・妖怪伝承データベース,,,
セコ,,,,,河童、,,,,,,,宮崎県史　資料編　民俗2,宮崎県,平成4年,1992,怪異・妖怪伝承データベース,,,
セコ,,,,,河童、,,,,,,,宮崎県史　資料編　民俗2,宮崎県,平成4年,1992,怪異・妖怪伝承データベース,,,
ガワロ，ガラッポ，カワウソ,,,,,河童、,,,,,,,宮崎県史　資料編　民俗2,宮崎県,平成4年,1992,怪異・妖怪伝承データベース,,,
ガワロ,,,,,河童、,,,,,,,宮崎県史　資料編　民俗2,宮崎県,平成4年,1992,怪異・妖怪伝承データベース,,,
ガワロ,,,,,河童、,,,,,,,宮崎県史　資料編　民俗2,宮崎県,平成4年,1992,怪異・妖怪伝承データベース,,,
ガワロ,,,,,河童、,,,,,,,宮崎県史　資料編　民俗2,宮崎県,平成4年,1992,怪異・妖怪伝承データベース,,,
ガワロ,,,,,河童、,,,,,,,宮崎県史　資料編　民俗2,宮崎県,平成4年,1992,怪異・妖怪伝承データベース,,,
ガワロ,,,,,河童、,,,,,,,宮崎県史　資料編　民俗2,宮崎県,平成4年,1992,怪異・妖怪伝承データベース,,,
ガラッパ,,,,,河童、,,,,,,,宮崎県史　資料編　民俗2,宮崎県,平成4年,1992,怪異・妖怪伝承データベース,,,
ガラッパ,,,,,河童、,,,,,,,宮崎県史　資料編　民俗2,宮崎県,平成4年,1992,怪異・妖怪伝承データベース,,,
ガグレサン，河童,,,,,河童、,,,,,,,宮崎県史　資料編　民俗2,宮崎県,平成4年,1992,怪異・妖怪伝承データベース,,,
ガグレ,,,,,河童、,,,,,,,宮崎県史　資料編　民俗2,宮崎県,平成4年,1992,怪異・妖怪伝承データベース,,,
カッパ，川太郎，山太郎,,,,,河童、,,,,,,,宮崎県史　資料編　民俗2,宮崎県,平成4年,1992,怪異・妖怪伝承データベース,,,
カッパ，ヒョスボ，ヒョウスンボ，カリコボウ，ガラッパ，ガマジロ,,,,,河童、,,,,,,,宮崎県史　資料編　民俗2,宮崎県,平成4年,1992,怪異・妖怪伝承データベース,,,
カッパ，ガラッパ，ガマジロ,,,,,河童、,,,,,,,宮崎県史　資料編　民俗2,宮崎県,平成4年,1992,怪異・妖怪伝承データベース,,,
カッパ,,,,,河童、,,,,,,,宮崎県史　資料編　民俗2,宮崎県,平成4年,1992,怪異・妖怪伝承データベース,,,
カッパ,,,,,河童、,,,,,,,宮崎県史　資料編　民俗2,宮崎県,平成4年,1992,怪異・妖怪伝承データベース,,,
カッパ,,,,,河童、,,,,,,,宮崎県史　資料編　民俗2,宮崎県,平成4年,1992,怪異・妖怪伝承データベース,,,
ひょすぼどん,,,,,河童、,,,,,,,宮崎県史　資料編　民俗2,宮崎県,平成4年,1992,怪異・妖怪伝承データベース,,,
ひょすぼう，ひょうす坊,,,,,河童、,,,,,,,宮崎県史　資料編　民俗2,宮崎県,平成4年,1992,怪異・妖怪伝承データベース,,,
ひょすぼう,,,,,河童、,,,,,,,宮崎県史　資料編　民俗2,宮崎県,平成4年,1992,怪異・妖怪伝承データベース,,,
ひょすぼ,,,,,河童、,,,,,,,宮崎県史　資料編　民俗2,宮崎県,平成4年,1992,怪異・妖怪伝承データベース,,,
ひょすぼ,,,,,河童、,,,,,,,宮崎県史　資料編　民俗2,宮崎県,平成4年,1992,怪異・妖怪伝承データベース,,,
ひょうすんぼ，わろ,,,,,河童、,,,,,,,宮崎県史　資料編　民俗2,宮崎県,平成4年,1992,怪異・妖怪伝承データベース,,,
ひょうすんぼ，かっぱさん,,,,,河童、,,,,,,,宮崎県史　資料編　民俗2,宮崎県,平成4年,1992,怪異・妖怪伝承データベース,,,
ひょうすんぼ，かっぱさん,,,,,河童、,,,,,,,宮崎県史　資料編　民俗2,宮崎県,平成4年,1992,怪異・妖怪伝承データベース,,,
ひょうすんぼう,,,,,河童、,,,,,,,宮崎県史　資料編　民俗2,宮崎県,平成4年,1992,怪異・妖怪伝承データベース,,,
ひょうすんぼ,,,,,河童、,,,,,,,宮崎県史　資料編　民俗2,宮崎県,平成4年,1992,怪異・妖怪伝承データベース,,,
ひょうすんぼ,,,,,河童、,,,,,,,宮崎県史　資料編　民俗2,宮崎県,平成4年,1992,怪異・妖怪伝承データベース,,,
ひょうすんぼ,,,,,河童、,,,,,,,宮崎県史　資料編　民俗2,宮崎県,平成4年,1992,怪異・妖怪伝承データベース,,,
ひょうすんぼ,,,,,河童、,,,,,,,宮崎県史　資料編　民俗2,宮崎県,平成4年,1992,怪異・妖怪伝承データベース,,,
ひょうすんぼ,,,,,河童、,,,,,,,宮崎県史　資料編　民俗2,宮崎県,平成4年,1992,怪異・妖怪伝承データベース,,,
ひょうすぼ，河童，大蛇,,,,,河童、,,,,,,,宮崎県史　資料編　民俗2,宮崎県,平成4年,1992,怪異・妖怪伝承データベース,,,
ひょうすぼどん,,,,,河童、,,,,,,,宮崎県史　資料編　民俗2,宮崎県,平成4年,1992,怪異・妖怪伝承データベース,,,
ひょうすぼう,,,,,河童、,,,,,,,宮崎県史　資料編　民俗2,宮崎県,平成4年,1992,怪異・妖怪伝承データベース,,,
ひょうすぼう,,,,,河童、,,,,,,,宮崎県史　資料編　民俗2,宮崎県,平成4年,1992,怪異・妖怪伝承データベース,,,
ひょうすぼう,,,,,河童、,,,,,,,宮崎県史　資料編　民俗2,宮崎県,平成4年,1992,怪異・妖怪伝承データベース,,,
ひょうすぼう,,,,,河童、,,,,,,,宮崎県史　資料編　民俗2,宮崎県,平成4年,1992,怪異・妖怪伝承データベース,,,
ひょうすぼう,,,,,河童、,,,,,,,宮崎県史　資料編　民俗2,宮崎県,平成4年,1992,怪異・妖怪伝承データベース,,,
ひょうすぼ,,,,,河童、,,,,,,,宮崎県史　資料編　民俗2,宮崎県,平成4年,1992,怪異・妖怪伝承データベース,,,
せこん子,,,,,河童、,,,,,,,宮崎県史　資料編　民俗2,宮崎県,平成4年,1992,怪異・妖怪伝承データベース,,,
せこんぼ，河童,,,,,河童、,,,,,,,宮崎県史　資料編　民俗2,宮崎県,平成4年,1992,怪異・妖怪伝承データベース,,,
すいしゃく様，蛇,,,,,,,,,,,,宮崎県史　資料編　民俗2,宮崎県,平成4年,1992,怪異・妖怪伝承データベース,,,
がわらどん，河童,,,,,河童、,,,,,,,宮崎県史　資料編　民俗2,宮崎県,平成4年,1992,怪異・妖怪伝承データベース,,,
がわらどん,,,,,河童、,,,,,,,宮崎県史　資料編　民俗2,宮崎県,平成4年,1992,怪異・妖怪伝承データベース,,,
がわらどん,,,,,河童、,,,,,,,宮崎県史　資料編　民俗2,宮崎県,平成4年,1992,怪異・妖怪伝承データベース,,,
がわっぱ,,,,,河童、,,,,,,,宮崎県史　資料編　民俗2,宮崎県,平成4年,1992,怪異・妖怪伝承データベース,,,
かりこ坊，ひょすぼ,,,,,河童、,,,,,,,宮崎県史　資料編　民俗2,宮崎県,平成4年,1992,怪異・妖怪伝承データベース,,,
かっぱ，川太郎,,,,,河童、,,,,,,,宮崎県史　資料編　民俗2,宮崎県,平成4年,1992,怪異・妖怪伝承データベース,,,
かっぱ,,,,,河童、,,,,,,,宮崎県史　資料編　民俗2,宮崎県,平成4年,1992,怪異・妖怪伝承データベース,,,
かっぱ,,,,,河童、,,,,,,,宮崎県史　資料編　民俗2,宮崎県,平成4年,1992,怪異・妖怪伝承データベース,,,
かっぱ,,,,,河童、,,,,,,,宮崎県史　資料編　民俗2,宮崎県,平成4年,1992,怪異・妖怪伝承データベース,,,
かっぱ,,,,,河童、,,,,,,,宮崎県史　資料編　民俗2,宮崎県,平成4年,1992,怪異・妖怪伝承データベース,,,
かっぱ,,,,,河童、,,,,,,,宮崎県史　資料編　民俗2,宮崎県,平成4年,1992,怪異・妖怪伝承データベース,,,
かっぱ,,,,,河童、,,,,,,,宮崎県史　資料編　民俗2,宮崎県,平成4年,1992,怪異・妖怪伝承データベース,,,
かっぱ,,,,,河童、,,,,,,,宮崎県史　資料編　民俗2,宮崎県,平成4年,1992,怪異・妖怪伝承データベース,,,
かっぱ,,,,,河童、,,,,,,,宮崎県史　資料編　民俗2,宮崎県,平成4年,1992,怪異・妖怪伝承データベース,,,
かっぱ,,,,,河童、,,,,,,,宮崎県史　資料編　民俗2,宮崎県,平成4年,1992,怪異・妖怪伝承データベース,,,
かっぱ,,,,,河童、,,,,,,,宮崎県史　資料編　民俗2,宮崎県,平成4年,1992,怪異・妖怪伝承データベース,,,
(臨死体験),,,,,,,,,,,,宮崎県史　資料編　民俗2,宮崎県,平成4年,1992,怪異・妖怪伝承データベース,,,
(臨死体験),,,,,,,,,,,,宮崎県史　資料編　民俗2,宮崎県,平成4年,1992,怪異・妖怪伝承データベース,,,
(生まれかわり),,,,,,,,,,,,宮崎県史　資料編　民俗2,宮崎県,平成4年,1992,怪異・妖怪伝承データベース,,,
(生まれかわり),,,,,,,,,,,,宮崎県史　資料編　民俗2,宮崎県,平成4年,1992,怪異・妖怪伝承データベース,,,
(俗信一束),,,,,,,,,,,,宮崎県史　資料編　民俗2,宮崎県,平成4年,1992,怪異・妖怪伝承データベース,,,
(俗信一束),,,,,,,,,,,,宮崎県史　資料編　民俗2,宮崎県,平成4年,1992,怪異・妖怪伝承データベース,,,
(俗信一束),,,,,,,,,,,,宮崎県史　資料編　民俗2,宮崎県,平成4年,1992,怪異・妖怪伝承データベース,,,
(俗信一束),,,,,,,,,,,,宮崎県史　資料編　民俗2,宮崎県,平成4年,1992,怪異・妖怪伝承データベース,,,
(俗信一束),,,,,,,,,,,,宮崎県史　資料編　民俗2,宮崎県,平成4年,1992,怪異・妖怪伝承データベース,,,
(俗信一束),,,,,,,,,,,,宮崎県史　資料編　民俗2,宮崎県,平成4年,1992,怪異・妖怪伝承データベース,,,
,,,,,,,,,,,中武雅周,燃えんでも火の伽,私家版,平成5年,1993,,,,
,,,,,,,,,,,西郷村,西郷村史,西郷村,平成5年,1993,https://dl.ndl.go.jp/pid/13279693/1/563,,,
1、,,,,都城市,,,,,,神話,,都城市史　別編　民俗・文化財,都城市,平成8,1996,,,,
2、,,,,都城市,,,,,,神話,,都城市史　別編　民俗・文化財,都城市,平成8,1996,,,,
3、,,,,都城市,,,,,,神話,,都城市史　別編　民俗・文化財,都城市,平成8,1996,,,,
4、,,,,都城市,,,,,,神話,,都城市史　別編　民俗・文化財,都城市,平成8,1996,,,,
5、,,,,都城市,,,,,,神話,,都城市史　別編　民俗・文化財,都城市,平成8,1996,,,,
6、,,,,都城市,,,,,,神話,,都城市史　別編　民俗・文化財,都城市,平成8,1996,,,,
7、,,,,都城市,,,,,,神話,,都城市史　別編　民俗・文化財,都城市,平成8,1996,,,,
1、,,,,都城市,,,,,,伝説,,都城市史　別編　民俗・文化財,都城市,平成8,1996,,,,
2、,,,,都城市,,,,,,伝説,,都城市史　別編　民俗・文化財,都城市,平成8,1996,,,,
3、,,,,都城市,,,,,,伝説,,都城市史　別編　民俗・文化財,都城市,平成8,1996,,,,
4、,,,,都城市,,,,,,伝説,,都城市史　別編　民俗・文化財,都城市,平成8,1996,,,,
5、,,,,都城市,,,,,,伝説,,都城市史　別編　民俗・文化財,都城市,平成8,1996,,,,
6、,,,,都城市,,,,,,伝説,,都城市史　別編　民俗・文化財,都城市,平成8,1996,,,,
7、,,,,都城市,,,,,,伝説,,都城市史　別編　民俗・文化財,都城市,平成8,1996,,,,
8、,,,,都城市,,,,,,伝説,,都城市史　別編　民俗・文化財,都城市,平成8,1996,,,,
9、,,,,都城市,,,,,,伝説,,都城市史　別編　民俗・文化財,都城市,平成8,1996,,,,
10、,,,,都城市,,,,,,伝説,,都城市史　別編　民俗・文化財,都城市,平成8,1996,,,,
11、,,,,都城市,,,,,,伝説,,都城市史　別編　民俗・文化財,都城市,平成8,1996,,,,
12、,,,,都城市,,,,,,伝説,,都城市史　別編　民俗・文化財,都城市,平成8,1996,,,,
13、,,,,都城市,,,,,,伝説,,都城市史　別編　民俗・文化財,都城市,平成8,1996,,,,
14、,,,,都城市,,,,,,伝説,,都城市史　別編　民俗・文化財,都城市,平成8,1996,,,,
15、,,,,都城市,,,,,,伝説,,都城市史　別編　民俗・文化財,都城市,平成8,1996,,,,
16、,,,,都城市,,,,,,伝説,,都城市史　別編　民俗・文化財,都城市,平成8,1996,,,,
17、,,,,都城市,,,,,,伝説,,都城市史　別編　民俗・文化財,都城市,平成8,1996,,,,
18、,,,,都城市,,,,,,伝説,,都城市史　別編　民俗・文化財,都城市,平成8,1996,,,,
19、,,,,都城市,,,,,,伝説,,都城市史　別編　民俗・文化財,都城市,平成8,1996,,,,
1、,,,,都城市,,,,,,昔話,,都城市史　別編　民俗・文化財,都城市,平成8,1996,,,,
2、,,,,都城市,,,,,,昔話,,都城市史　別編　民俗・文化財,都城市,平成8,1996,,,,
3、,,,,都城市,,,,,,昔話,,都城市史　別編　民俗・文化財,都城市,平成8,1996,,,,
4、,,,,都城市,,,,,,昔話,,都城市史　別編　民俗・文化財,都城市,平成8,1996,,,,
5、,,,,都城市,,,,,,昔話,,都城市史　別編　民俗・文化財,都城市,平成8,1996,,,,
6、,,,,都城市,,,,,,昔話,,都城市史　別編　民俗・文化財,都城市,平成8,1996,,,,
7、,,,,都城市,,,,,,昔話,,都城市史　別編　民俗・文化財,都城市,平成8,1996,,,,
8、,,,,都城市,,,,,,昔話,,都城市史　別編　民俗・文化財,都城市,平成8,1996,,,,
9、,,,,都城市,,,,,,昔話,,都城市史　別編　民俗・文化財,都城市,平成8,1996,,,,
10、,,,,都城市,,,,,,昔話,,都城市史　別編　民俗・文化財,都城市,平成8,1996,,,,
11、,,,,都城市,,,,,,昔話,,都城市史　別編　民俗・文化財,都城市,平成8,1996,,,,
12、,,,,都城市,,,,,,昔話,,都城市史　別編　民俗・文化財,都城市,平成8,1996,,,,
13、,,,,都城市,,,,,,昔話,,都城市史　別編　民俗・文化財,都城市,平成8,1996,,,,
1、,,,,都城市,,,,,,笑い話,,都城市史　別編　民俗・文化財,都城市,平成8,1996,,,,
2、,,,,都城市,,,,,,笑い話,,都城市史　別編　民俗・文化財,都城市,平成8,1996,,,,
3、,,,,都城市,,,,,,笑い話,,都城市史　別編　民俗・文化財,都城市,平成8,1996,,,,
4、,,,,都城市,,,,,,笑い話,,都城市史　別編　民俗・文化財,都城市,平成8,1996,,,,
5、,,,,都城市,,,,,,笑い話,,都城市史　別編　民俗・文化財,都城市,平成8,1996,,,,
6、,,,,都城市,,,,,,笑い話,,都城市史　別編　民俗・文化財,都城市,平成8,1996,,,,
7、,,,,都城市,,,,,,笑い話,,都城市史　別編　民俗・文化財,都城市,平成8,1996,,,,
8、,,,,都城市,,,,,,笑い話,,都城市史　別編　民俗・文化財,都城市,平成8,1996,,,,
9、,,,,都城市,,,,,,笑い話,,都城市史　別編　民俗・文化財,都城市,平成8,1996,,,,
10、,,,,都城市,,,,,,笑い話,,都城市史　別編　民俗・文化財,都城市,平成8,1996,,,,
11、,,,,都城市,,,,,,笑い話,,都城市史　別編　民俗・文化財,都城市,平成8,1996,,,,
12、,,,,都城市,,,,,,笑い話,,都城市史　別編　民俗・文化財,都城市,平成8,1996,,,,
,,,,,,,,,,,鳥集忠男・弥勒祐徳 ／絵  ,庄屋どんと御池の龍　霧島山麓のむかしばなし,鉱脈社,平成8年,1996,,,,
鯨，祟り,,,,日南市,,那須敬二「鯨の墓」（『鯨研通信』376号日本鯨類研究所1984）,,,松崎憲三,寄り鯨の処置をめぐって－動植物の供養－,,日本常民文化紀要　19号,成城大學大學院文學研究科,平成8年,1996,怪異・妖怪伝承データベース,,,
ミナどん　ミナどん	,,昔話,,,すいつこ話,,,19680428-7,,,比江島重孝,宮崎のむかし話　1,鉱脈社,平成10,1998,,,,
鳥のきき耳,,昔話,,,すいつこ話,,,1968/7/8,,,比江島重孝,宮崎のむかし話　1,鉱脈社,平成10,1998,,,,
すいつこ　すいつこ,,昔話,,,すいつこ話,,,19680505-7,,,比江島重孝,宮崎のむかし話　1,鉱脈社,平成10,1998,,,,
手なし女,,昔話,,,すいつこ話,,,,,,比江島重孝,宮崎のむかし話　1,鉱脈社,平成10,1998,,,,
赤はげギツネ,,昔話,,,すいつこ話,,,,,,比江島重孝,宮崎のむかし話　1,鉱脈社,平成10,1998,,,,
三年寝太郎,,昔話,,,すいつこ話,,,,,,比江島重孝,宮崎のむかし話　1,鉱脈社,平成10,1998,,,,
かりこ坊のたたり,,昔話,,,すいつこ話,,,,,,比江島重孝,宮崎のむかし話　1,鉱脈社,平成10,1998,,,,
梅にウグイス,,昔話,,,すいつこ話,,,,,,比江島重孝,宮崎のむかし話　1,鉱脈社,平成10,1998,,,,
うり子ひめ,,昔話,,,すいつこ話,,,,,,比江島重孝,宮崎のむかし話　1,鉱脈社,平成10,1998,,,,
七ばけ八ばけ,,昔話,,,すいつこ話,,,1969/3/23,,,比江島重孝,宮崎のむかし話　1,鉱脈社,平成10,1998,,,,
すね子太郎,,昔話,,,すいつこ話,,,,,,比江島重孝,宮崎のむかし話　1,鉱脈社,平成10,1998,,,,
だんご、やれまて,,昔話,,,すいつこ話,,,,,,比江島重孝,宮崎のむかし話　1,鉱脈社,平成10,1998,,,,
モズとホトトギス,,昔話,,,すいつこ話,,,,,,比江島重孝,宮崎のむかし話　1,鉱脈社,平成10,1998,,,,
よくのクマダカ,,昔話,,,すいつこ話,,,,,,比江島重孝,宮崎のむかし話　1,鉱脈社,平成10,1998,,,,
ゆりわか大臣,,昔話,,,すいつこ話,,,,,,比江島重孝,宮崎のむかし話　1,鉱脈社,平成10,1998,,,,
カラの巣,,昔話,,,すいつこ話,,,,,,比江島重孝,宮崎のむかし話　1,鉱脈社,平成10,1998,,,,
ヤスリ,,昔話,,,すいつこ話,,,,,,比江島重孝,宮崎のむかし話　1,鉱脈社,平成10,1998,,,,
これはなんどり,,昔話,,,すいつこ話,,,,,,比江島重孝,宮崎のむかし話　1,鉱脈社,平成10,1998,,,,
ふくれん坊,,昔話,,,うそさん話	,,,,,,比江島重孝,宮崎のむかし話　1,鉱脈社,平成10,1998,,,,
ひょいとこせ,,昔話,,,うそさん話	,,,,,,比江島重孝,宮崎のむかし話　1,鉱脈社,平成10,1998,,,,
惜しみ木,,昔話,,,うそさん話	,,,,,,比江島重孝,宮崎のむかし話　1,鉱脈社,平成10,1998,,,,
タカのはかまいり,,昔話,,,うそさん話	,,,,,,比江島重孝,宮崎のむかし話　1,鉱脈社,平成10,1998,,,,
しばりまくら,,昔話,,,うそさん話	,,,,,,比江島重孝,宮崎のむかし話　1,鉱脈社,平成10,1998,,,,
べろだし本尊,,昔話,,,うそさん話	,,,,,,比江島重孝,宮崎のむかし話　1,鉱脈社,平成10,1998,,,,
土が入ったら,,昔話,,,うそさん話	,,,,,,比江島重孝,宮崎のむかし話　1,鉱脈社,平成10,1998,,,,
ふしぎなカマス,,昔話,,,うそさん話	,,,,,,比江島重孝,宮崎のむかし話　1,鉱脈社,平成10,1998,,,,
ふくろどん,,昔話,,,うそさん話	,,,,,,比江島重孝,宮崎のむかし話　1,鉱脈社,平成10,1998,,,,
うたよみばなし,,昔話,,,うそさん話	,,,,,,比江島重孝,宮崎のむかし話　1,鉱脈社,平成10,1998,,,,
ウソ三とタヌキ,,昔話,,,うそさん話	,,,,,,比江島重孝,宮崎のむかし話　1,鉱脈社,平成10,1998,,,,
福助さん,,昔話,,,うそさん話	,,,,,,比江島重孝,宮崎のむかし話　1,鉱脈社,平成10,1998,,,,
イワシのびんた,,昔話,,,うそさん話	,,,,,,比江島重孝,宮崎のむかし話　1,鉱脈社,平成10,1998,,,,
くれないの花,,昔話,,,うそさん話	,,,,,,比江島重孝,宮崎のむかし話　1,鉱脈社,平成10,1998,,,,
へんげの黒ネコ,,昔話,,,うそさん話	,,,,,,比江島重孝,宮崎のむかし話　1,鉱脈社,平成10,1998,,,,
日向の絵かきどん,,昔話,,,うそさん話	,,,,,,比江島重孝,宮崎のむかし話　1,鉱脈社,平成10,1998,,,,
ぬたまちのへんげもの,,昔話,,,うそさん話	,,,,,,比江島重孝,宮崎のむかし話　1,鉱脈社,平成10,1998,,,,
ねずみのしりぼ,,昔話,,,うそさん話	,,,,,,比江島重孝,宮崎のむかし話　1,鉱脈社,平成10,1998,,,,
早わざくらべ,,昔話,,,うそさん話	,,,,,,比江島重孝,宮崎のむかし話　1,鉱脈社,平成10,1998,,,,
三かたげの話	,,昔話,,,うそさん話	,,,,,,比江島重孝,宮崎のむかし話　1,鉱脈社,平成10,1998,,,,
大蛇退治,,昔話,,,くわん話,蛇、,,,,,比江島重孝,宮崎のむかし話　1,鉱脈社,平成10,1998,,,,
そばのね,,昔話,,,くわん話,,,,,,比江島重孝,宮崎のむかし話　1,鉱脈社,平成10,1998,,,,
抜け首,,昔話,,,くわん話,,,,,,比江島重孝,宮崎のむかし話　1,鉱脈社,平成10,1998,,,,
ぬけまいり,,昔話,,,くわん話,,,,,,比江島重孝,宮崎のむかし話　1,鉱脈社,平成10,1998,,,,
こえをかけろ,,昔話,,,くわん話,,,,,,比江島重孝,宮崎のむかし話　1,鉱脈社,平成10,1998,,,,
茶筅山法師どん,,昔話,,,くわん話,,,,,,比江島重孝,宮崎のむかし話　1,鉱脈社,平成10,1998,,,,
大蛇と娘,,昔話,,,くわん話,蛇、,,,,,比江島重孝,宮崎のむかし話　1,鉱脈社,平成10,1998,,,,
カミソリ,,昔話,,,くわん話,,,,,,比江島重孝,宮崎のむかし話　1,鉱脈社,平成10,1998,,,,
犬はなぜ目をさます,,昔話,,,くわん話,,,,,,比江島重孝,宮崎のむかし話　1,鉱脈社,平成10,1998,,,,
まるい足中,,昔話,,,くわん話,,,,,,比江島重孝,宮崎のむかし話　1,鉱脈社,平成10,1998,,,,
地蔵裁判,,昔話,,,くわん話,,,,,,比江島重孝,宮崎のむかし話　1,鉱脈社,平成10,1998,,,,
瓜子姫,,昔話,,,くわん話,,,,,,比江島重孝,宮崎のむかし話　1,鉱脈社,平成10,1998,,,,
門の内長兵衛,,昔話,,,くわん話,,,,,,比江島重孝,宮崎のむかし話　1,鉱脈社,平成10,1998,,,,
古屋のもり,,昔話,,,くわん話,,,,,,比江島重孝,宮崎のむかし話　1,鉱脈社,平成10,1998,,,,
長い名の小僧どん,,昔話,,,くわん話,,,,,,比江島重孝,宮崎のむかし話　1,鉱脈社,平成10,1998,,,,
見るなのお墓,,昔話,,,くわん話,,,,,,比江島重孝,宮崎のむかし話　1,鉱脈社,平成10,1998,,,,
雲ん天切り,,昔話,,,くわん話,,,,,,比江島重孝,宮崎のむかし話　1,鉱脈社,平成10,1998,,,,
兄と弟,,昔話,,,くわん話,,,,,,比江島重孝,宮崎のむかし話　1,鉱脈社,平成10,1998,,,,
まま子とほん子,,昔話,,,くわん話,,,,,,比江島重孝,宮崎のむかし話　1,鉱脈社,平成10,1998,,,,
カモとり半ぴどん,,昔話,,,ふくふく話,,,,,,比江島重孝,宮崎のむかし話　1,鉱脈社,平成10,1998,,,,
金のなる木,,昔話,,,ふくふく話,,,,,,比江島重孝,宮崎のむかし話　1,鉱脈社,平成10,1998,,,,
そりゃウソじゃ,,昔話,,,ふくふく話,,,,,,比江島重孝,宮崎のむかし話　1,鉱脈社,平成10,1998,,,,
まがりくら,,昔話,,,ふくふく話,,,,,,比江島重孝,宮崎のむかし話　1,鉱脈社,平成10,1998,,,,
半ぴどんの話,,昔話,,,ふくふく話,,,,,,比江島重孝,宮崎のむかし話　1,鉱脈社,平成10,1998,,,,
田はあるぞ,,昔話,,,ふくふく話,,,,,,比江島重孝,宮崎のむかし話　1,鉱脈社,平成10,1998,,,,
ひできちばなし,,昔話,,,ふくふく話,,,,,,比江島重孝,宮崎のむかし話　1,鉱脈社,平成10,1998,,,,
むかごの上納,,昔話,,,ふくふく話,,,,,,比江島重孝,宮崎のむかし話　1,鉱脈社,平成10,1998,,,,
大けな話ぐら,,昔話,,,ふくふく話,,,,,,比江島重孝,宮崎のむかし話　1,鉱脈社,平成10,1998,,,,
岩穴の大ウナギ,,昔話,,,ふくふく話,,,,,,比江島重孝,宮崎のむかし話　1,鉱脈社,平成10,1998,,,,
ええかん,,昔話,,,ふくふく話,,,,,,比江島重孝,宮崎のむかし話　1,鉱脈社,平成10,1998,,,,
餅と酒,,昔話,,,ふくふく話,,,,,,比江島重孝,宮崎のむかし話　1,鉱脈社,平成10,1998,,,,
なすの人,,昔話,,,ふくふく話,,,,,,比江島重孝,宮崎のむかし話　1,鉱脈社,平成10,1998,,,,
八匹の駒,,昔話,,,ふくふく話,,,,,,比江島重孝,宮崎のむかし話　1,鉱脈社,平成10,1998,,,,
ふくふく,,昔話,,,ふくふく話,,,,,,比江島重孝,宮崎のむかし話　1,鉱脈社,平成10,1998,,,,
じょすじいの下駄,,昔話,,,ふくふく話,,,,,,比江島重孝,宮崎のむかし話　1,鉱脈社,平成10,1998,,,,
三尺づらになれ,,昔話,,,ふくふく話,,,,,,比江島重孝,宮崎のむかし話　1,鉱脈社,平成10,1998,,,,
大ばかめ,,昔話,,,ふくふく話,,,,,,比江島重孝,宮崎のむかし話　1,鉱脈社,平成10,1998,,,,
りんの歌,,昔話,,,ふくふく話,,,,,,比江島重孝,宮崎のむかし話　1,鉱脈社,平成10,1998,,,,
七ツ山,,昔話,,,ふくふく話,,,,,,比江島重孝,宮崎のむかし話　1,鉱脈社,平成10,1998,,,,
きせるのやに,,昔話,,,どんどん話,,,,,,比江島重孝,宮崎のむかし話　2,鉱脈社,平成10,1998,,,,
がわ太郎つり,,昔話,,,どんどん話,,,,,,比江島重孝,宮崎のむかし話　2,鉱脈社,平成10,1998,,,,
着物がほしいわ,,昔話,,,どんどん話,,,,,,比江島重孝,宮崎のむかし話　2,鉱脈社,平成10,1998,,,,
ちまき団子,,昔話,,,どんどん話,,,,,,比江島重孝,宮崎のむかし話　2,鉱脈社,平成10,1998,,,,
さんざの馬子唄,,昔話,,,どんどん話,,,,,,比江島重孝,宮崎のむかし話　2,鉱脈社,平成10,1998,,,,
タヌキと船頭さん,,昔話,,,どんどん話,,,,,,比江島重孝,宮崎のむかし話　2,鉱脈社,平成10,1998,,,,
落ちるものは,,昔話,,,どんどん話,,,,,,比江島重孝,宮崎のむかし話　2,鉱脈社,平成10,1998,,,,
どんくになった,,昔話,,,どんどん話,,,,,,比江島重孝,宮崎のむかし話　2,鉱脈社,平成10,1998,,,,
消し相撲の名人,,昔話,,,どんどん話,,,,,,比江島重孝,宮崎のむかし話　2,鉱脈社,平成10,1998,,,,
犬と猫,,昔話,,,どんどん話,,,,,,比江島重孝,宮崎のむかし話　2,鉱脈社,平成10,1998,,,,
やりくり孫左衛門,,昔話,,,どんどん話,,,,,,比江島重孝,宮崎のむかし話　2,鉱脈社,平成10,1998,,,,
ねぼけの坊さん,,昔話,,,どんどん話,,,,,,比江島重孝,宮崎のむかし話　2,鉱脈社,平成10,1998,,,,
馬とかぶら,,昔話,,,どんどん話,,,,,,比江島重孝,宮崎のむかし話　2,鉱脈社,平成10,1998,,,,
夜ちょこぶ,,昔話,,,どんどん話,,,,,,比江島重孝,宮崎のむかし話　2,鉱脈社,平成10,1998,,,,
夢うらない,,昔話,,,どんどん話,,,,,,比江島重孝,宮崎のむかし話　2,鉱脈社,平成10,1998,,,,
兄弟星（その一）,,昔話,,,どんどん話,,,,,,比江島重孝,宮崎のむかし話　2,鉱脈社,平成10,1998,,,,
兄弟星（その二）,,昔話,,,どんどん話,,,,,,比江島重孝,宮崎のむかし話　2,鉱脈社,平成10,1998,,,,
ちきり屋さん,,昔話,,,どんどん話,,,,,,比江島重孝,宮崎のむかし話　2,鉱脈社,平成10,1998,,,,
はばかりながら,,昔話,,,どんどん話,,,,,,比江島重孝,宮崎のむかし話　2,鉱脈社,平成10,1998,,,,
観音さま,,昔話,,,わんわん話,,,,,,比江島重孝,宮崎のむかし話　2,鉱脈社,平成10,1998,,,,
蝶の夢,,昔話,,,わんわん話,,,,,,比江島重孝,宮崎のむかし話　2,鉱脈社,平成10,1998,,,,
祝い水,,昔話,,,わんわん話,,,,,,比江島重孝,宮崎のむかし話　2,鉱脈社,平成10,1998,,,,
絵姿女房,,昔話,,,わんわん話,,,,,,比江島重孝,宮崎のむかし話　2,鉱脈社,平成10,1998,,,,
くわばらくわばら,,昔話,,,わんわん話,,,,,,比江島重孝,宮崎のむかし話　2,鉱脈社,平成10,1998,,,,
短気は損気,,昔話,,,わんわん話,,,,,,比江島重孝,宮崎のむかし話　2,鉱脈社,平成10,1998,,,,
タカと百合若,,昔話,,,わんわん話,,,,,,比江島重孝,宮崎のむかし話　2,鉱脈社,平成10,1998,,,,
一ぴきのたぬき,,昔話,,,わんわん話,,,,,,比江島重孝,宮崎のむかし話　2,鉱脈社,平成10,1998,,,,
家の黒焼き,,昔話,,,わんわん話,,,,,,比江島重孝,宮崎のむかし話　2,鉱脈社,平成10,1998,,,,
狩人の親子,,昔話,,,わんわん話,,,,,,比江島重孝,宮崎のむかし話　2,鉱脈社,平成10,1998,,,,
地蔵のかさ賃,,昔話,,,わんわん話,,,,,,比江島重孝,宮崎のむかし話　2,鉱脈社,平成10,1998,,,,
こじきになった男,,昔話,,,わんわん話,,,,,,比江島重孝,宮崎のむかし話　2,鉱脈社,平成10,1998,,,,
灰のしめなわ,,昔話,,,わんわん話,,,,,,比江島重孝,宮崎のむかし話　2,鉱脈社,平成10,1998,,,,
生きている水,,昔話,,,わんわん話,,,,,,比江島重孝,宮崎のむかし話　2,鉱脈社,平成10,1998,,,,
イモざしのさほう,,昔話,,,わんわん話,,,,,,比江島重孝,宮崎のむかし話　2,鉱脈社,平成10,1998,,,,
川の坊主,,昔話,,,わんわん話,,,,,,比江島重孝,宮崎のむかし話　2,鉱脈社,平成10,1998,,,,
泣き男（その一）,,昔話,,,わんわん話,,,,,,比江島重孝,宮崎のむかし話　2,鉱脈社,平成10,1998,,,,
泣き男（その二）,,昔話,,,わんわん話,,,,,,比江島重孝,宮崎のむかし話　2,鉱脈社,平成10,1998,,,,
浮木丸	,,昔話,,,ぐんぐん話,,,,,,比江島重孝,宮崎のむかし話　2,鉱脈社,平成10,1998,,,,
ひょうすんぼのクスリ,,昔話,,,ぐんぐん話,,,,,,比江島重孝,宮崎のむかし話　2,鉱脈社,平成10,1998,,,,
狐という字,,昔話,,,ぐんぐん話,,,,,,比江島重孝,宮崎のむかし話　2,鉱脈社,平成10,1998,,,,
うつむき太郎,,昔話,,,ぐんぐん話,,,,,,比江島重孝,宮崎のむかし話　2,鉱脈社,平成10,1998,,,,
五百坂のきつね,,昔話,,,ぐんぐん話,,,,,,比江島重孝,宮崎のむかし話　2,鉱脈社,平成10,1998,,,,
春の駒	,,昔話,,,ぐんぐん話,,,,,,比江島重孝,宮崎のむかし話　2,鉱脈社,平成10,1998,,,,
まるちんの猫,,昔話,,,ぐんぐん話,,,,,,比江島重孝,宮崎のむかし話　2,鉱脈社,平成10,1998,,,,
ばかの一心,,昔話,,,ぐんぐん話,,,,,,比江島重孝,宮崎のむかし話　2,鉱脈社,平成10,1998,,,,
火のくるま,,昔話,,,ぐんぐん話,,,,,,比江島重孝,宮崎のむかし話　2,鉱脈社,平成10,1998,,,,
十三発めのたま,,昔話,,,ぐんぐん話,,,,,,比江島重孝,宮崎のむかし話　2,鉱脈社,平成10,1998,,,,
竜宮女房（その一）,,昔話,,,ぐんぐん話,,,,,,比江島重孝,宮崎のむかし話　2,鉱脈社,平成10,1998,,,,
竜宮女房（その二）,,昔話,,,ぐんぐん話,,,,,,比江島重孝,宮崎のむかし話　2,鉱脈社,平成10,1998,,,,
まま子いじめ,,昔話,,,ぐんぐん話,,,,,,比江島重孝,宮崎のむかし話　2,鉱脈社,平成10,1998,,,,
猫塚,,昔話,,,ぐんぐん話,,,,,,比江島重孝,宮崎のむかし話　2,鉱脈社,平成10,1998,,,,
水という字,,昔話,,,ぐんぐん話,,,,,,比江島重孝,宮崎のむかし話　2,鉱脈社,平成10,1998,,,,
こぞうの歌よみ,,昔話,,,ぐんぐん話,,,,,,比江島重孝,宮崎のむかし話　2,鉱脈社,平成10,1998,,,,
ナシぶげん,,昔話,,,ぐんぐん話,,,,,,比江島重孝,宮崎のむかし話　2,鉱脈社,平成10,1998,,,,
ふしぎな鏡,,昔話,,,ぐんぐん話,,,,,,比江島重孝,宮崎のむかし話　2,鉱脈社,平成10,1998,,,,
スズメの子,,昔話,,,ぐんぐん話,,,,,,比江島重孝,宮崎のむかし話　2,鉱脈社,平成10,1998,,,,
百反袋	,,昔話,,,ぐんぐん話,,,,,,比江島重孝,宮崎のむかし話　2,鉱脈社,平成10,1998,,,,
くわずのイモ,,昔話,,,だんだん話,,,,,,比江島重孝,宮崎のむかし話　2,鉱脈社,平成10,1998,,,,
鬼の岩屋,,昔話,,,だんだん話,,,,,,比江島重孝,宮崎のむかし話　2,鉱脈社,平成10,1998,,,,
てんぐ松,,昔話,,,だんだん話,,,,,,比江島重孝,宮崎のむかし話　2,鉱脈社,平成10,1998,,,,
カボチャをくわん,,昔話,,,だんだん話,,,,,,比江島重孝,宮崎のむかし話　2,鉱脈社,平成10,1998,,,,
チンチン坂,,昔話,,,だんだん話,,,,,,比江島重孝,宮崎のむかし話　2,鉱脈社,平成10,1998,,,,
高岩いなりのキツネ,,昔話,,,だんだん話,,,,,,比江島重孝,宮崎のむかし話　2,鉱脈社,平成10,1998,,,,
ちりとりが池,,昔話,,,だんだん話,,,,,,比江島重孝,宮崎のむかし話　2,鉱脈社,平成10,1998,,,,
照子の岩屋,,昔話,,,だんだん話,,,,,,比江島重孝,宮崎のむかし話　2,鉱脈社,平成10,1998,,,,
一枚のうろこ,,昔話,,,だんだん話,,,,,,比江島重孝,宮崎のむかし話　2,鉱脈社,平成10,1998,,,,
狼と庄屋どん,,昔話,,,だんだん話,,,,,,比江島重孝,宮崎のむかし話　2,鉱脈社,平成10,1998,,,,
新五郎いなり,,昔話,,,だんだん話,,,,,,比江島重孝,宮崎のむかし話　2,鉱脈社,平成10,1998,,,,
根こぎのやなか竹話,,昔話,,,だんだん話,,,,,,比江島重孝,宮崎のむかし話　2,鉱脈社,平成10,1998,,,,
境の谷,,昔話,,,だんだん話,,,,,,比江島重孝,宮崎のむかし話　2,鉱脈社,平成10,1998,,,,
切りたて越,,昔話,,,だんだん話,,,,,,比江島重孝,宮崎のむかし話　2,鉱脈社,平成10,1998,,,,
石峠,,昔話,,,だんだん話,,,,,,比江島重孝,宮崎のむかし話　2,鉱脈社,平成10,1998,,,,
逆巻大明神,,昔話,,,だんだん話,,,,,,比江島重孝,宮崎のむかし話　2,鉱脈社,平成10,1998,,,,
無念供養	,,昔話,,,だんだん話,,,,,,比江島重孝,宮崎のむかし話　2,鉱脈社,平成10,1998,,,,
大けねぐら,,昔話,,,だんだん話,,,,,,比江島重孝,宮崎のむかし話　2,鉱脈社,平成10,1998,,,,
たてわきさま,,昔話,,,だんだん話,,,,,,比江島重孝,宮崎のむかし話　2,鉱脈社,平成10,1998,,,,
八寸の爪,,昔話,,,だんだん話,,,,,,比江島重孝,宮崎のむかし話　2,鉱脈社,平成10,1998,,,,
,,,,,,,,,,,えびの市郷土史編さん委員会 編,えびの市史 下巻,えびの市,平成10,1998,https://dl.ndl.go.jp/pid/13284024/1/266,,,
鬼,,,,宮崎市,,,,,矢口裕康,第二章　第二節　民俗表現の形態：三　文字表現,矢口裕康,宮崎県史　別編　民俗,宮崎県,平成11年,1999,怪異・妖怪伝承データベース,,,
谷坂の怪,,,,高鍋町,,,,,,第二章　第二節　民俗表現の形態：一　音声表現,,宮崎県史　別編　民俗,宮崎県,平成11年,1999,怪異・妖怪伝承データベース,,,
左ぐわぺっかりこ,,昔話,,,ぺっかりこ話,,,,,,比江島重孝,宮崎のむかし話　3,鉱脈社,平成12,2000,,,,
さるほどに,,昔話,,,ぺっかりこ話,,,,,,比江島重孝,宮崎のむかし話　3,鉱脈社,平成12,2000,,,,
のどやき山の涙ぼろめかし,,昔話,,,ぺっかりこ話,,,,,,比江島重孝,宮崎のむかし話　3,鉱脈社,平成12,2000,,,,
黄金のつぼ,,昔話,,,ぺっかりこ話,,,,,,比江島重孝,宮崎のむかし話　3,鉱脈社,平成12,2000,,,,
百反袋        ,,昔話,,,ぺっかりこ話,,,,,,比江島重孝,宮崎のむかし話　3,鉱脈社,平成12,2000,,,,
いい声の女,,昔話,,,ぺっかりこ話,,,,,,比江島重孝,宮崎のむかし話　3,鉱脈社,平成12,2000,,,,
わんがし物語,,昔話,,,ぺっかりこ話,,,,,,比江島重孝,宮崎のむかし話　3,鉱脈社,平成12,2000,,,,
イカダのおなら,,昔話,,,ぺっかりこ話,,,,,,比江島重孝,宮崎のむかし話　3,鉱脈社,平成12,2000,,,,
宝屁,,昔話,,,ぺっかりこ話,,,,,,比江島重孝,宮崎のむかし話　3,鉱脈社,平成12,2000,,,,
わらいのお茶,,昔話,,,ぺっかりこ話,,,,,,比江島重孝,宮崎のむかし話　3,鉱脈社,平成12,2000,,,,
猿のお礼,,昔話,,,ぺっかりこ話,,,,,,比江島重孝,宮崎のむかし話　3,鉱脈社,平成12,2000,,,,
ブス物語,,昔話,,,ぺっかりこ話,,,,,,比江島重孝,宮崎のむかし話　3,鉱脈社,平成12,2000,,,,
三年たったら,,昔話,,,ぺっかりこ話,,,,,,比江島重孝,宮崎のむかし話　3,鉱脈社,平成12,2000,,,,
からねんぶつ,,昔話,,,ぺっかりこ話,,,,,,比江島重孝,宮崎のむかし話　3,鉱脈社,平成12,2000,,,,
ねこの足,,昔話,,,ぺっかりこ話,,,,,,比江島重孝,宮崎のむかし話　3,鉱脈社,平成12,2000,,,,
馬のあと足,,昔話,,,ぺっかりこ話,,,,,,比江島重孝,宮崎のむかし話　3,鉱脈社,平成12,2000,,,,
天のじゃく,,昔話,,,ぺっかりこ話,,,,,,比江島重孝,宮崎のむかし話　3,鉱脈社,平成12,2000,,,,
子どもがおらん,,昔話,,,ぺっかりこ話,,,,,,比江島重孝,宮崎のむかし話　3,鉱脈社,平成12,2000,,,,
蜂と鈴	,,昔話,,,ぺっかりこ話,,,,,,比江島重孝,宮崎のむかし話　3,鉱脈社,平成12,2000,,,,
そこそこ入道,,昔話,,,ぺっかりこ話,,,,,,比江島重孝,宮崎のむかし話　3,鉱脈社,平成12,2000,,,,
ぞうすいの神,,昔話,,,ごもっとも話,,,,,,比江島重孝,宮崎のむかし話　3,鉱脈社,平成12,2000,,,,
さようなよま,,昔話,,,ごもっとも話,,,,,,比江島重孝,宮崎のむかし話　3,鉱脈社,平成12,2000,,,,
三星さま,,昔話,,,ごもっとも話,,,,,,比江島重孝,宮崎のむかし話　3,鉱脈社,平成12,2000,,,,
ぼんぼら茶,,昔話,,,ごもっとも話,,,,,,比江島重孝,宮崎のむかし話　3,鉱脈社,平成12,2000,,,,
トンカトンカ,,昔話,,,ごもっとも話,,,,,,比江島重孝,宮崎のむかし話　3,鉱脈社,平成12,2000,,,,
子だから観音,,昔話,,,ごもっとも話,,,,,,比江島重孝,宮崎のむかし話　3,鉱脈社,平成12,2000,,,,
びんぶ神,,昔話,,,ごもっとも話,,,,,,比江島重孝,宮崎のむかし話　3,鉱脈社,平成12,2000,,,,
赤い火玉,,昔話,,,ごもっとも話,,,,,,比江島重孝,宮崎のむかし話　3,鉱脈社,平成12,2000,,,,
月と太陽,,昔話,,,ごもっとも話,,,,,,比江島重孝,宮崎のむかし話　3,鉱脈社,平成12,2000,,,,
化け猫のかたきうち,,昔話,,,ごもっとも話,,,,,,比江島重孝,宮崎のむかし話　3,鉱脈社,平成12,2000,,,,
はんとばか,,昔話,,,ごもっとも話,,,,,,比江島重孝,宮崎のむかし話　3,鉱脈社,平成12,2000,,,,
ぬけまいり,,昔話,,,ごもっとも話,,,,,,比江島重孝,宮崎のむかし話　3,鉱脈社,平成12,2000,,,,
経文のききめ,,昔話,,,ごもっとも話,,,,,,比江島重孝,宮崎のむかし話　3,鉱脈社,平成12,2000,,,,
うぶめ,,昔話,,,ごもっとも話,,,,,,比江島重孝,宮崎のむかし話　3,鉱脈社,平成12,2000,,,,
山姥の子,,昔話,,,ごもっとも話,,,,,,比江島重孝,宮崎のむかし話　3,鉱脈社,平成12,2000,,,,
櫛がほしい,,昔話,,,ごもっとも話,,,,,,比江島重孝,宮崎のむかし話　3,鉱脈社,平成12,2000,,,,
火車になった猫,,昔話,,,ごもっとも話,,,,,,比江島重孝,宮崎のむかし話　3,鉱脈社,平成12,2000,,,,
わなかけ,,昔話,,,ごもっとも話,,,,,,比江島重孝,宮崎のむかし話　3,鉱脈社,平成12,2000,,,,
蛇こんじょう,,昔話,,,ごもっとも話,蛇、,,,,,比江島重孝,宮崎のむかし話　3,鉱脈社,平成12,2000,,,,
大けな話,,昔話,,,ごもっとも話,,,,,,比江島重孝,宮崎のむかし話　3,鉱脈社,平成12,2000,,,,
ぼんぜん花,,昔話,,,いんごうん話	,,,,,,比江島重孝,宮崎のむかし話　3,鉱脈社,平成12,2000,,,,
山女の枕神,,昔話,,,いんごうん話	,,,,,,比江島重孝,宮崎のむかし話　3,鉱脈社,平成12,2000,,,,
ふとんのゆうれい,,昔話,,,いんごうん話	,,,,,,比江島重孝,宮崎のむかし話　3,鉱脈社,平成12,2000,,,,
二ひきの大蛇,,昔話,,,いんごうん話	,蛇、,,,,,比江島重孝,宮崎のむかし話　3,鉱脈社,平成12,2000,,,,
投筆のおきょう,,昔話,,,いんごうん話	,,,,,,比江島重孝,宮崎のむかし話　3,鉱脈社,平成12,2000,,,,
さるの涙がかり,,昔話,,,いんごうん話	,,,,,,比江島重孝,宮崎のむかし話　3,鉱脈社,平成12,2000,,,,
石臼をかついで,,昔話,,,いんごうん話	,,,,,,比江島重孝,宮崎のむかし話　3,鉱脈社,平成12,2000,,,,
えいぞう淵,,昔話,,,いんごうん話	,,,,,,比江島重孝,宮崎のむかし話　3,鉱脈社,平成12,2000,,,,
緋色のふんどし,,昔話,,,いんごうん話	,,,,,,比江島重孝,宮崎のむかし話　3,鉱脈社,平成12,2000,,,,
おまき戸,,昔話,,,いんごうん話	,,,,,,比江島重孝,宮崎のむかし話　3,鉱脈社,平成12,2000,,,,
宇納間まいり,,昔話,,,いんごうん話	,,,,,,比江島重孝,宮崎のむかし話　3,鉱脈社,平成12,2000,,,,
ビワの音,,昔話,,,いんごうん話	,,,,,,比江島重孝,宮崎のむかし話　3,鉱脈社,平成12,2000,,,,
きいだ川,,昔話,,,いんごうん話	,,,,,,比江島重孝,宮崎のむかし話　3,鉱脈社,平成12,2000,,,,
ちょうちんの火,,昔話,,,いんごうん話	,,,,,,比江島重孝,宮崎のむかし話　3,鉱脈社,平成12,2000,,,,
馬のけつのぞき,,昔話,,,いんごうん話	,,,,,,比江島重孝,宮崎のむかし話　3,鉱脈社,平成12,2000,,,,
大蛇の話,,昔話,,,いんごうん話	,,,,,,比江島重孝,宮崎のむかし話　3,鉱脈社,平成12,2000,,,,
力持ちの話,,昔話,,,いんごうん話	,,,,,,比江島重孝,宮崎のむかし話　3,鉱脈社,平成12,2000,,,,
力持ちどん,,昔話,,,いんごうん話	,,,,,,比江島重孝,宮崎のむかし話　3,鉱脈社,平成12,2000,,,,
水神さん,,昔話,,,いんごうん話	,,,,,,比江島重孝,宮崎のむかし話　3,鉱脈社,平成12,2000,,,,
金のわの大蛇,,昔話,,,いんごうん話	,蛇、,,,,,比江島重孝,宮崎のむかし話　3,鉱脈社,平成12,2000,,,,
徳利ぬけ,,昔話,,,いんごうん話	,,,,,,比江島重孝,宮崎のむかし話　3,鉱脈社,平成12,2000,,,,
福の神さん,,昔話,,,てにおあか話,,,,,,比江島重孝,宮崎のむかし話　3,鉱脈社,平成12,2000,,,,
大根の不作,,昔話,,,てにおあか話,,,,,,比江島重孝,宮崎のむかし話　3,鉱脈社,平成12,2000,,,,
おくり,,昔話,,,てにおあか話,,,,,,比江島重孝,宮崎のむかし話　3,鉱脈社,平成12,2000,,,,
つまりません,,昔話,,,てにおあか話,,,,,,比江島重孝,宮崎のむかし話　3,鉱脈社,平成12,2000,,,,
あついうちなら,,昔話,,,てにおあか話,,,,,,比江島重孝,宮崎のむかし話　3,鉱脈社,平成12,2000,,,,
キツネのおんがえし,,昔話,,,てにおあか話,,,,,,比江島重孝,宮崎のむかし話　3,鉱脈社,平成12,2000,,,,
いであげだご汁,,昔話,,,てにおあか話,,,,,,比江島重孝,宮崎のむかし話　3,鉱脈社,平成12,2000,,,,
きっちょむさんの家,,昔話,,,てにおあか話,,,,,,比江島重孝,宮崎のむかし話　3,鉱脈社,平成12,2000,,,,
きっちょむどんの名馬,,昔話,,,てにおあか話,,,,,,比江島重孝,宮崎のむかし話　3,鉱脈社,平成12,2000,,,,
おまえはだれか,,昔話,,,てにおあか話,,,,,,比江島重孝,宮崎のむかし話　3,鉱脈社,平成12,2000,,,,
キジかカラスか,,昔話,,,てにおあか話,,,,,,比江島重孝,宮崎のむかし話　3,鉱脈社,平成12,2000,,,,
どちらがふといか,,昔話,,,てにおあか話,,,,,,比江島重孝,宮崎のむかし話　3,鉱脈社,平成12,2000,,,,
めし盗人,,昔話,,,てにおあか話,,,,,,比江島重孝,宮崎のむかし話　3,鉱脈社,平成12,2000,,,,
とんちくらべ,,昔話,,,てにおあか話,,,,,,比江島重孝,宮崎のむかし話　3,鉱脈社,平成12,2000,,,,
そう七どんのべんとう,,昔話,,,てにおあか話,,,,,,比江島重孝,宮崎のむかし話　3,鉱脈社,平成12,2000,,,,
旅学問,,昔話,,,てにおあか話,,,,,,比江島重孝,宮崎のむかし話　3,鉱脈社,平成12,2000,,,,
,,,,,,,,,,,日之影町 編,日之影町史 9(資料編 4) (民俗),日之影町,平成12,2000,https://dl.ndl.go.jp/pid/12753567/1/567,,,
,,昔話,,,,,,,,,中武雅周,続ともうすかっちん,私家版,平成12,2000,,,,
1．八戸編・八戸の地名や昔の様子,,その他,,延岡市,,,,,,,甲斐敬章編,郷土史　下赤学校区域（八戸、下赤、上赤、桑ノ原）,私家版印刷,平成12,2000,,,,
2．日向と豊後の国境争い,,その他,,延岡市,,,,,,,甲斐敬章編,郷土史　下赤学校区域（八戸、下赤、上赤、桑ノ原）,私家版印刷,平成12,2000,,,,
3・4.下赤学校区地域略図,,その他,,延岡市,,,,,,,甲斐敬章編,郷土史　下赤学校区域（八戸、下赤、上赤、桑ノ原）,私家版印刷,平成12,2000,,,,
5．八戸の観音滝と紅渓石,,その他,,延岡市,,,,,,,甲斐敬章編,郷土史　下赤学校区域（八戸、下赤、上赤、桑ノ原）,私家版印刷,平成12,2000,,,,
6．大谷安兵衛の話（カッパと相撲）,,昔話,,延岡市,,,,,,,甲斐敬章編,郷土史　下赤学校区域（八戸、下赤、上赤、桑ノ原）,私家版印刷,平成12,2000,,,,
7.清三ケ谷の大蛇,,昔話,,延岡市,,,,,,,甲斐敬章編,郷土史　下赤学校区域（八戸、下赤、上赤、桑ノ原）,私家版印刷,平成12,2000,,,,
8．梓山に伝わる民話,,昔話,,延岡市,,,,,,,甲斐敬章編,郷土史　下赤学校区域（八戸、下赤、上赤、桑ノ原）,私家版印刷,平成12,2000,,,,
9．無双の力士梓山,,伝説,,延岡市,,,,,,,甲斐敬章編,郷土史　下赤学校区域（八戸、下赤、上赤、桑ノ原）,私家版印刷,平成12,2000,,,,
10～11．八戸に伝わる力士梓山物語,,伝説,,延岡市,,,,,,,甲斐敬章編,郷土史　下赤学校区域（八戸、下赤、上赤、桑ノ原）,私家版印刷,平成12,2000,,,,
12．参勤交代,,その他,,延岡市,,,,,,,甲斐敬章編,郷土史　下赤学校区域（八戸、下赤、上赤、桑ノ原）,私家版印刷,平成12,2000,,,,
13．関所役人と屋号,,その他,,延岡市,,,,,,,甲斐敬章編,郷土史　下赤学校区域（八戸、下赤、上赤、桑ノ原）,私家版印刷,平成12,2000,,,,
14．橋白木の船着き場,,その他,,延岡市,,,,,,,甲斐敬章編,郷土史　下赤学校区域（八戸、下赤、上赤、桑ノ原）,私家版印刷,平成12,2000,,,,
15．昔から八戸に伝わる岩ケ浜物語,,伝説,,延岡市,,,,,,,甲斐敬章編,郷土史　下赤学校区域（八戸、下赤、上赤、桑ノ原）,私家版印刷,平成12,2000,,,,
16．八戸編後書き,,,,延岡市,,,,,,,甲斐敬章編,郷土史　下赤学校区域（八戸、下赤、上赤、桑ノ原）,私家版印刷,平成12,2000,,,,
17．上赤地区編・地名発祥の説,,伝説,,延岡市,,,,,,,甲斐敬章編,郷土史　下赤学校区域（八戸、下赤、上赤、桑ノ原）,私家版印刷,平成12,2000,,,,
18．上人の岩屋,,伝説,,延岡市,,,,,,,甲斐敬章編,郷土史　下赤学校区域（八戸、下赤、上赤、桑ノ原）,私家版印刷,平成12,2000,,,,
19．上赤庚申塔群,,その他,,延岡市,,,,,,,甲斐敬章編,郷土史　下赤学校区域（八戸、下赤、上赤、桑ノ原）,私家版印刷,平成12,2000,,,,
20．上赤神社の成り立ち,,その他,,延岡市,,,,,,,甲斐敬章編,郷土史　下赤学校区域（八戸、下赤、上赤、桑ノ原）,私家版印刷,平成12,2000,,,,
21．上赤小原地区水路開設史,,その他,,延岡市,,,,,,,甲斐敬章編,郷土史　下赤学校区域（八戸、下赤、上赤、桑ノ原）,私家版印刷,平成12,2000,,,,
22．上赤仁田ノ内馬頭観音,,その他,,延岡市,,,,,,,甲斐敬章編,郷土史　下赤学校区域（八戸、下赤、上赤、桑ノ原）,私家版印刷,平成12,2000,,,,
23．犬が見付けた槍・鎧・兜,,世間話,,延岡市,,,,,,,甲斐敬章編,郷土史　下赤学校区域（八戸、下赤、上赤、桑ノ原）,私家版印刷,平成12,2000,,,,
24．ぼすこ『カッパ・ひょうすんぼ話』,,昔話,,延岡市,,,,,,,甲斐敬章編,郷土史　下赤学校区域（八戸、下赤、上赤、桑ノ原）,私家版印刷,平成12,2000,,,,
25．桑ノ原編（ひだり神）,,昔話,,延岡市,,,,,,,甲斐敬章編,郷土史　下赤学校区域（八戸、下赤、上赤、桑ノ原）,私家版印刷,平成12,2000,,,,
26．豊後桑ノ原と日向の境決め,,その他,,延岡市,,,,,,,甲斐敬章編,郷土史　下赤学校区域（八戸、下赤、上赤、桑ノ原）,私家版印刷,平成12,2000,,,,
27．桑ノ原のひな祭り,,その他,,延岡市,,,,,,,甲斐敬章編,郷土史　下赤学校区域（八戸、下赤、上赤、桑ノ原）,私家版印刷,平成12,2000,,,,
28．下赤地区編・実話・民話、八十八ヶ所お大師さん,,昔話,,延岡市,,,,,,,甲斐敬章編,郷土史　下赤学校区域（八戸、下赤、上赤、桑ノ原）,私家版印刷,平成12,2000,,,,
29． 霊山設置・大師像建立にあたって,,その他,,延岡市,,,,,,,甲斐敬章編,郷土史　下赤学校区域（八戸、下赤、上赤、桑ノ原）,私家版印刷,平成12,2000,,,,
30• お大師山開山控え《八十八ケ所,,その他,,延岡市,,,,,,,甲斐敬章編,郷土史　下赤学校区域（八戸、下赤、上赤、桑ノ原）,私家版印刷,平成12,2000,,,,
31．施工について・費用等,,その他,,延岡市,,,,,,,甲斐敬章編,郷土史　下赤学校区域（八戸、下赤、上赤、桑ノ原）,私家版印刷,平成12,2000,,,,
32．山崎岩冶、四国代参行程,,その他,,延岡市,,,,,,,甲斐敬章編,郷土史　下赤学校区域（八戸、下赤、上赤、桑ノ原）,私家版印刷,平成12,2000,,,,
33～34．大師像奉納者名簿,,その他,,延岡市,,,,,,,甲斐敬章編,郷土史　下赤学校区域（八戸、下赤、上赤、桑ノ原）,私家版印刷,平成12,2000,,,,
35．四国代参控え表紙写し,,その他,,延岡市,,,,,,,甲斐敬章編,郷土史　下赤学校区域（八戸、下赤、上赤、桑ノ原）,私家版印刷,平成12,2000,,,,
36．奉納八十八ヶ所印章写し,,その他,,延岡市,,,,,,,甲斐敬章編,郷土史　下赤学校区域（八戸、下赤、上赤、桑ノ原）,私家版印刷,平成12,2000,,,,
37．石工・熊吉契約書写し,,その他,,延岡市,,,,,,,甲斐敬章編,郷土史　下赤学校区域（八戸、下赤、上赤、桑ノ原）,私家版印刷,平成12,2000,,,,
38．八十八ヶ所世話人会写し,,その他,,延岡市,,,,,,,甲斐敬章編,郷土史　下赤学校区域（八戸、下赤、上赤、桑ノ原）,私家版印刷,平成12,2000,,,,
39．下赤のお稲荷さん,,伝説,,延岡市,,,,,,,甲斐敬章編,郷土史　下赤学校区域（八戸、下赤、上赤、桑ノ原）,私家版印刷,平成12,2000,,,,
40．下赤の観音さん,,伝説,,延岡市,,,,,,,甲斐敬章編,郷土史　下赤学校区域（八戸、下赤、上赤、桑ノ原）,私家版印刷,平成12,2000,,,,
41．下赤のお地蔵さん,,伝説,,延岡市,,,,,,,甲斐敬章編,郷土史　下赤学校区域（八戸、下赤、上赤、桑ノ原）,私家版印刷,平成12,2000,,,,
42．下赤の庚申塔群,,その他,,延岡市,,,,,,,甲斐敬章編,郷土史　下赤学校区域（八戸、下赤、上赤、桑ノ原）,私家版印刷,平成12,2000,,,,
43．ツツジ谷の手首窯,,伝説,,延岡市,,,,,,,甲斐敬章編,郷土史　下赤学校区域（八戸、下赤、上赤、桑ノ原）,私家版印刷,平成12,2000,,,,
44．伝説（下赤の県（あがた））,,伝説,,延岡市,,,,,,,甲斐敬章編,郷土史　下赤学校区域（八戸、下赤、上赤、桑ノ原）,私家版印刷,平成12,2000,,,,
45～46．昔の交通雑記,,その他,,延岡市,,,,,,,甲斐敬章編,郷土史　下赤学校区域（八戸、下赤、上赤、桑ノ原）,私家版印刷,平成12,2000,,,,
47～49．川船の太さや諸雑記,,その他,,延岡市,,,,,,,甲斐敬章編,郷土史　下赤学校区域（八戸、下赤、上赤、桑ノ原）,私家版印刷,平成12,2000,,,,
50．地区外の要所・くりごし峠,,その他,,延岡市,,,,,,,甲斐敬章編,郷土史　下赤学校区域（八戸、下赤、上赤、桑ノ原）,私家版印刷,平成12,2000,,,,
51．西南の役の北川における動向,,その他,,延岡市,,,,,,,甲斐敬章編,郷土史　下赤学校区域（八戸、下赤、上赤、桑ノ原）,私家版印刷,平成12,2000,,,,
52～54．西南の役自刃の地·史跡等,,その他,,延岡市,,,,,,,甲斐敬章編,郷土史　下赤学校区域（八戸、下赤、上赤、桑ノ原）,私家版印刷,平成12,2000,,,,
55•56 私の、身近な時代の移り変わり,,その他,,延岡市,,,,,,,甲斐敬章編,郷土史　下赤学校区域（八戸、下赤、上赤、桑ノ原）,私家版印刷,平成12,2000,,,,
行縢山の伝説,,伝説,,宮崎県北部,,,,,,,宮崎県 編,みやざきの神話と伝承１０１　ふるさと再発見 ４,	宮崎日日新聞社,平成14,2002,,,,
カッパ伝説,,伝説,,,河童、,,,,,,宮崎県 編,みやざきの神話と伝承１０１　ふるさと再発見 ４,	宮崎日日新聞社,平成14,2002,,,,
除福岩,,伝説,,,,,,,,,宮崎県 編,みやざきの神話と伝承１０１　ふるさと再発見 ４,	宮崎日日新聞社,平成14,2002,,,,
メキシコ女王の秘宝,,伝説,,,,,,,,,宮崎県 編,みやざきの神話と伝承１０１　ふるさと再発見 ４,	宮崎日日新聞社,平成14,2002,,,,
神武東遷と美々津,,伝説,,,,,,,,,宮崎県 編,みやざきの神話と伝承１０１　ふるさと再発見 ４,	宮崎日日新聞社,平成14,2002,,,,
細島海岸の伝説,,伝説,,,,,,,,,宮崎県 編,みやざきの神話と伝承１０１　ふるさと再発見 ４,	宮崎日日新聞社,平成14,2002,,,,
お金ケ浜・お倉ケ浜,,伝説,,,,,,,,,宮崎県 編,みやざきの神話と伝承１０１　ふるさと再発見 ４,	宮崎日日新聞社,平成14,2002,,,,
中山神社の裸参り,,伝説,,,,,,,,,宮崎県 編,みやざきの神話と伝承１０１　ふるさと再発見 ４,	宮崎日日新聞社,平成14,2002,,,,
庵川の子安観音,,伝説,,,,,,,,,宮崎県 編,みやざきの神話と伝承１０１　ふるさと再発見 ４,	宮崎日日新聞社,平成14,2002,,,,
伊佐賀神社の境迎え,,伝説,,,,,,,,,宮崎県 編,みやざきの神話と伝承１０１　ふるさと再発見 ４,	宮崎日日新聞社,平成14,2002,,,,
福瀬の地名,,伝説,,,,,,,,,宮崎県 編,みやざきの神話と伝承１０１　ふるさと再発見 ４,	宮崎日日新聞社,平成14,2002,,,,
御日待講「御天道様」置文,,伝説,,,,,,,,,宮崎県 編,みやざきの神話と伝承１０１　ふるさと再発見 ４,	宮崎日日新聞社,平成14,2002,,,,
神門神社と百済王伝説,,伝説,,,,,,,,,宮崎県 編,みやざきの神話と伝承１０１　ふるさと再発見 ４,	宮崎日日新聞社,平成14,2002,,,,
白水の竜神,,伝説,,,,,,,,,宮崎県 編,みやざきの神話と伝承１０１　ふるさと再発見 ４,	宮崎日日新聞社,平成14,2002,,,,
大斗の滝の話,,伝説,,,,,,,,,宮崎県 編,みやざきの神話と伝承１０１　ふるさと再発見 ４,	宮崎日日新聞社,平成14,2002,,,,
霧島神の飛来,,伝説,,,,,,,,,宮崎県 編,みやざきの神話と伝承１０１　ふるさと再発見 ４,	宮崎日日新聞社,平成14,2002,,,,
宇納間の火伏地蔵,,伝説,,,,,,,,,宮崎県 編,みやざきの神話と伝承１０１　ふるさと再発見 ４,	宮崎日日新聞社,平成14,2002,,,,
山伏・行雲坊,,伝説,,,,,,,,,宮崎県 編,みやざきの神話と伝承１０１　ふるさと再発見 ４,	宮崎日日新聞社,平成14,2002,,,,
近江堂の地蔵,,伝説,,,,,,,,,宮崎県 編,みやざきの神話と伝承１０１　ふるさと再発見 ４,	宮崎日日新聞社,平成14,2002,,,,
可愛山陵,,伝説,,,,,,,,,宮崎県 編,みやざきの神話と伝承１０１　ふるさと再発見 ４,	宮崎日日新聞社,平成14,2002,,,,
可愛岳と可愛山陵,,伝説,,,,,,,,,宮崎県 編,みやざきの神話と伝承１０１　ふるさと再発見 ４,	宮崎日日新聞社,平成14,2002,,,,
鴟尾神社,,伝説,,,,,,,,,宮崎県 編,みやざきの神話と伝承１０１　ふるさと再発見 ４,	宮崎日日新聞社,平成14,2002,,,,
宮野浦八十八ケ所,,伝説,,,,,,,,,宮崎県 編,みやざきの神話と伝承１０１　ふるさと再発見 ４,	宮崎日日新聞社,平成14,2002,,,,
九左衛門峠のオオカミ伝説,,伝説,,,,,,,,,宮崎県 編,みやざきの神話と伝承１０１　ふるさと再発見 ４,	宮崎日日新聞社,平成14,2002,,,,
吉野宮の盲僧悲話,,伝説,,,,,,,,,宮崎県 編,みやざきの神話と伝承１０１　ふるさと再発見 ４,	宮崎日日新聞社,平成14,2002,,,,
「諸塚山」と「童子」,,伝説,,,,,,,,,宮崎県 編,みやざきの神話と伝承１０１　ふるさと再発見 ４,	宮崎日日新聞社,平成14,2002,,,,
平家落人の隠れ里,,伝説,,,,,,,,,宮崎県 編,みやざきの神話と伝承１０１　ふるさと再発見 ４,	宮崎日日新聞社,平成14,2002,,,,
西山小猟師,,伝説,,,,,,,,,宮崎県 編,みやざきの神話と伝承１０１　ふるさと再発見 ４,	宮崎日日新聞社,平成14,2002,,,,
天の岩屋戸,,伝説,,,,,,,,,宮崎県 編,みやざきの神話と伝承１０１　ふるさと再発見 ４,	宮崎日日新聞社,平成14,2002,,,,
二上山の鬼八三千王,,伝説,,,,,,,,,宮崎県 編,みやざきの神話と伝承１０１　ふるさと再発見 ４,	宮崎日日新聞社,平成14,2002,,,,
祖母嶽伝説,,伝説,,,,,,,,,宮崎県 編,みやざきの神話と伝承１０１　ふるさと再発見 ４,	宮崎日日新聞社,平成14,2002,,,,
夢買い山弥長者,,伝説,,,,,,,,,宮崎県 編,みやざきの神話と伝承１０１　ふるさと再発見 ４,	宮崎日日新聞社,平成14,2002,,,,
三毛入未命伝説,,伝説,,,,,,,,,宮崎県 編,みやざきの神話と伝承１０１　ふるさと再発見 ４,	宮崎日日新聞社,平成14,2002,,,,
逆巻大明神由来,,伝説,,,,,,,,,宮崎県 編,みやざきの神話と伝承１０１　ふるさと再発見 ４,	宮崎日日新聞社,平成14,2002,,,,
二上山の由来,,伝説,,,,,,,,,宮崎県 編,みやざきの神話と伝承１０１　ふるさと再発見 ４,	宮崎日日新聞社,平成14,2002,,,,
五ヶ瀬川水系の守護神,,伝説,,,,,,,,,宮崎県 編,みやざきの神話と伝承１０１　ふるさと再発見 ４,	宮崎日日新聞社,平成14,2002,,,,
銀鏡の地名伝説,,伝説,,西都児湯,,,,,,,宮崎県 編,みやざきの神話と伝承１０１　ふるさと再発見 ４,	宮崎日日新聞社,平成14,2002,,,,
景行天皇と高屋行宮,,伝説,,,,,,,,,宮崎県 編,みやざきの神話と伝承１０１　ふるさと再発見 ４,	宮崎日日新聞社,平成14,2002,,,,
コノハナ伝説と都万神社,,伝説,,,,,,,,,宮崎県 編,みやざきの神話と伝承１０１　ふるさと再発見 ４,	宮崎日日新聞社,平成14,2002,,,,
稚児殿が池,,伝説,,,,,,,,,宮崎県 編,みやざきの神話と伝承１０１　ふるさと再発見 ４,	宮崎日日新聞社,平成14,2002,,,,
大年神社と比木大明神縁起,,伝説,,,,,,,,,宮崎県 編,みやざきの神話と伝承１０１　ふるさと再発見 ４,	宮崎日日新聞社,平成14,2002,,,,
琴弾の松,,伝説,,,,,,,,,宮崎県 編,みやざきの神話と伝承１０１　ふるさと再発見 ４,	宮崎日日新聞社,平成14,2002,,,,
観音山の岩観音と源為朝,,伝説,,,,,,,,,宮崎県 編,みやざきの神話と伝承１０１　ふるさと再発見 ４,	宮崎日日新聞社,平成14,2002,,,,
ヒコホホデミノミコトと新田,,伝説,,,,,,,,,宮崎県 編,みやざきの神話と伝承１０１　ふるさと再発見 ４,	宮崎日日新聞社,平成14,2002,,,,
大王米良入山伝説,,伝説,,,,,,,,,宮崎県 編,みやざきの神話と伝承１０１　ふるさと再発見 ４,	宮崎日日新聞社,平成14,2002,,,,
米良の漆兄弟	,,伝説,,,,,,,,,宮崎県 編,みやざきの神話と伝承１０１　ふるさと再発見 ４,	宮崎日日新聞社,平成14,2002,,,,
狭上稲荷,,伝説,,,,,,,,,宮崎県 編,みやざきの神話と伝承１０１　ふるさと再発見 ４,	宮崎日日新聞社,平成14,2002,,,,
姥捨山の話,,伝説,,,,,,,,,宮崎県 編,みやざきの神話と伝承１０１　ふるさと再発見 ４,	宮崎日日新聞社,平成14,2002,,,,
白鬚神社,,伝説,,,,,,,,,宮崎県 編,みやざきの神話と伝承１０１　ふるさと再発見 ４,	宮崎日日新聞社,平成14,2002,,,,
相撲とり浅吉,,伝説,,,,,,,,,宮崎県 編,みやざきの神話と伝承１０１　ふるさと再発見 ４,	宮崎日日新聞社,平成14,2002,,,,
矢研の滝と尾鈴山,,伝説,,,,,,,,,宮崎県 編,みやざきの神話と伝承１０１　ふるさと再発見 ４,	宮崎日日新聞社,平成14,2002,,,,
祭られたカッパ,,伝説,,,河童、,,,,,,宮崎県 編,みやざきの神話と伝承１０１　ふるさと再発見 ４,	宮崎日日新聞社,平成14,2002,,,,
日向国の神武天皇,,伝説,,宮崎東諸県,,,,,,,宮崎県 編,みやざきの神話と伝承１０１　ふるさと再発見 ４,	宮崎日日新聞社,平成14,2002,,,,
阿波岐原とみそぎ,,伝説,,,,,,,,,宮崎県 編,みやざきの神話と伝承１０１　ふるさと再発見 ４,	宮崎日日新聞社,平成14,2002,,,,
海幸彦と山幸彦,,伝説,,,,,,,,,宮崎県 編,みやざきの神話と伝承１０１　ふるさと再発見 ４,	宮崎日日新聞社,平成14,2002,,,,
悪七兵衛景清伝,,伝説,,,,,,,,,宮崎県 編,みやざきの神話と伝承１０１　ふるさと再発見 ４,	宮崎日日新聞社,平成14,2002,,,,
網掛け観音,,伝説,,,,,,,,,宮崎県 編,みやざきの神話と伝承１０１　ふるさと再発見 ４,	宮崎日日新聞社,平成14,2002,,,,
今泉の水無川伝承,,伝説,,,,,,,,,宮崎県 編,みやざきの神話と伝承１０１　ふるさと再発見 ４,	宮崎日日新聞社,平成14,2002,,,,
丸目山の乳岩様,,伝説,,,,,,,,,宮崎県 編,みやざきの神話と伝承１０１　ふるさと再発見 ４,	宮崎日日新聞社,平成14,2002,,,,
百済王と田野天建神社,,伝説,,,,,,,,,宮崎県 編,みやざきの神話と伝承１０１　ふるさと再発見 ４,	宮崎日日新聞社,平成14,2002,,,,
阿蘇さま伝説,,伝説,,,,,,,,,宮崎県 編,みやざきの神話と伝承１０１　ふるさと再発見 ４,	宮崎日日新聞社,平成14,2002,,,,
安姫と月宮池,,伝説,,,,,,,,,宮崎県 編,みやざきの神話と伝承１０１　ふるさと再発見 ４,	宮崎日日新聞社,平成14,2002,,,,
粟野神社の浜下り,,伝説,,,,,,,,,宮崎県 編,みやざきの神話と伝承１０１　ふるさと再発見 ４,	宮崎日日新聞社,平成14,2002,,,,
力持ちの乱髪喜蔵,,伝説,,,,,,,,,宮崎県 編,みやざきの神話と伝承１０１　ふるさと再発見 ４,	宮崎日日新聞社,平成14,2002,,,,
和泉式部の参籠,,伝説,,,,,,,,,宮崎県 編,みやざきの神話と伝承１０１　ふるさと再発見 ４,	宮崎日日新聞社,平成14,2002,,,,
犬熊山と三弓堂,,伝説,,,,,,,,,宮崎県 編,みやざきの神話と伝承１０１　ふるさと再発見 ４,	宮崎日日新聞社,平成14,2002,,,,
山中霊地・川中神社,,伝説,,,,,,,,,宮崎県 編,みやざきの神話と伝承１０１　ふるさと再発見 ４,	宮崎日日新聞社,平成14,2002,,,,
伝説・鬼玄丹,,伝説,,,,,,,,,宮崎県 編,みやざきの神話と伝承１０１　ふるさと再発見 ４,	宮崎日日新聞社,平成14,2002,,,,
「夷守」と景行天皇,,伝説,,西諸,,,,,,,宮崎県 編,みやざきの神話と伝承１０１　ふるさと再発見 ４,	宮崎日日新聞社,平成14,2002,,,,
「宝光院」と「十日市」,,伝説,,,,,,,,,宮崎県 編,みやざきの神話と伝承１０１　ふるさと再発見 ４,	宮崎日日新聞社,平成14,2002,,,,
白鳥神社とヤマトタケル,,伝説,,,,,,,,,宮崎県 編,みやざきの神話と伝承１０１　ふるさと再発見 ４,	宮崎日日新聞社,平成14,2002,,,,
狗留孫山の石卒塔婆,,伝説,,,,,,,,,宮崎県 編,みやざきの神話と伝承１０１　ふるさと再発見 ４,	宮崎日日新聞社,平成14,2002,,,,
香取神社の打植祭と天之宮,,伝説,,,,,,,,,宮崎県 編,みやざきの神話と伝承１０１　ふるさと再発見 ４,	宮崎日日新聞社,平成14,2002,,,,
高千穂峰と降臨,,伝説,,,,,,,,,宮崎県 編,みやざきの神話と伝承１０１　ふるさと再発見 ４,	宮崎日日新聞社,平成14,2002,,,,
狭野と皇子原,,伝説,,,,,,,,,宮崎県 編,みやざきの神話と伝承１０１　ふるさと再発見 ４,	宮崎日日新聞社,平成14,2002,,,,
御池と性空上人,,伝説,,都城北諸県,,,,,,,宮崎県 編,みやざきの神話と伝承１０１　ふるさと再発見 ４,	宮崎日日新聞社,平成14,2002,,,,
磨崖仏の岩観音,,伝説,,,,,,,,,宮崎県 編,みやざきの神話と伝承１０１　ふるさと再発見 ４,	宮崎日日新聞社,平成14,2002,,,,
まま子滝の伝説,,伝説,,,,,,,,,宮崎県 編,みやざきの神話と伝承１０１　ふるさと再発見 ４,	宮崎日日新聞社,平成14,2002,,,,
明神杉	,,伝説,,,,,,,,,宮崎県 編,みやざきの神話と伝承１０１　ふるさと再発見 ４,	宮崎日日新聞社,平成14,2002,,,,
髪長姫を祭る速水神社,,伝説,,,,,,,,,宮崎県 編,みやざきの神話と伝承１０１　ふるさと再発見 ４,	宮崎日日新聞社,平成14,2002,,,,
熊襲は古代史語る,,伝説,,,,,,,,,宮崎県 編,みやざきの神話と伝承１０１　ふるさと再発見 ４,	宮崎日日新聞社,平成14,2002,,,,
おゆきの朱盃,,伝説,,,,,,,,,宮崎県 編,みやざきの神話と伝承１０１　ふるさと再発見 ４,	宮崎日日新聞社,平成14,2002,,,,
早馬神社の作神迎え,,伝説,,,,,,,,,宮崎県 編,みやざきの神話と伝承１０１　ふるさと再発見 ４,	宮崎日日新聞社,平成14,2002,,,,
馬渡天狗伝,,伝説,,,,,,,,,宮崎県 編,みやざきの神話と伝承１０１　ふるさと再発見 ４,	宮崎日日新聞社,平成14,2002,,,,
大人弥五郎どん,,伝説,,,,,,,,,宮崎県 編,みやざきの神話と伝承１０１　ふるさと再発見 ４,	宮崎日日新聞社,平成14,2002,,,,
馬泥棒・弥右衛門,,伝説,,,,,,,,,宮崎県 編,みやざきの神話と伝承１０１　ふるさと再発見 ４,	宮崎日日新聞社,平成14,2002,,,,
諏訪神社の献上馬,,伝説,,,,,,,,,宮崎県 編,みやざきの神話と伝承１０１　ふるさと再発見 ４,	宮崎日日新聞社,平成14,2002,,,,
石山観音,,伝説,,,,,,,,,宮崎県 編,みやざきの神話と伝承１０１　ふるさと再発見 ４,	宮崎日日新聞社,平成14,2002,,,,
ヤマトタケルとバラ踊り,,伝説,,,,,,,,,宮崎県 編,みやざきの神話と伝承１０１　ふるさと再発見 ４,	宮崎日日新聞社,平成14,2002,,,,
「十握剣」と神石,,伝説,,,,,,,,,宮崎県 編,みやざきの神話と伝承１０１　ふるさと再発見 ４,	宮崎日日新聞社,平成14,2002,,,,
霧島山の本地仏と性空上人,,伝説,,,,,,,,,宮崎県 編,みやざきの神話と伝承１０１　ふるさと再発見 ４,	宮崎日日新聞社,平成14,2002,,,,
吾平山上陵,,伝説,,日南・串間,,,,,,,宮崎県 編,みやざきの神話と伝承１０１　ふるさと再発見 ４,	宮崎日日新聞社,平成14,2002,,,,
鵜戸の窟,,伝説,,,,,,,,,宮崎県 編,みやざきの神話と伝承１０１　ふるさと再発見 ４,	宮崎日日新聞社,平成14,2002,,,,
祐遍和尚の補陀落渡海,,伝説,,,,,,,,,宮崎県 編,みやざきの神話と伝承１０１　ふるさと再発見 ４,	宮崎日日新聞社,平成14,2002,,,,
御鳥羽様,,伝説,,,,,,,,,宮崎県 編,みやざきの神話と伝承１０１　ふるさと再発見 ４,	宮崎日日新聞社,平成14,2002,,,,
御狩神事と「櫛間」,,伝説,,,,,,,,,宮崎県 編,みやざきの神話と伝承１０１　ふるさと再発見 ４,	宮崎日日新聞社,平成14,2002,,,,
来訪の神「メゴスリ」,,伝説,,,,,,,,,宮崎県 編,みやざきの神話と伝承１０１　ふるさと再発見 ４,	宮崎日日新聞社,平成14,2002,,,,
潮嶽神社,,伝説,,,,,,,,,宮崎県 編,みやざきの神話と伝承１０１　ふるさと再発見 ４,	宮崎日日新聞社,平成14,2002,,,,
蛇権現	,,伝説,,,蛇、,,,,,,宮崎県 編,みやざきの神話と伝承１０１　ふるさと再発見 ４,	宮崎日日新聞社,平成14,2002,,,,
神女・内田万寿女,,伝説,,,,,,,,,宮崎県 編,みやざきの神話と伝承１０１　ふるさと再発見 ４,	宮崎日日新聞社,平成14,2002,,,,
塩屋権現,,伝説,,,,,,,,,宮崎県 編,みやざきの神話と伝承１０１　ふるさと再発見 ４,	宮崎日日新聞社,平成14,2002,,,,
,,,,,,,,,,,中村地平,河童の遠征,鉱脈社,平成16年,2004,,,,
豆米ぷんぷん,,昔話,,,,,,,,,宮崎県民話研究会／編,読みがたり宮崎のむかし話,日本標準,平成17年,2005,,,,
きっちょむ話,,昔話,,,,,,,,,宮崎県民話研究会／編,読みがたり宮崎のむかし話,日本標準,平成17年,2005,,,,
へひりのよめさん,,昔話,,,,,,,,,宮崎県民話研究会／編,読みがたり宮崎のむかし話,日本標準,平成17年,2005,,,,
のんきなむこさん,,昔話,,,,,,,,,宮崎県民話研究会／編,読みがたり宮崎のむかし話,日本標準,平成17年,2005,,,,
いもざしの作法,,昔話,,,,,,,,,宮崎県民話研究会／編,読みがたり宮崎のむかし話,日本標準,平成17年,2005,,,,
あついうちなら		,,昔話,,,,,,,,,宮崎県民話研究会／編,読みがたり宮崎のむかし話,日本標準,平成17年,2005,,,,
あの木はなんの木か,,昔話,,,,,,,,,宮崎県民話研究会／編,読みがたり宮崎のむかし話,日本標準,平成17年,2005,,,,
六尺どん,,昔話,,,,,,,,,宮崎県民話研究会／編,読みがたり宮崎のむかし話,日本標準,平成17年,2005,,,,
千石船の夢,,昔話,,,,,,,,,宮崎県民話研究会／編,読みがたり宮崎のむかし話,日本標準,平成17年,2005,,,,
ふしぎな雪女,,昔話,,,,,,,,,宮崎県民話研究会／編,読みがたり宮崎のむかし話,日本標準,平成17年,2005,,,,
おらびぐら,,昔話,,,,,,,,,宮崎県民話研究会／編,読みがたり宮崎のむかし話,日本標準,平成17年,2005,,,,
丹助どんの忍術,,昔話,,,,,,,,,宮崎県民話研究会／編,読みがたり宮崎のむかし話,日本標準,平成17年,2005,,,,
ちりとりが池の大蛇,,昔話,,,蛇、,,,,,,宮崎県民話研究会／編,読みがたり宮崎のむかし話,日本標準,平成17年,2005,,,,
にぎり飯を焼くねこ,,昔話,,,,,,,,,宮崎県民話研究会／編,読みがたり宮崎のむかし話,日本標準,平成17年,2005,,,,
山ん神祭り,,昔話,,,,,,,,,宮崎県民話研究会／編,読みがたり宮崎のむかし話,日本標準,平成17年,2005,,,,
流れた御器,,昔話,,,,,,,,,宮崎県民話研究会／編,読みがたり宮崎のむかし話,日本標準,平成17年,2005,,,,
母蛇と子蛇,,昔話,,,蛇、,,,,,,宮崎県民話研究会／編,読みがたり宮崎のむかし話,日本標準,平成17年,2005,,,,
ふたご星,,昔話,,,,,,,,,宮崎県民話研究会／編,読みがたり宮崎のむかし話,日本標準,平成17年,2005,,,,
本蔵ん食ゎせたか,,昔話,,,,,,,,,宮崎県民話研究会／編,読みがたり宮崎のむかし話,日本標準,平成17年,2005,,,,
白い馬の若武者,,昔話,,,,,,,,,宮崎県民話研究会／編,読みがたり宮崎のむかし話,日本標準,平成17年,2005,,,,
ときが原のめぎつね,,昔話,,,,,,,,,宮崎県民話研究会／編,読みがたり宮崎のむかし話,日本標準,平成17年,2005,,,,
赤はげぎつね,,昔話,,,,,,,,,宮崎県民話研究会／編,読みがたり宮崎のむかし話,日本標準,平成17年,2005,,,,
きつねのお産,,昔話,,,,,,,,,宮崎県民話研究会／編,読みがたり宮崎のむかし話,日本標準,平成17年,2005,,,,
いたずらかっぱ,,昔話,,,,,,,,,宮崎県民話研究会／編,読みがたり宮崎のむかし話,日本標準,平成17年,2005,,,,
やんぼしどんときつね,,昔話,,,,,,,,,宮崎県民話研究会／編,読みがたり宮崎のむかし話,日本標準,平成17年,2005,,,,
サルのしりはなぜ赤い,,昔話,,,,,,,,,宮崎県民話研究会／編,読みがたり宮崎のむかし話,日本標準,平成17年,2005,,,,
犬とねこ,,昔話,,,,,,,,,宮崎県民話研究会／編,読みがたり宮崎のむかし話,日本標準,平成17年,2005,,,,
きき耳の子ども,,昔話,,,,,,,,,宮崎県民話研究会／編,読みがたり宮崎のむかし話,日本標準,平成17年,2005,,,,
わらいのお茶,,昔話,,,,,,,,,宮崎県民話研究会／編,読みがたり宮崎のむかし話,日本標準,平成17年,2005,,,,
歯なしのでっちどん,,昔話,,,,,,,,,宮崎県民話研究会／編,読みがたり宮崎のむかし話,日本標準,平成17年,2005,,,,
仁王と鰐口どん,,昔話,,,,,,,,,宮崎県民話研究会／編,読みがたり宮崎のむかし話,日本標準,平成17年,2005,,,,
伯耆の守,,昔話,,,,,,,,,宮崎県民話研究会／編,読みがたり宮崎のむかし話,日本標準,平成17年,2005,,,,
石屋がいちばん,,昔話,,,,,,,,,宮崎県民話研究会／編,読みがたり宮崎のむかし話,日本標準,平成17年,2005,,,,
飯を食わん嫁女,,昔話,,,,,,,,,宮崎県民話研究会／編,読みがたり宮崎のむかし話,日本標準,平成17年,2005,,,,
塩ふきうす,,昔話,,,,,,,,,宮崎県民話研究会／編,読みがたり宮崎のむかし話,日本標準,平成17年,2005,,,,
かりゅうど源兵衛		,,昔話,,,,,,,,,宮崎県民話研究会／編,読みがたり宮崎のむかし話,日本標準,平成17年,2005,,,,
おうぎ屋のむすめ,,昔話,,,,,,,,,宮崎県民話研究会／編,読みがたり宮崎のむかし話,日本標準,平成17年,2005,,,,
おしおと塩屋権現,,昔話,,,,,,,,,南郷町教育委員会編,南郷のむかし話,読み語りの会「ぐりとぐら」 ,平成17年,2005,,,,
弘法の泉,,昔話,,,,,,,,,南郷町教育委員会編,南郷のむかし話,読み語りの会「ぐりとぐら」 ,平成17年,2005,,,,
多兵衛のはなし,,昔話,,,,,,,,,南郷町教育委員会編,南郷のむかし話,読み語りの会「ぐりとぐら」 ,平成17年,2005,,,,
呑まにゃはなさん,,昔話,,,,,,,,,寺原重次,方言民話　はんぴ話,鉱脈社,平成18年,2006,,,,
天狗ん鼻,,昔話,,,,,,,,,寺原重次,方言民話　はんぴ話,鉱脈社,平成18年,2006,,,,
こえかけ,,昔話,,,,,,,,,寺原重次,方言民話　はんぴ話,鉱脈社,平成18年,2006,,,,
半ぴどんの嫁もらい,,昔話,,,,,,,,,寺原重次,方言民話　はんぴ話,鉱脈社,平成18年,2006,,,,
片割れ月,,昔話,,,,,,,,,寺原重次,方言民話　はんぴ話,鉱脈社,平成18年,2006,,,,
嫁女ん名前は,,昔話,,,,,,,,,寺原重次,方言民話　はんぴ話,鉱脈社,平成18年,2006,,,,
半ぴどんの天昇り,,昔話,,,,,,,,,寺原重次,方言民話　はんぴ話,鉱脈社,平成18年,2006,,,,
飯盗人,,昔話,,,,,,,,,寺原重次,方言民話　はんぴ話,鉱脈社,平成18年,2006,,,,
タイの逆さ焼き,,昔話,,,,,,,,,寺原重次,方言民話　はんぴ話,鉱脈社,平成18年,2006,,,,
外記どんのあとぇん話,,昔話,,,,,,,,,寺原重次,方言民話　はんぴ話,鉱脈社,平成18年,2006,,,,
ゾウナメ（メダカ）と釣鐘,,昔話,,,,,,,,,寺原重次,方言民話　はんぴ話,鉱脈社,平成18年,2006,,,,
飯食いの言い方,,昔話,,,,,,,,,寺原重次,方言民話　はんぴ話,鉱脈社,平成18年,2006,,,,
牛の鼻ぐり,,昔話,,,,,,,,,寺原重次,方言民話　はんぴ話,鉱脈社,平成18年,2006,,,,
背どころ馬,,昔話,,,,,,,,,寺原重次,方言民話　はんぴ話,鉱脈社,平成18年,2006,,,,
ふとんわた買い,,昔話,,,,,,,,,寺原重次,方言民話　はんぴ話,鉱脈社,平成18年,2006,,,,
カッパの万年ごやし,,昔話,,,,,,,,,寺原重次,方言民話　はんぴ話,鉱脈社,平成18年,2006,,,,
弥五郎どんのひともっこ,,昔話,,,,,,,,,寺原重次,方言民話　はんぴ話,鉱脈社,平成18年,2006,,,,
カギ鉄砲とカモ汁,,昔話,,,,,,,,,寺原重次,方言民話　はんぴ話,鉱脈社,平成18年,2006,,,,
焼き栗,,昔話,,,,,,,,,寺原重次,方言民話　はんぴ話,鉱脈社,平成18年,2006,,,,
よだきごろ半ぴの夢,,昔話,,,,,,,,,寺原重次,方言民話　はんぴ話,鉱脈社,平成18年,2006,,,,
芝居が見てぇ,,昔話,,,,,,,,,寺原重次,方言民話　はんぴ話,鉱脈社,平成18年,2006,,,,
神棚売り,,昔話,,,,,,,,,寺原重次,方言民話　はんぴ話,鉱脈社,平成18年,2006,,,,
木戸は五里ばかり,,昔話,,,,,,,,,寺原重次,方言民話　はんぴ話,鉱脈社,平成18年,2006,,,,
六斗一升	,,昔話,,,,,,,,,寺原重次,方言民話　はんぴ話,鉱脈社,平成18年,2006,,,,
半ぴどんの職探し,,昔話,,,,,,,,,寺原重次,方言民話　はんぴ話,鉱脈社,平成18年,2006,,,,
総立ちと手抜き,,昔話,,,,,,,,,寺原重次,方言民話　はんぴ話,鉱脈社,平成18年,2006,,,,
皆、よう食えよ,,昔話,,,,,,,,,寺原重次,方言民話　はんぴ話,鉱脈社,平成18年,2006,,,,
へと思うんじゃ！,,昔話,,,,,,,,,寺原重次,方言民話　はんぴ話,鉱脈社,平成18年,2006,,,,
前みそ　後ろくそ,,昔話,,,,,,,,,寺原重次,方言民話　はんぴ話,鉱脈社,平成18年,2006,,,,
「半ぴ話」覚え書	,,昔話,,,,,,,,,寺原重次,方言民話　はんぴ話,鉱脈社,平成18年,2006,,,,
うっちたまんまのはなし,,,,,,,,,,,竹原由紀子,山姥が語るむかしばなし 第一編,文昌堂,平成18年,2006,,,,
おたこ山のひげ爺さん,,,,,,,,,,,竹原由紀子,山姥が語るむかしばなし 第一編,文昌堂,平成18年,2006,,,,
浦田の青びっきょ女,,,,,,,,,,,竹原由紀子,山姥が語るむかしばなし 第一編,文昌堂,平成18年,2006,,,,
ヘソのゴミを食う山姥,,,,,,,,,,,竹原由紀子,山姥が語るむかしばなし 第一編,文昌堂,平成18年,2006,,,,
十輪寺の火の玉,,,,,,,,,,,竹原由紀子,山姥が語るむかしばなし 第一編,文昌堂,平成18年,2006,,,,
ごぜ溝のガラッパどん,,,,,河童、,,,,,,竹原由紀子,山姥が語るむかしばなし 第一編,文昌堂,平成18年,2006,,,,
髪長媛,,,,,,,,,,,竹原由紀子,山姥が語るむかしばなし 第一編,文昌堂,平成18年,2006,,,,
枯れた井戸,,,,,,,,,,,竹原由紀子,山姥が語るむかしばなし 第一編,文昌堂,平成18年,2006,,,,
野々宇都の猿湯,,,,,,,,,,,竹原由紀子,山姥が語るむかしばなし 第一編,文昌堂,平成18年,2006,,,,
妖怪のはなし,,,,,,,,,,,竹原由紀子,山姥が語るむかしばなし 第一編,文昌堂,平成18年,2006,,,,
合戦原のドウロクジン,,,,,,,,,,,竹原由紀子,山姥が語るむかしばなし 第一編,文昌堂,平成18年,2006,,,,
霧島山の隠れ妖怪,,,,,,,,,,,竹原由紀子,山姥が語るむかしばなし 第一編,文昌堂,平成18年,2006,,,,
方言語り台本,,,,,,,,,,,竹原由紀子,山姥が語るむかしばなし 第一編,文昌堂,平成18年,2006,,,,
寒天,,,,,,,,,,,竹原由紀子,山姥が語るむかしばなし 第一編,文昌堂,平成18年,2006,,,,
不屈の山林王,,,,,,,,,,,竹原由紀子,山姥が語るむかしばなし 第一編,文昌堂,平成18年,2006,,,,
後藤伊左ヱ門物語,,,,,,,,,,,竹原由紀子,山姥が語るむかしばなし 第一編,文昌堂,平成18年,2006,,,,
狐の話（町内全域）,,,国富町,国富町,,,,,,,,残しておきたい昔のあれこれ,国富町教育委員会,平成18年,2006,,,,
今平んおその狐（今平）,,,国富町,国富町,,,,,,,,残しておきたい昔のあれこれ,国富町教育委員会,平成18年,2006,,,,
與次郎ギツネ（大脇）,,,国富町,国富町,,,,,,,,残しておきたい昔のあれこれ,国富町教育委員会,平成18年,2006,,,,
水飴買いに来る母狐（六日町）,,,国富町,国富町,,,,,,,,残しておきたい昔のあれこれ,国富町教育委員会,平成18年,2006,,,,
狐のお産（本庄地区）,,,国富町,国富町,,,,,,,,残しておきたい昔のあれこれ,国富町教育委員会,平成18年,2006,,,,
荷取坂の狐（六日町）,,,国富町,国富町,,,,,,,,残しておきたい昔のあれこれ,国富町教育委員会,平成18年,2006,,,,
狐の仕返し（嵐田）,,,国富町,国富町,,,,,,,,残しておきたい昔のあれこれ,国富町教育委員会,平成18年,2006,,,,
つき臼淵（馬渡）,,,国富町,国富町,,,,,,,,残しておきたい昔のあれこれ,国富町教育委員会,平成18年,2006,,,,
中ん瀬のいたずらかっぱの話（大脇）,,,国富町,国富町,,,,,,,,残しておきたい昔のあれこれ,国富町教育委員会,平成18年,2006,,,,
かっぱのガロ助の失敗（犬熊）,,,国富町,国富町,,,,,,,,残しておきたい昔のあれこれ,国富町教育委員会,平成18年,2006,,,,
犬熊の水難除け相撲の由来（犬熊）,,,国富町,国富町,,,,,,,,残しておきたい昔のあれこれ,国富町教育委員会,平成18年,2006,,,,
大谷の大蛇（木脇）,,,国富町,国富町,,,,,,,,残しておきたい昔のあれこれ,国富町教育委員会,平成18年,2006,,,,
五百坂怪火伝説（三名）,,,国富町,国富町,,,,,,,,残しておきたい昔のあれこれ,国富町教育委員会,平成18年,2006,,,,
酒買いにくるよか嫁女（森永）,,,国富町,国富町,,,,,,,,残しておきたい昔のあれこれ,国富町教育委員会,平成18年,2006,,,,
藍玉売りの呪い（町内）,,,国富町,国富町,,,,,,,,残しておきたい昔のあれこれ,国富町教育委員会,平成18年,2006,,,,
三郎と千両箱（若宮）,,,国富町,国富町,,,,,,,,残しておきたい昔のあれこれ,国富町教育委員会,平成18年,2006,,,,
山師の善助どん（桑鶴）,,,国富町,国富町,,,,,,,,残しておきたい昔のあれこれ,国富町教育委員会,平成18年,2006,,,,
なげー名をつくっといかんちゅはなし（町内）,,,国富町,国富町,,,,,,,,残しておきたい昔のあれこれ,国富町教育委員会,平成18年,2006,,,,
瀬戸の頑固者（仮屋原）,,,国富町,国富町,,,,,,,,残しておきたい昔のあれこれ,国富町教育委員会,平成18年,2006,,,,
お琴ヨーイがんがらがん（六日町）,,,国富町,国富町,,,,,,,,残しておきたい昔のあれこれ,国富町教育委員会,平成18年,2006,,,,
藤岡山の神話伝説（十日町東）,,,国富町,国富町,,,,,,,,残しておきたい昔のあれこれ,国富町教育委員会,平成18年,2006,,,,
真名井　真清水　鈴尾のほとり（十日町東）,,,国富町,国富町,,,,,,,,残しておきたい昔のあれこれ,国富町教育委員会,平成18年,2006,,,,
犬熊山の三弓堂（犬熊）,,,国富町,国富町,,,,,,,,残しておきたい昔のあれこれ,国富町教育委員会,平成18年,2006,,,,
虎御前碑と曾我兄弟碑（十日町東）,,,国富町,国富町,,,,,,,,残しておきたい昔のあれこれ,国富町教育委員会,平成18年,2006,,,,
伊東大炊助にまつわる民話（八幡）,,,国富町,国富町,,,,,,,,残しておきたい昔のあれこれ,国富町教育委員会,平成18年,2006,,,,
飯盛の権現様（飯盛）,,,国富町,国富町,,,,,,,,残しておきたい昔のあれこれ,国富町教育委員会,平成18年,2006,,,,
法華嶽の式部伝説（法ケ岳）,,,国富町,国富町,,,,,,,,残しておきたい昔のあれこれ,国富町教育委員会,平成18年,2006,,,,
法華嶽の鬼玄舟（法ケ岳）,,,国富町,国富町,,,,,,,,残しておきたい昔のあれこれ,国富町教育委員会,平成18年,2006,,,,
八朔の七夕（町内全域）,,,国富町,国富町,,,,,,,,残しておきたい昔のあれこれ,国富町教育委員会,平成18年,2006,,,,
苦肉の策　白米流した市之野城（市之野・森永）,,,国富町,国富町,,,,,,,,残しておきたい昔のあれこれ,国富町教育委員会,平成18年,2006,,,,
「たちわけ」栽培ができない菜園（六野）,,,国富町,国富町,,,,,,,,残しておきたい昔のあれこれ,国富町教育委員会,平成18年,2006,,,,
権現様（熊野神社）のいましめ（堂ケ峰・三名）,,,国富町,国富町,,,,,,,,残しておきたい昔のあれこれ,国富町教育委員会,平成18年,2006,,,,
常喜寺と金鶏伝説（門前）,,,国富町,国富町,,,,,,,,残しておきたい昔のあれこれ,国富町教育委員会,平成18年,2006,,,,
車田のいわれ（三名）,,,国富町,国富町,,,,,,,,残しておきたい昔のあれこれ,国富町教育委員会,平成18年,2006,,,,
国富地方で初めてカライモを作った人（寺中）,,,国富町,国富町,,,,,,,,残しておきたい昔のあれこれ,国富町教育委員会,平成18年,2006,,,,
米良荘から籾木へ（籾木）,,,国富町,国富町,,,,,,,,残しておきたい昔のあれこれ,国富町教育委員会,平成18年,2006,,,,
伊左生城今昔（伊左生）,,,国富町,国富町,,,,,,,,残しておきたい昔のあれこれ,国富町教育委員会,平成18年,2006,,,,
寺中のこと（寺中）,,,国富町,国富町,,,,,,,,残しておきたい昔のあれこれ,国富町教育委員会,平成18年,2006,,,,
六野原・今昔（六野原）,,,国富町,国富町,,,,,,,,残しておきたい昔のあれこれ,国富町教育委員会,平成18年,2006,,,,
消えうせた「茶屋集落」へのこだわり（茶屋・三名）,,,国富町,国富町,,,,,,,,残しておきたい昔のあれこれ,国富町教育委員会,平成18年,2006,,,,
木脇　平原地区のこと（平原）,,,国富町,国富町,,,,,,,,残しておきたい昔のあれこれ,国富町教育委員会,平成18年,2006,,,,
木脇字原田の飛地（原田・木脇）,,,国富町,国富町,,,,,,,,残しておきたい昔のあれこれ,国富町教育委員会,平成18年,2006,,,,
塚原の耕地整理（塚原）,,,国富町,国富町,,,,,,,,残しておきたい昔のあれこれ,国富町教育委員会,平成18年,2006,,,,
西南の役とわが郷土（町内全域）,,,国富町,国富町,,,,,,,,残しておきたい昔のあれこれ,国富町教育委員会,平成18年,2006,,,,
祖母と西郷戦（八幡）,,,国富町,国富町,,,,,,,,残しておきたい昔のあれこれ,国富町教育委員会,平成18年,2006,,,,
森永地区における西南戦争異聞（森永）,,,国富町,国富町,,,,,,,,残しておきたい昔のあれこれ,国富町教育委員会,平成18年,2006,,,,
高岡から見た選挙騒動（町内全域）,,,国富町,国富町,,,,,,,,残しておきたい昔のあれこれ,国富町教育委員会,平成18年,2006,,,,
桜島爆発と国富での恐怖（十日町）,,,国富町,国富町,,,,,,,,残しておきたい昔のあれこれ,国富町教育委員会,平成18年,2006,,,,
大空に舞う「赤トンボ」六野原飛行場（六野原）,,,国富町,国富町,,,,,,,,残しておきたい昔のあれこれ,国富町教育委員会,平成18年,2006,,,,
小さな盗人（稲荷）,,,国富町,国富町,,,,,,,,残しておきたい昔のあれこれ,国富町教育委員会,平成18年,2006,,,,
裏山のトーチカ（稲荷）,,,国富町,国富町,,,,,,,,残しておきたい昔のあれこれ,国富町教育委員会,平成18年,2006,,,,
苦労した戦中戦後の生活（町内）,,,国富町,国富町,,,,,,,,残しておきたい昔のあれこれ,国富町教育委員会,平成18年,2006,,,,
終戦直後の旧満州国での経験,,,国富町,国富町,,,,,,,,残しておきたい昔のあれこれ,国富町教育委員会,平成18年,2006,,,,
街が生まれた～六日町東区～（六日町東）,,,国富町,国富町,,,,,,,,残しておきたい昔のあれこれ,国富町教育委員会,平成18年,2006,,,,
抜く手も見せぬ井戸川伊兵衛（十日町）,,,国富町,国富町,,,,,,,,残しておきたい昔のあれこれ,国富町教育委員会,平成18年,2006,,,,
刀工　谷山純慶（本庄地区）,,,国富町,国富町,,,,,,,,残しておきたい昔のあれこれ,国富町教育委員会,平成18年,2006,,,,
江戸時代の力士・竹縄大八（本庄地区）,,,国富町,国富町,,,,,,,,残しておきたい昔のあれこれ,国富町教育委員会,平成18年,2006,,,,
力士　稲荷山(稲荷),,,国富町,国富町,,,,,,,,残しておきたい昔のあれこれ,国富町教育委員会,平成18年,2006,,,,
咸宜園に学んだ本庄の人達（本庄地区）,,,国富町,国富町,,,,,,,,残しておきたい昔のあれこれ,国富町教育委員会,平成18年,2006,,,,
高妻騰雲・高妻五雲（六日町）,,,国富町,国富町,,,,,,,,残しておきたい昔のあれこれ,国富町教育委員会,平成18年,2006,,,,
書家で名高い日高秩父（六日町）,,,国富町,国富町,,,,,,,,残しておきたい昔のあれこれ,国富町教育委員会,平成18年,2006,,,,
井上正雄の生涯（三名）,,,国富町,国富町,,,,,,,,残しておきたい昔のあれこれ,国富町教育委員会,平成18年,2006,,,,
逸話を残した宗兵ヱ爺さん（六日町）,,,国富町,国富町,,,,,,,,残しておきたい昔のあれこれ,国富町教育委員会,平成18年,2006,,,,
もぐりの名人　谷山安さん（大脇）,,,国富町,国富町,,,,,,,,残しておきたい昔のあれこれ,国富町教育委員会,平成18年,2006,,,,
須志田の熊五郎さん（須志田）,,,国富町,国富町,,,,,,,,残しておきたい昔のあれこれ,国富町教育委員会,平成18年,2006,,,,
土持真先生（六日町）,,,国富町,国富町,,,,,,,,残しておきたい昔のあれこれ,国富町教育委員会,平成18年,2006,,,,
馬連れで越えた「狼峠」の暗夜行路談,,,椎葉村,椎葉村,,,,,,１の章　山並み遙かに　山越えの道,椎葉 久,椎葉問わず語りの記,鉱脈社,平成19,2007,,,,
網の目のように広がる往還の痕跡,,,椎葉村,椎葉村,,,,,,１の章　山並み遙かに　山越えの道,,,,,,,,,
十を超える村外への道,,,椎葉村,椎葉村,,,,,,１の章　山並み遙かに　山越えの道,,,,,,,,,
球磨口から見返る歴史の風景,,,椎葉村,椎葉村,,,,,,１の章　山並み遙かに　山越えの道,,,,,,,,,
神門・馬見原口から出入りした物資,,,椎葉村,椎葉村,,,,,,１の章　山並み遙かに　山越えの道,,,,,,,,,
奥山を見せなかった巡見使の道筋,,,椎葉村,椎葉村,,,,,,１の章　山並み遙かに　山越えの道,,,,,,,,,
昭和になって通じた川沿いの道,,,椎葉村,椎葉村,,,,,,１の章　山並み遙かに　山越えの道,,,,,,,,,
信じられない「見塩」の風説,,,椎葉村,椎葉村,,,,,,１の章　山並み遙かに　山越えの道,,,,,,,,,
物資不足時に発揮した自給自足の底力,,,椎葉村,椎葉村,,,,,,１の章　山並み遙かに　山越えの道,,,,,,,,,
飛脚「のような」者が走る,,,椎葉村,椎葉村,,,,,,１の章　山並み遙かに　山の通信むかしばなし,,,,,,,,,
三日に一度の郵便馬,,,椎葉村,椎葉村,,,,,,１の章　山並み遙かに　山の通信むかしばなし,,,,,,,,,
野越え山越えの配達人,,,椎葉村,椎葉村,,,,,,１の章　山並み遙かに　山の通信むかしばなし,,,,,,,,,
現金郵便を狙う追い剥ぎ,,,椎葉村,椎葉村,,,,,,１の章　山並み遙かに　山の通信むかしばなし,,,,,,,,,
「字紙」が回る夜の里道,,,椎葉村,椎葉村,,,,,,１の章　山並み遙かに　山の通信むかしばなし,,,,,,,,,
急を告げる半鐘・板木・法螺・弓矢,,,椎葉村,椎葉村,,,,,,１の章　山並み遙かに　山の通信むかしばなし,,,,,,,,,
,,,椎葉村,椎葉村,,,,,,,,,,,,,,,
山並み遙かに見た世界,,,椎葉村,椎葉村,,,,,,,,,,,,,,,
,,,椎葉村,椎葉村,,,,,,,,,,,,,,,
海の禁忌に納得した山民,,,椎葉村,椎葉村,,,,,,１の章　山並み遙かに　山並み遙かに見た世界,,,,,,,,,
臨場感あふれる京都見物の話,,,椎葉村,椎葉村,,,,,,１の章　山並み遙かに　山並み遙かに見た世界,,,,,,,,,
奈良のカノシシに困惑した人,,,椎葉村,椎葉村,,,,,,１の章　山並み遙かに　山並み遙かに見た世界,,,,,,,,,
美々津の町はぬりくりべったり,,,椎葉村,椎葉村,,,,,,１の章　山並み遙かに　山並み遙かに見た世界,,,,,,,,,
都城から山越えで帰ろうとした男,,,椎葉村,椎葉村,,,,,,１の章　山並み遙かに　山並み遙かに見た世界,,,,,,,,,
あるヤツシャ者の武勇伝,,,椎葉村,椎葉村,,,,,,１の章　山並み遙かに　山並み遙かに見た世界,,,,,,,,,
多良木で足元を読まれた山の遊客,,,椎葉村,椎葉村,,,,,,１の章　山並み遙かに　山並み遙かに見た世界,,,,,,,,,
あの足、椎葉さん,,,椎葉村,椎葉村,,,,,,１の章　山並み遙かに　山並み遙かに見た世界,,,,,,,,,
尾頭つきの鯛をガブリ,,,椎葉村,椎葉村,,,,,,１の章　山並み遙かに　山並み遙かに見た世界,,,,,,,,,
正直者が大儲けしたはなし,,,椎葉村,椎葉村,,,,,,１の章　山並み遙かに　山並み遙かに見た世界,,,,,,,,,
一里四方は田の中,,,椎葉村,椎葉村,,,,,,１の章　山並み遙かに　山並み遙かに見た世界,,,,,,,,,
山の猟師の賄場破り,,,椎葉村,椎葉村,,,,,,１の章　山並み遙かに　山並み遙かに見た世界,,,,,,,,,
毎日魚釣りしていた日露戦争の出征兵士,,,椎葉村,椎葉村,,,,,,１の章　山並み遙かに　山並み遙かに見た世界,,,,,,,,,
ワラジ作りで手柄を,,,椎葉村,椎葉村,,,,,,１の章　山並み遙かに　山並み遙かに見た世界,,,,,,,,,
立てた兵隊,,,椎葉村,椎葉村,,,,,,１の章　山並み遙かに　山並み遙かに見た世界,,,,,,,,,
弾薬庫を壊して勲章をもらう,,,椎葉村,椎葉村,,,,,,１の章　山並み遙かに　山並み遙かに見た世界,,,,,,,,,
中将殿から聞き出した戦況-,,,椎葉村,椎葉村,,,,,,１の章　山並み遙かに　山並み遙かに見た世界,,,,,,,,,
杯洗を杯と間違えた豪の者,,,椎葉村,椎葉村,,,,,,１の章　山並み遙かに　山並み遙かに見た世界,,,,,,,,,
巨人軍監督の戦友とみやげばなし,,,椎葉村,椎葉村,,,,,,１の章　山並み遙かに　山並み遙かに見た世界,,,,,,,,,
山の彼方から来たオシキ売り,,,椎葉村,椎葉村,,,,,,１の章　山並み遙かに　平地からの訪問者,,,,,,,,,
旅の絵師の優雅な山中生活,,,椎葉村,椎葉村,,,,,,１の章　山並み遙かに　平地からの訪問者,,,,,,,,,
琵琶弾き夫婦の終焉の地,,,椎葉村,椎葉村,,,,,,１の章　山並み遙かに　平地からの訪問者,,,,,,,,,
ソマよりゃコウセン食う,,,椎葉村,椎葉村,,,,,,１の章　山並み遙かに　平地からの訪問者,,,,,,,,,
家中を走り回った祈祷師,,,椎葉村,椎葉村,,,,,,１の章　山並み遙かに　平地からの訪問者,,,,,,,,,
方位が読めなかった「著名」な易断,,,椎葉村,椎葉村,,,,,,１の章　山並み遙かに　平地からの訪問者,,,,,,,,,
カサカサーと鍋を壊したナベフタギ,,,椎葉村,椎葉村,,,,,,１の章　山並み遙かに　平地からの訪問者,,,,,,,,,
山中で生涯を終えた腕の良い鋳掛屋,,,椎葉村,椎葉村,,,,,,１の章　山並み遙かに　平地からの訪問者,,,,,,,,,
村中のハサミを切れなくした研ぎ師,,,椎葉村,椎葉村,,,,,,１の章　山並み遙かに　平地からの訪問者,,,,,,,,,
村民に引き留められた畳屋,,,椎葉村,椎葉村,,,,,,１の章　山並み遙かに　平地からの訪問者,,,,,,,,,
カライモに名を残す商人,,,椎葉村,椎葉村,,,,,,１の章　山並み遙かに　平地からの訪問者,,,,,,,,,
美男・柳田青年村を行く,,,椎葉村,椎葉村,,,,,,１の章　山並み遙かに　平地からの訪問者,,,,,,,,,
『耳袋』の中の椎葉の話,,,椎葉村,椎葉村,,,,,,１の章　山並み遙かに　草鞋穿きの椎葉見聞記,,,,,,,,,
『西遊記』の中の那須山の話,,,椎葉村,椎葉村,,,,,,１の章　山並み遙かに　草鞋穿きの椎葉見聞記,,,,,,,,,
高山彦九郎が見た椎葉の事物,,,椎葉村,椎葉村,,,,,,１の章　山並み遙かに　草鞋穿きの椎葉見聞記,,,,,,,,,
七人じゃっちょう,,,椎葉村,椎葉村,,,,,,２の章　山の事件簿　元和の「一家ざらえ」事件,,,,,,,,,
椎葉山「凶徒の一揆」,,,椎葉村,椎葉村,,,,,,２の章　山の事件簿　元和の「一家ざらえ」事件,,,,,,,,,
山中争乱の種,,,椎葉村,椎葉村,,,,,,２の章　山の事件簿　元和の「一家ざらえ」事件,,,,,,,,,
久太郎討つべしの謀議,,,椎葉村,椎葉村,,,,,,２の章　山の事件簿　元和の「一家ざらえ」事件,,,,,,,,,
二回の向山攻め,,,椎葉村,椎葉村,,,,,,２の章　山の事件簿　元和の「一家ざらえ」事件,,,,,,,,,
那須主膳恨みの訴願,,,椎葉村,椎葉村,,,,,,２の章　山の事件簿　元和の「一家ざらえ」事件,,,,,,,,,
集めては斬り、逃げるを斬る,,,椎葉村,椎葉村,,,,,,２の章　山の事件簿　元和の「一家ざらえ」事件,,,,,,,,,
『徳川実記』に書かれた分量,,,椎葉村,椎葉村,,,,,,２の章　山の事件簿　元和の「一家ざらえ」事件,,,,,,,,,
危機感が薄かった山中の当事者,,,椎葉村,椎葉村,,,,,,２の章　山の事件簿　元和の「一家ざらえ」事件,,,,,,,,,
梁がしなった婦女子の集団自殺,,,椎葉村,椎葉村,,,,,,２の章　山の事件簿　元和の「一家ざらえ」事件,,,,,,,,,
ある子守り娘のはなし,,,椎葉村,椎葉村,,,,,,２の章　山の事件簿　元和の「一家ざらえ」事件,,,,,,,,,
不用意に近づけない千人塚,,,椎葉村,椎葉村,,,,,,２の章　山の事件簿　元和の「一家ざらえ」事件,,,,,,,,,
向山城跡と小崎の城山,,,椎葉村,椎葉村,,,,,,２の章　山の事件簿　元和の「一家ざらえ」事件,,,,,,,,,
人吉藩の支配下に入る,,,椎葉村,椎葉村,,,,,,２の章　山の事件簿　元和の「一家ざらえ」事件,,,,,,,,,
那須主膳のその後,,,椎葉村,椎葉村,,,,,,２の章　山の事件簿　元和の「一家ざらえ」事件,,,,,,,,,
幕府が派遣した誅伐使のその後,,,椎葉村,椎葉村,,,,,,２の章　山の事件簿　元和の「一家ざらえ」事件,,,,,,,,,
触れてはならないセーバラ石,,,椎葉村,椎葉村,,,,,,２の章　山の事件簿　杣山願事件,,,,,,,,,
六郎左衛門兄弟の計画,,,椎葉村,椎葉村,,,,,,２の章　山の事件簿　杣山願事件,,,,,,,,,
五年にわたった事件のてん末,,,椎葉村,椎葉村,,,,,,２の章　山の事件簿　杣山願事件,,,,,,,,,
山民に伝わる「その日」のこと,,,椎葉村,椎葉村,,,,,,２の章　山の事件簿　杣山願事件,,,,,,,,,
「先例」となった徳右衛門事件,,,椎葉村,椎葉村,,,,,,２の章　山の事件簿　杣山願事件,,,,,,,,,
那須庄太夫の遠所事件,,,椎葉村,椎葉村,,,,,,２の章　山の事件簿　杣山願事件,,,,,,,,,
牧ヨム庄屋の権勢.,,,椎葉村,椎葉村,,,,,,２の章　山の事件簿　七人組の盗賊,,,,,,,,,
火縄筒一発「盗賊ぞう」,,,椎葉村,椎葉村,,,,,,２の章　山の事件簿　七人組の盗賊,,,,,,,,,
その日の怪しい人影,,,椎葉村,椎葉村,,,,,,２の章　山の事件簿　七人組の盗賊,,,,,,,,,
逃走中の人斬り,,,椎葉村,椎葉村,,,,,,２の章　山の事件簿　七人組の盗賊,,,,,,,,,
アシがついて山狩り,,,椎葉村,椎葉村,,,,,,２の章　山の事件簿　七人組の盗賊,,,,,,,,,
全員射殺,,,椎葉村,椎葉村,,,,,,２の章　山の事件簿　七人組の盗賊,,,,,,,,,
「物凄い」山民の武術,,,椎葉村,椎葉村,,,,,,２の章　山の事件簿　山の事件,,,,,,,,,
ネエゼン淵の血塗られた伝説,,,椎葉村,椎葉村,,,,,,２の章　山の事件簿　山の事件,,,,,,,,,
庄屋の乱心息子による殺人,,,椎葉村,椎葉村,,,,,,２の章　山の事件簿　山の事件,,,,,,,,,
城下の侍を手玉に取った「剣鬼」,,,椎葉村,椎葉村,,,,,,２の章　山の事件簿　山の事件,,,,,,,,,
火縄銃対大鎌の決闘,,,椎葉村,椎葉村,,,,,,２の章　山の事件簿　山の事件,,,,,,,,,
脳ミソを落としてこと切れた話,,,椎葉村,椎葉村,,,,,,２の章　山の事件簿　山の事件,,,,,,,,,
昭和の決闘,,,椎葉村,椎葉村,,,,,,２の章　山の事件簿　山の事件,,,,,,,,,
闇焼酎で税吏を殺害してしまった男の話,,,椎葉村,椎葉村,,,,,,２の章　山の事件簿　山の事件,,,,,,,,,
追い剥ぎが返り討ちにあった話,,,椎葉村,椎葉村,,,,,,２の章　山の事件簿　山の事件,,,,,,,,,
ダム工事にからむ山民の賊狩りの話,,,椎葉村,椎葉村,,,,,,２の章　山の事件簿　山の事件,,,,,,,,,
朱ザヤの侍来たる,,,椎葉村,椎葉村,,,,,,２の章　山の事件簿　山民の目に映った西南戦争,,,,,,,,,
銭（？）の天日午し,,,椎葉村,椎葉村,,,,,,２の章　山の事件簿　山民の目に映った西南戦争,,,,,,,,,
桐野利秋だったか,,,椎葉村,椎葉村,,,,,,２の章　山の事件簿　山民の目に映った西南戦争,,,,,,,,,
薩摩流の弾創治療,,,椎葉村,椎葉村,,,,,,２の章　山の事件簿　山民の目に映った西南戦争,,,,,,,,,
六郎岩屋のこと,,,椎葉村,椎葉村,,,,,,２の章　山の事件簿　山民の目に映った西南戦争,,,,,,,,,
半煮えのトウキビで食いつなぎ逃げのびた一家,,,椎葉村,椎葉村,,,,,,２の章　山の事件簿　山民の目に映った西南戦争,,,,,,,,,
運んでいた兵糧の米をかすめとった話,,,椎葉村,椎葉村,,,,,,２の章　山の事件簿　山民の目に映った西南戦争,,,,,,,,,
今も山中に残る台場跡,,,椎葉村,椎葉村,,,,,,２の章　山の事件簿　山民の目に映った西南戦争,,,,,,,,,
薩軍兵士の胆取りに行った話,,,椎葉村,椎葉村,,,,,,２の章　山の事件簿　山民の目に映った西南戦争,,,,,,,,,
ヤボの肥料になったワラジ,,,椎葉村,椎葉村,,,,,,２の章　山の事件簿　山民の目に映った西南戦争,,,,,,,,,
官軍？　別動第二旅団何某,,,椎葉村,椎葉村,,,,,,２の章　山の事件簿　山民の目に映った西南戦争,,,,,,,,,
官軍の一隊に斬り込んだ薩摩隼人魂,,,椎葉村,椎葉村,,,,,,２の章　山の事件簿　山民の目に映った西南戦争,,,,,,,,,
田原坂の突撃遠望,,,椎葉村,椎葉村,,,,,,２の章　山の事件簿　山民の目に映った西南戦争,,,,,,,,,
産婆がいなかったころの出産,,,椎葉村,椎葉村,,,,,,３の章　山の人生と住居　山の人生,,,,,,,,,
高かった赤子の死亡率,,,椎葉村,椎葉村,,,,,,３の章　山の人生と住居　山の人生,,,,,,,,,
出産の翌日から野良に出る元気者,,,椎葉村,椎葉村,,,,,,３の章　山の人生と住居　山の人生,,,,,,,,,
「よろこび」の応対で休める母親,,,椎葉村,椎葉村,,,,,,３の章　山の人生と住居　山の人生,,,,,,,,,
「大雑書」で付けた名前の数々,,,椎葉村,椎葉村,,,,,,３の章　山の人生と住居　山の人生,,,,,,,,,
二つの名前を持つ理由,,,椎葉村,椎葉村,,,,,,３の章　山の人生と住居　山の人生,,,,,,,,,
名付けには矢を射て祝う,,,椎葉村,椎葉村,,,,,,３の章　山の人生と住居　山の人生,,,,,,,,,
満一歳までの行事,,,椎葉村,椎葉村,,,,,,３の章　山の人生と住居　山の人生,,,,,,,,,
次第に山になじむ子供,,,椎葉村,椎葉村,,,,,,３の章　山の人生と住居　山の人生,,,,,,,,,
山の子供の遊びの工夫,,,椎葉村,椎葉村,,,,,,３の章　山の人生と住居　山の人生,,,,,,,,,
よく遊びよく働く,,,椎葉村,椎葉村,,,,,,３の章　山の人生と住居　山の人生,,,,,,,,,
頼もしい小・中学生,,,椎葉村,椎葉村,,,,,,３の章　山の人生と住居　山の人生,,,,,,,,,
十六歳はひとり前,,,椎葉村,椎葉村,,,,,,３の章　山の人生と住居　山の人生,,,,,,,,,
村落活力の核になる青年活動,,,椎葉村,椎葉村,,,,,,３の章　山の人生と住居　山の人生,,,,,,,,,
結婚,,,椎葉村,椎葉村,,,,,,３の章　山の人生と住居　山の人生,,,,,,,,,
使者が走る縁組みの作法,,,椎葉村,椎葉村,,,,,,３の章　山の人生と住居　山の人生,,,,,,,,,
ござり申す、召し申す,,,椎葉村,椎葉村,,,,,,３の章　山の人生と住居　山の人生,,,,,,,,,
サオイレの奇習,,,椎葉村,椎葉村,,,,,,３の章　山の人生と住居　山の人生,,,,,,,,,
山に生きる壮年の苦楽,,,椎葉村,椎葉村,,,,,,３の章　山の人生と住居　山の人生,,,,,,,,,
老境での生き甲斐,,,椎葉村,椎葉村,,,,,,３の章　山の人生と住居　山の人生,,,,,,,,,
シニシンメエへの触れ回し,,,椎葉村,椎葉村,,,,,,３の章　山の人生と住居　山の人生,,,,,,,,,
死出の旅立ちの準備,,,椎葉村,椎葉村,,,,,,３の章　山の人生と住居　山の人生,,,,,,,,,
葬式膳と墓掘り,,,椎葉村,椎葉村,,,,,,３の章　山の人生と住居　山の人生,,,,,,,,,
旅仕度と納棺,,,椎葉村,椎葉村,,,,,,３の章　山の人生と住居　山の人生,,,,,,,,,
「お斎のめし」をいただいて出棺,,,椎葉村,椎葉村,,,,,,３の章　山の人生と住居　山の人生,,,,,,,,,
間口が広い独特の間取り,,,椎葉村,椎葉村,,,,,,３の章　山の人生と住居　古民家の生活,,,,,,,,,
ウシやウマが屋根から落ちてくる,,,椎葉村,椎葉村,,,,,,３の章　山の人生と住居　古民家の生活,,,,,,,,,
家の前面すべてが玄関,,,椎葉村,椎葉村,,,,,,３の章　山の人生と住居　古民家の生活,,,,,,,,,
容易には侵入できない部屋の中,,,椎葉村,椎葉村,,,,,,３の章　山の人生と住居　古民家の生活,,,,,,,,,
悪夢にうなされない唱え言,,,椎葉村,椎葉村,,,,,,３の章　山の人生と住居　古民家の生活,,,,,,,,,
ジロがもの言うウチネイの空間,,,椎葉村,椎葉村,,,,,,３の章　山の人生と住居　古民家の生活,,,,,,,,,
ドジは土間にあらず,,,椎葉村,椎葉村,,,,,,３の章　山の人生と住居　古民家の生活,,,,,,,,,
デイにある鉄砲立ての中身,,,椎葉村,椎葉村,,,,,,３の章　山の人生と住居　古民家の生活,,,,,,,,,
エリを正して入るコザ,,,椎葉村,椎葉村,,,,,,３の章　山の人生と住居　古民家の生活,,,,,,,,,
一変する夜神楽宿,,,椎葉村,椎葉村,,,,,,３の章　山の人生と住居　古民家の生活,,,,,,,,,
ビクともしないツチの裏,,,椎葉村,椎葉村,,,,,,３の章　山の人生と住居　古民家の生活,,,,,,,,,
ツラは単なる飾りではない,,,椎葉村,椎葉村,,,,,,３の章　山の人生と住居　古民家の生活,,,,,,,,,
家の裏手の巧みな造作,,,椎葉村,椎葉村,,,,,,３の章　山の人生と住居　古民家の生活,,,,,,,,,
ユドノとウマヤ、そして味噌倉,,,椎葉村,椎葉村,,,,,,３の章　山の人生と住居　古民家の生活,,,,,,,,,
ツラは単なる飾りではない35,,,椎葉村,椎葉村,,,,,,３の章　山の人生と住居　古民家の生活,,,,,,,,,
稗倉の中の年代物,,,椎葉村,椎葉村,,,,,,３の章　山の人生と住居　古民家の生活,,,,,,,,,
古来様式の家,,,椎葉村,椎葉村,,,,,,３の章　山の人生と住居　家屋建築普請,,,,,,,,,
道具山・材料の伐り出し,,,椎葉村,椎葉村,,,,,,３の章　山の人生と住居　家屋建築普請,,,,,,,,,
自ら大工になって造る家,,,椎葉村,椎葉村,,,,,,３の章　山の人生と住居　家屋建築普請,,,,,,,,,
用材の伐り出し道具,,,椎葉村,椎葉村,,,,,,３の章　山の人生と住居　家屋建築普請,,,,,,,,,
独特のヅウツキ(地搗き)風習,,,椎葉村,椎葉村,,,,,,３の章　山の人生と住居　家屋建築普請,,,,,,,,,
柱の組み上げ,,,椎葉村,椎葉村,,,,,,３の章　山の人生と住居　家屋建築普請,,,,,,,,,
小普請と大普請,,,椎葉村,椎葉村,,,,,,３の章　山の人生と住居　家屋建築普請,,,,,,,,,
大普請の段取り,,,椎葉村,椎葉村,,,,,,３の章　山の人生と住居　家屋建築普請,,,,,,,,,
小屋組みの方法,,,椎葉村,椎葉村,,,,,,３の章　山の人生と住居　家屋建築普請,,,,,,,,,
大普請の手はず,,,椎葉村,椎葉村,,,,,,３の章　山の人生と住居　屋根葺き,,,,,,,,,
解き方の喧噪,,,椎葉村,椎葉村,,,,,,３の章　山の人生と住居　屋根葺き,,,,,,,,,
法螺を合図に出動,,,椎葉村,椎葉村,,,,,,３の章　山の人生と住居　屋根葺き,,,,,,,,,
稗のめしに干し菜のミソ汁,,,椎葉村,椎葉村,,,,,,３の章　山の人生と住居　屋根葺き,,,,,,,,,
縄ダマづくり,,,椎葉村,椎葉村,,,,,,３の章　山の人生と住居　屋根葺き,,,,,,,,,
屋根葺き用の二つの竹ヤリ,,,椎葉村,椎葉村,,,,,,３の章　山の人生と住居　屋根葺き,,,,,,,,,
葺き方の仕上げと始末,,,椎葉村,椎葉村,,,,,,３の章　山の人生と住居　屋根葺き,,,,,,,,,
エンシュウ(火薬)も自家製,,,椎葉村,椎葉村,,,,,,４の章　山の生業　猪狩り,,,,,,,,,
火縄筒は焚きつけて射つ,,,椎葉村,椎葉村,,,,,,４の章　山の生業　猪狩り,,,,,,,,,
弾はやつぱり速いという話,,,椎葉村,椎葉村,,,,,,４の章　山の生業　猪狩り,,,,,,,,,
弾丸はブツ切りにしてへし込む,,,椎葉村,椎葉村,,,,,,４の章　山の生業　猪狩り,,,,,,,,,
「矢立て」の意外な意味,,,椎葉村,椎葉村,,,,,,４の章　山の生業　猪狩り,,,,,,,,,
火薬筒の事故,,,椎葉村,椎葉村,,,,,,４の章　山の生業　猪狩り,,,,,,,,,
猪のカマの斬れ味,,,椎葉村,椎葉村,,,,,,４の章　山の生業　猪狩り,,,,,,,,,
牝ジシのカマゲタは恐ろしい,,,椎葉村,椎葉村,,,,,,４の章　山の生業　猪狩り,,,,,,,,,
犬の死と猟師,,,椎葉村,椎葉村,,,,,,４の章　山の生業　猪狩り,,,,,,,,,
犬の葬り方,,,椎葉村,椎葉村,,,,,,４の章　山の生業　猪狩り,,,,,,,,,
やられた犬をその場で手術した猟師,,,椎葉村,椎葉村,,,,,,４の章　山の生業　猪狩り,,,,,,,,,
人見知りしない猟犬-,,,椎葉村,椎葉村,,,,,,４の章　山の生業　猪狩り,,,,,,,,,
猟場での犬の奇妙な行動,,,椎葉村,椎葉村,,,,,,４の章　山の生業　猪狩り,,,,,,,,,
シシ狩り犬にはウサギは追わせぬ,,,椎葉村,椎葉村,,,,,,４の章　山の生業　猪狩り,,,,,,,,,
獲物で異なる犬の声,,,椎葉村,椎葉村,,,,,,４の章　山の生業　猪狩り,,,,,,,,,
獲物があった日の犬,,,椎葉村,椎葉村,,,,,,４の章　山の生業　猪狩り,,,,,,,,,
猟犬に昼メシは禁物,,,椎葉村,椎葉村,,,,,,４の章　山の生業　猪狩り,,,,,,,,,
猟犬のしつけ,,,椎葉村,椎葉村,,,,,,４の章　山の生業　猪狩り,,,,,,,,,
四十五貫の大イノシシ,,,椎葉村,椎葉村,,,,,,４の章　山の生業　猪狩り,,,,,,,,,
シシのフク(レバ)を食べる話,,,椎葉村,椎葉村,,,,,,４の章　山の生業　猪狩り,,,,,,,,,
ワキザシでシシを獲った男の話,,,椎葉村,椎葉村,,,,,,４の章　山の生業　猪狩り,,,,,,,,,
四国から来た山師,,,椎葉村,椎葉村,,,,,,４の章　山の生業　山師(その１),,,,,,,,,
サキヤマ・ハツリヤマ・ダシヤマ・ナガシヤマ,,,椎葉村,椎葉村,,,,,,４の章　山の生業　山師(その１),,,,,,,,,
先山師の神技,,,椎葉村,椎葉村,,,,,,４の章　山の生業　山師(その１),,,,,,,,,
大マサカリを操るハツリ山師,,,椎葉村,椎葉村,,,,,,４の章　山の生業　山師(その１),,,,,,,,,
出し山師の鳶口捌き,,,椎葉村,椎葉村,,,,,,４の章　山の生業　山師(その１),,,,,,,,,
乱暴で危険なズリ落し-,,,椎葉村,椎葉村,,,,,,４の章　山の生業　山師(その１),,,,,,,,,
散逸材で儲ける山師の話,,,椎葉村,椎葉村,,,,,,４の章　山の生業　山師(その１),,,,,,,,,
敬服された素人山師のマグレ技,,,椎葉村,椎葉村,,,,,,４の章　山の生業　山師(その１),,,,,,,,,
めしを馬と分け合って食う山師,,,椎葉村,椎葉村,,,,,,４の章　山の生業　山師(その１),,,,,,,,,
見ていて飽きないシュラ出しの壮快,,,椎葉村,椎葉村,,,,,,４の章　山の生業　山師(その１),,,,,,,,,
キンマ引き苦闘のソロバン道,,,椎葉村,椎葉村,,,,,,４の章　山の生業　山師(その１),,,,,,,,,
濡らすのはワラジだけの流し山師,,,椎葉村,椎葉村,,,,,,４の章　山の生業　山師(その１),,,,,,,,,
源流で見た最後のナガシヤマ,,,椎葉村,椎葉村,,,,,,４の章　山の生業　山師(その１),,,,,,,,,
木鼻から木尻まで一里半,,,椎葉村,椎葉村,,,,,,４の章　山の生業　山師(その１),,,,,,,,,
鉄砲堰の大仕掛け,,,椎葉村,椎葉村,,,,,,４の章　山の生業　山師(その１),,,,,,,,,
エゴノサキで筏に組む,,,椎葉村,椎葉村,,,,,,４の章　山の生業　山師(その１),,,,,,,,,
予想をこえるリスクは大きい,,,椎葉村,椎葉村,,,,,,４の章　山の生業　山師(その１),,,,,,,,,
木印をつける,,,椎葉村,椎葉村,,,,,,４の章　山の生業　山師(その１),,,,,,,,,
山師小屋の風景,,,椎葉村,椎葉村,,,,,,４の章　山の生業　山師(その１),,,,,,,,,
流し山師の大移動,,,椎葉村,椎葉村,,,,,,４の章　山の生業　山師(その１),,,,,,,,,
山師の大めしと絶品・焼き味噌,,,椎葉村,椎葉村,,,,,,４の章　山の生業　山師(その１),,,,,,,,,
木地山師・ナバ山師・モチ山師・炭山師,,,椎葉村,椎葉村,,,,,,４の章　山の生業　山師(その２),,,,,,,,,
木地山師が残した細工物,,,椎葉村,椎葉村,,,,,,４の章　山の生業　山師(その２),,,,,,,,,
ナバ山師と踏んつけ炭の製法,,,椎葉村,椎葉村,,,,,,４の章　山の生業　山師(その２),,,,,,,,,
山中に池を残したモチ山師,,,椎葉村,椎葉村,,,,,,４の章　山の生業　山師(その２),,,,,,,,,
蝉の声を聞くモチガワ剥ぎ,,,椎葉村,椎葉村,,,,,,４の章　山の生業　山師(その２),,,,,,,,,
誇り高い炭山師,,,椎葉村,椎葉村,,,,,,４の章　山の生業　山師(その２),,,,,,,,,
ゲタ山師というものの話,,,椎葉村,椎葉村,,,,,,４の章　山の生業　山師(その２),,,,,,,,,
立ち木に人の名を書くべからず,,,椎葉村,椎葉村,,,,,,４の章　山の生業　山の禁忌,,,,,,,,,
山に入ると木にされる日,,,椎葉村,椎葉村,,,,,,４の章　山の生業　山の禁忌,,,,,,,,,
山姥の子守りにされる条件,,,椎葉村,椎葉村,,,,,,４の章　山の生業　山の禁忌,,,,,,,,,
山で使った箸は折つて捨てよ,,,椎葉村,椎葉村,,,,,,４の章　山の生業　山の禁忌,,,,,,,,,
朝、猿の話はするな,,,椎葉村,椎葉村,,,,,,４の章　山の生業　山の禁忌,,,,,,,,,
山の神の引っ越し,,,椎葉村,椎葉村,,,,,,４の章　山の生業　山の禁忌,,,,,,,,,
伐採時の作法,,,椎葉村,椎葉村,,,,,,４の章　山の生業　山の禁忌,,,,,,,,,
切り株をごまかすための奇習,,,椎葉村,椎葉村,,,,,,４の章　山の生業　山の禁忌,,,,,,,,,
あげ山のこと,,,椎葉村,椎葉村,,,,,,４の章　山の生業　山の禁忌,,,,,,,,,
シバトコのこと,,,椎葉村,椎葉村,,,,,,４の章　山の生業　山の禁忌,,,,,,,,,
メクラ滝のこと,,,椎葉村,椎葉村,,,,,,４の章　山の生業　山の禁忌,,,,,,,,,
事故死の遺体の運び方,,,椎葉村,椎葉村,,,,,,４の章　山の生業　山の禁忌,,,,,,,,,
山姥の使い,,,椎葉村,椎葉村,,,,,,４の章　山の生業　山の禁忌,,,,,,,,,
恐しい雪おんじょう,,,椎葉村,椎葉村,,,,,,４の章　山の生業　山の禁忌,,,,,,,,,
平成の世に現れた山姥,,,椎葉村,椎葉村,,,,,,４の章　山の生業　山の禁忌,,,,,,,,,
変態する(？)サエツヨギ,,,椎葉村,椎葉村,,,,,,５の章　山の草木とヤボのはなし　山の草木(その一),,,,,,,,,
ツキデの箸が山では一番,,,椎葉村,椎葉村,,,,,,５の章　山の草木とヤボのはなし　山の草木(その一),,,,,,,,,
黒い穂の「シャクの米」,,,椎葉村,椎葉村,,,,,,５の章　山の草木とヤボのはなし　山の草木(その一),,,,,,,,,
シオを吹く木,,,椎葉村,椎葉村,,,,,,５の章　山の草木とヤボのはなし　山の草木(その一),,,,,,,,,
空しくはびこるビンツケカズラ,,,椎葉村,椎葉村,,,,,,５の章　山の草木とヤボのはなし　山の草木(その一),,,,,,,,,
全山斑入りのスズ竹,,,椎葉村,椎葉村,,,,,,５の章　山の草木とヤボのはなし　山の草木(その一),,,,,,,,,
桑はやつぱり雷雨に効く,,,椎葉村,椎葉村,,,,,,５の章　山の草木とヤボのはなし　山の草木(その一),,,,,,,,,
災難を呼ぶ木,,,椎葉村,椎葉村,,,,,,５の章　山の草木とヤボのはなし　山の草木(その一),,,,,,,,,
南天の効用,,,椎葉村,椎葉村,,,,,,５の章　山の草木とヤボのはなし　山の草木(その一),,,,,,,,,
人を驚かすこんにゃくの花,,,椎葉村,椎葉村,,,,,,５の章　山の草木とヤボのはなし　山の草木(その一),,,,,,,,,
イノスとツケガネ,,,椎葉村,椎葉村,,,,,,５の章　山の草木とヤボのはなし　山の草木(その一),,,,,,,,,
うかつに食えないスミラ,,,椎葉村,椎葉村,,,,,,５の章　山の草木とヤボのはなし　山の草木(その一),,,,,,,,,
キキンとマコベ,,,椎葉村,椎葉村,,,,,,５の章　山の草木とヤボのはなし　山の草木(その一),,,,,,,,,
谷間のテンポウナシ,,,椎葉村,椎葉村,,,,,,５の章　山の草木とヤボのはなし　山の草木(その一),,,,,,,,,
焼いて食う柿,,,椎葉村,椎葉村,,,,,,５の章　山の草木とヤボのはなし　山の草木(その一),,,,,,,,,
サワシ柿の製法,,,椎葉村,椎葉村,,,,,,５の章　山の草木とヤボのはなし　山の草木(その一),,,,,,,,,
イヌノクソ柿の用途,,,椎葉村,椎葉村,,,,,,５の章　山の草木とヤボのはなし　山の草木(その一),,,,,,,,,
半分甘い半ゴネリ柿,,,椎葉村,椎葉村,,,,,,５の章　山の草木とヤボのはなし　山の草木(その一),,,,,,,,,
川ノリの生える場所,,,椎葉村,椎葉村,,,,,,５の章　山の草木とヤボのはなし　山の草木(その一),,,,,,,,,
ゴブロウカズラの功罪,,,椎葉村,椎葉村,,,,,,５の章　山の草木とヤボのはなし　山の草木(その一),,,,,,,,,
甘く見てはいけないカズネ掘り,,,椎葉村,椎葉村,,,,,,５の章　山の草木とヤボのはなし　山の草木(その一),,,,,,,,,
「ドロ」まで食えるカズネ,,,椎葉村,椎葉村,,,,,,５の章　山の草木とヤボのはなし　山の草木(その一),,,,,,,,,
ヤマイモつなぎの秘伝,,,椎葉村,椎葉村,,,,,,５の章　山の草木とヤボのはなし　山の草木(その一),,,,,,,,,
フツという草はえらい,,,椎葉村,椎葉村,,,,,,５の章　山の草木とヤボのはなし　山の草木(その一),,,,,,,,,
山中にひそむ茶の原木,,,椎葉村,椎葉村,,,,,,５の章　山の草木とヤボのはなし　山の草木(その一),,,,,,,,,
ソマの食べ方いろいろ,,,椎葉村,椎葉村,,,,,,５の章　山の草木とヤボのはなし　山の草木(その一),,,,,,,,,
コウセンのつくりかた,,,椎葉村,椎葉村,,,,,,５の章　山の草木とヤボのはなし　山の草木(その一),,,,,,,,,
沈うつな顔で食うべきうまい物,,,椎葉村,椎葉村,,,,,,５の章　山の草木とヤボのはなし　山の草木(その一),,,,,,,,,
流し山師がほしがる山鳥苔,,,椎葉村,椎葉村,,,,,,５の章　山の草木とヤボのはなし　山の草木(その一),,,,,,,,,
カシュウイモはいずこへ,,,椎葉村,椎葉村,,,,,,５の章　山の草木とヤボのはなし　山の草木(その一),,,,,,,,,
二種類のアケプ,,,椎葉村,椎葉村,,,,,,５の章　山の草木とヤボのはなし　山の草木(その2),,,,,,,,,
オダラとメダラ,,,椎葉村,椎葉村,,,,,,５の章　山の草木とヤボのはなし　山の草木(その2),,,,,,,,,
山の山椒の木・庭の山椒の木,,,椎葉村,椎葉村,,,,,,５の章　山の草木とヤボのはなし　山の草木(その2),,,,,,,,,
シリフタギ草,,,椎葉村,椎葉村,,,,,,５の章　山の草木とヤボのはなし　山の草木(その2),,,,,,,,,
油を消費する松・朴の伐採,,,椎葉村,椎葉村,,,,,,５の章　山の草木とヤボのはなし　山の草木(その2),,,,,,,,,
麦ベエラというもの,,,椎葉村,椎葉村,,,,,,５の章　山の草木とヤボのはなし　山の草木(その2),,,,,,,,,
麦焼き,,,椎葉村,椎葉村,,,,,,５の章　山の草木とヤボのはなし　山の草木(その2),,,,,,,,,
ヤマンバのカムゲ,,,椎葉村,椎葉村,,,,,,５の章　山の草木とヤボのはなし　山の草木(その2),,,,,,,,,
奇妙な地中の茸,,,椎葉村,椎葉村,,,,,,５の章　山の草木とヤボのはなし　山の草木(その2),,,,,,,,,
藤カズラと山の生活,,,椎葉村,椎葉村,,,,,,５の章　山の草木とヤボのはなし　山の草木(その2),,,,,,,,,
椎葉のハタケとケエゲエシ,,,椎葉村,椎葉村,,,,,,５の章　山の草木とヤボのはなし　稗ヤボのはなし,,,,,,,,,
春ヤボ・夏ヤボ,,,椎葉村,椎葉村,,,,,,５の章　山の草木とヤボのはなし　稗ヤボのはなし,,,,,,,,,
サエ山二十人ボシの春ヤボ,,,椎葉村,椎葉村,,,,,,５の章　山の草木とヤボのはなし　稗ヤボのはなし,,,,,,,,,
ヤボの切り始めにやるべきこと,,,椎葉村,椎葉村,,,,,,５の章　山の草木とヤボのはなし　稗ヤボのはなし,,,,,,,,,
ヒエちぎり小屋づくり,,,椎葉村,椎葉村,,,,,,５の章　山の草木とヤボのはなし　稗ヤボのはなし,,,,,,,,,
ヤポ切りの心得,,,椎葉村,椎葉村,,,,,,５の章　山の草木とヤボのはなし　稗ヤボのはなし,,,,,,,,,
ヤボの形状と呼び名,,,椎葉村,椎葉村,,,,,,５の章　山の草木とヤボのはなし　稗ヤボのはなし,,,,,,,,,
火入れの作法,,,椎葉村,椎葉村,,,,,,５の章　山の草木とヤボのはなし　稗ヤボのはなし,,,,,,,,,
終わらせ方-,,,椎葉村,椎葉村,,,,,,５の章　山の草木とヤボのはなし　稗ヤボのはなし,,,,,,,,,
カダチでのつらい仕事,,,椎葉村,椎葉村,,,,,,５の章　山の草木とヤボのはなし　稗ヤボのはなし,,,,,,,,,
燃える最中の怪音,,,椎葉村,椎葉村,,,,,,５の章　山の草木とヤボのはなし　稗ヤボのはなし,,,,,,,,,
夜になれば安心なワケ,,,椎葉村,椎葉村,,,,,,５の章　山の草木とヤボのはなし　稗ヤボのはなし,,,,,,,,,
炭で汚れるキザネ焼き,,,椎葉村,椎葉村,,,,,,５の章　山の草木とヤボのはなし　稗ヤボのはなし,,,,,,,,,
技術の差が出る蒔き付け,,,椎葉村,椎葉村,,,,,,５の章　山の草木とヤボのはなし　稗ヤボのはなし,,,,,,,,,
大忙しの草取りとシシカジメ,,,椎葉村,椎葉村,,,,,,５の章　山の草木とヤボのはなし　稗ヤボのはなし,,,,,,,,,
稗刈り・乾燥(トベイ),,,椎葉村,椎葉村,,,,,,５の章　山の草木とヤボのはなし　稗ヤボのはなし,,,,,,,,,
稗ちぎり,,,椎葉村,椎葉村,,,,,,５の章　山の草木とヤボのはなし　稗ヤボのはなし,,,,,,,,,
カテーリなしでは搗けぬ稗,,,椎葉村,椎葉村,,,,,,５の章　山の草木とヤボのはなし　稗ヤボのはなし,,,,,,,,,
稗搗きと稗搗き節,,,椎葉村,椎葉村,,,,,,５の章　山の草木とヤボのはなし　稗ヤボのはなし,,,,,,,,,
老練者の手並み,,,椎葉村,椎葉村,,,,,,５の章　山の草木とヤボのはなし　稗ヤボのはなし,,,,,,,,,
唐箕にかけてヒエノコメに,,,椎葉村,椎葉村,,,,,,５の章　山の草木とヤボのはなし　稗ヤボのはなし,,,,,,,,,
香ばしい稗のめし-,,,椎葉村,椎葉村,,,,,,５の章　山の草木とヤボのはなし　稗ヤボのはなし,,,,,,,,,
ホロシワクドウの神通力,,,椎葉村,椎葉村,,,,,,６の章　山の生き物　山の生き物(その1),,,,,,,,,
旅をする長寿のワクドウ,,,椎葉村,椎葉村,,,,,,６の章　山の生き物　山の生き物(その1),,,,,,,,,
ワクドウのハラワタ掃除,,,椎葉村,椎葉村,,,,,,６の章　山の生き物　山の生き物(その1),,,,,,,,,
トコロバチの巣を襲うワクドウ,,,椎葉村,椎葉村,,,,,,６の章　山の生き物　山の生き物(その1),,,,,,,,,
ヘビを呑み込む大ワクドウ,,,椎葉村,椎葉村,,,,,,６の章　山の生き物　山の生き物(その1),,,,,,,,,
執念深いヘビのうらみ,,,椎葉村,椎葉村,,,,,,６の章　山の生き物　山の生き物(その1),,,,,,,,,
ヘビの種類,,,椎葉村,椎葉村,,,,,,６の章　山の生き物　山の生き物(その1),,,,,,,,,
巨大化するクチノウヘビ,,,椎葉村,椎葉村,,,,,,６の章　山の生き物　山の生き物(その1),,,,,,,,,
赤白二種類のヤマガサヘビ-,,,椎葉村,椎葉村,,,,,,６の章　山の生き物　山の生き物(その1),,,,,,,,,
カラスヘビとアブラヘビ-,,,椎葉村,椎葉村,,,,,,６の章　山の生き物　山の生き物(その1),,,,,,,,,
飛びかかるビジエーテン,,,椎葉村,椎葉村,,,,,,６の章　山の生き物　山の生き物(その1),,,,,,,,,
大木に登るヘビ,,,椎葉村,椎葉村,,,,,,６の章　山の生き物　山の生き物(その1),,,,,,,,,
ヘビの杭渡り,,,椎葉村,椎葉村,,,,,,６の章　山の生き物　山の生き物(その1),,,,,,,,,
ヘビがいっぱいのヘビ岩,,,椎葉村,椎葉村,,,,,,６の章　山の生き物　山の生き物(その1),,,,,,,,,
マムスビというものの作法,,,椎葉村,椎葉村,,,,,,６の章　山の生き物　山の生き物(その1),,,,,,,,,
異様に平たくなるマヘビの威嚇,,,椎葉村,椎葉村,,,,,,６の章　山の生き物　山の生き物(その1),,,,,,,,,
頭上から襲うサエ山のマヘビ,,,椎葉村,椎葉村,,,,,,６の章　山の生き物　山の生き物(その1),,,,,,,,,
マヘビの毒の効き方,,,椎葉村,椎葉村,,,,,,６の章　山の生き物　山の生き物(その1),,,,,,,,,
よく翔ぶ椎葉の鶏とトマサコ,,,椎葉村,椎葉村,,,,,,６の章　山の生き物　山の生き物(その1),,,,,,,,,
ヒヨコをさらうカラス・タカ,,,椎葉村,椎葉村,,,,,,６の章　山の生き物　山の生き物(その1),,,,,,,,,
ハトトリの妙技,,,椎葉村,椎葉村,,,,,,６の章　山の生き物　山の生き物(その1),,,,,,,,,
ヒトトひと切れ・八ト八切れ,,,椎葉村,椎葉村,,,,,,６の章　山の生き物　山の生き物(その1),,,,,,,,,
クビチわな,,,椎葉村,椎葉村,,,,,,６の章　山の生き物　山の生き物(その1),,,,,,,,,
冬に現れるシモヨビ,,,椎葉村,椎葉村,,,,,,６の章　山の生き物　山の生き物(その1),,,,,,,,,
馬もいなき返すミズケードリの鳴き声,,,椎葉村,椎葉村,,,,,,６の章　山の生き物　山の生き物(その1),,,,,,,,,
ノドに穴のある鳥の伝説,,,椎葉村,椎葉村,,,,,,６の章　山の生き物　山の生き物(その1),,,,,,,,,
ケエジンボウの巧みな物まね,,,椎葉村,椎葉村,,,,,,６の章　山の生き物　山の生き物(その1),,,,,,,,,
地震を察知（？）するキジ,,,椎葉村,椎葉村,,,,,,６の章　山の生き物　山の生き物(その1),,,,,,,,,
喧嘩腰のヒンカチカワセキは水,,,椎葉村,椎葉村,,,,,,６の章　山の生き物　山の生き物(その1),,,,,,,,,
マングウのイオ,,,椎葉村,椎葉村,,,,,,６の章　山の生き物　山の生き物(その1),,,,,,,,,
大工並み・クリハカリの仕事,,,椎葉村,椎葉村,,,,,,６の章　山の生き物　山の生き物(その1),,,,,,,,,
六斗五升と鳴く鳥,,,椎葉村,椎葉村,,,,,,６の章　山の生き物　山の生き物(その1),,,,,,,,,
喧嘩腰のヒンカチ,,,椎葉村,椎葉村,,,,,,６の章　山の生き物　山の生き物(その1),,,,,,,,,
カワセキは水中を羽ばたくか,,,椎葉村,椎葉村,,,,,,６の章　山の生き物　山の生き物(その1),,,,,,,,,
ヤマンバの手先が生む,,,椎葉村,椎葉村,,,,,,６の章　山の生き物　山の生き物(その1),,,,,,,,,
ポツタンカケの卵というもの,,,椎葉村,椎葉村,,,,,,６の章　山の生き物　山の生き物(その1),,,,,,,,,
七兵右衛の鰯を気づかう鳥,,,椎葉村,椎葉村,,,,,,６の章　山の生き物　山の生き物(その1),,,,,,,,,
タヌキも顔負け・ウサギのタメグソ,,,椎葉村,椎葉村,,,,,,６の章　山の生き物　山の生き物(その1),,,,,,,,,
鹿の落て角は足を踏み代えずに探せ,,,椎葉村,椎葉村,,,,,,６の章　山の生き物　山の生き物(その1),,,,,,,,,
水面下を歩くネズミ,,,椎葉村,椎葉村,,,,,,６の章　山の生き物　山の生き物(その1),,,,,,,,,
熊猿というもの正体,,,椎葉村,椎葉村,,,,,,６の章　山の生き物　山の生き物(その1),,,,,,,,,
射つ手を拝んだ熊猿,,,椎葉村,椎葉村,,,,,,６の章　山の生き物　山の生き物(その1),,,,,,,,,
一度で嫌いになる赤猿射ち,,,椎葉村,椎葉村,,,,,,６の章　山の生き物　山の生き物(その1),,,,,,,,,
ゴウキイと泣くゴウキイムシ,,,椎葉村,椎葉村,,,,,,６の章　山の生き物　山の生き物(その２),,,,,,,,,
山オコゼの生息地,,,椎葉村,椎葉村,,,,,,６の章　山の生き物　山の生き物(その２),,,,,,,,,
山オコゼを飼う青年,,,椎葉村,椎葉村,,,,,,６の章　山の生き物　山の生き物(その２),,,,,,,,,
泣く子が黙る「ヨナキガイ」,,,椎葉村,椎葉村,,,,,,６の章　山の生き物　山の生き物(その２),,,,,,,,,
カンタロウミミズ,,,椎葉村,椎葉村,,,,,,６の章　山の生き物　山の生き物(その２),,,,,,,,,
ウシビルの生態,,,椎葉村,椎葉村,,,,,,６の章　山の生き物　山の生き物(その２),,,,,,,,,
サルノキンタマというもの,,,椎葉村,椎葉村,,,,,,６の章　山の生き物　山の生き物(その２),,,,,,,,,
生きているコメダワラ,,,椎葉村,椎葉村,,,,,,６の章　山の生き物　山の生き物(その２),,,,,,,,,
二股尾のトカギリ,,,椎葉村,椎葉村,,,,,,６の章　山の生き物　山の生き物(その２),,,,,,,,,
気が荒い天然の山蜜蜂,,,椎葉村,椎葉村,,,,,,６の章　山の生き物　山の生き物(その２),,,,,,,,,
蜜蜂ぶんこうのつくり方,,,椎葉村,椎葉村,,,,,,６の章　山の生き物　山の生き物(その２),,,,,,,,,
巣分かれ蜜蜂の採取法,,,椎葉村,椎葉村,,,,,,６の章　山の生き物　山の生き物(その２),,,,,,,,,
蜜蜂を襲うアカバチ,,,椎葉村,椎葉村,,,,,,６の章　山の生き物　山の生き物(その２),,,,,,,,,
アカバチの子立て巣,,,椎葉村,椎葉村,,,,,,６の章　山の生き物　山の生き物(その２),,,,,,,,,
美しいアオスガリの果,,,椎葉村,椎葉村,,,,,,６の章　山の生き物　山の生き物(その２),,,,,,,,,
怒るとワラメくワラメキ蜂,,,椎葉村,椎葉村,,,,,,６の章　山の生き物　山の生き物(その２),,,,,,,,,
大所帯になるトコロバチ,,,椎葉村,椎葉村,,,,,,６の章　山の生き物　山の生き物(その２),,,,,,,,,
ヨシの髄を果にする花蜂-,,,椎葉村,椎葉村,,,,,,６の章　山の生き物　山の生き物(その２),,,,,,,,,
気味の悪いガキイナリ,,,椎葉村,椎葉村,,,,,,６の章　山の生き物　山の生き物(その２),,,,,,,,,
ムギベエラの蜂の宿命,,,椎葉村,椎葉村,,,,,,６の章　山の生き物　山の生き物(その２),,,,,,,,,
悠々と飛ぶ精霊トンボ,,,椎葉村,椎葉村,,,,,,６の章　山の生き物　山の生き物(その２),,,,,,,,,
恐ろしいホウリ(ハアリ)の襲来,,,椎葉村,椎葉村,,,,,,６の章　山の生き物　山の生き物(その２),,,,,,,,,
中空に浮かぶ柱の正体・ワタムシ,,,椎葉村,椎葉村,,,,,,６の章　山の生き物　山の生き物(その２),,,,,,,,,
コプ(クモ) の空中移動,,,椎葉村,椎葉村,,,,,,６の章　山の生き物　山の生き物(その２),,,,,,,,,
水面を走るコブ,,,椎葉村,椎葉村,,,,,,６の章　山の生き物　山の生き物(その２),,,,,,,,,
散らしては困るクモの巣,,,椎葉村,椎葉村,,,,,,６の章　山の生き物　山の生き物(その２),,,,,,,,,
オンダラのあれこれ,,,椎葉村,椎葉村,,,,,,６の章　山の生き物　山の生き物(その２),,,,,,,,,
八本足のヤマンバジョウ,,,椎葉村,椎葉村,,,,,,６の章　山の生き物　山の生き物(その２),,,,,,,,,
愛煙家を嫌う血吸いダニ,,,椎葉村,椎葉村,,,,,,６の章　山の生き物　山の生き物(その２),,,,,,,,,
鮎のヤナ漁-,,,椎葉村,椎葉村,,,,,,６の章　山の生き物　川魚,,,,,,,,,
容易に獲れたウナギ漁,,,椎葉村,椎葉村,,,,,,６の章　山の生き物　川魚,,,,,,,,,
二尺のエノハ,,,椎葉村,椎葉村,,,,,,６の章　山の生き物　川魚,,,,,,,,,
エノハは鰻の釣り餌,,,椎葉村,椎葉村,,,,,,６の章　山の生き物　川魚,,,,,,,,,
増水のときの川魚,,,椎葉村,椎葉村,,,,,,６の章　山の生き物　川魚,,,,,,,,,
ゲランというもの,,,椎葉村,椎葉村,,,,,,６の章　山の生き物　川魚,,,,,,,,,
黙認されていたゲラン漁は仕かけたが…放置された魚,,,椎葉村,椎葉村,,,,,,６の章　山の生き物　川魚,,,,,,,,,
ダイノマルの欠点,,,椎葉村,椎葉村,,,,,,６の章　山の生き物　川魚,,,,,,,,,
ダイノマルにやられた村医者,,,椎葉村,椎葉村,,,,,,６の章　山の生き物　川魚,,,,,,,,,
近道した導火線,,,椎葉村,椎葉村,,,,,,６の章　山の生き物　川魚,,,,,,,,,
魚の気持ちを体験した「勇者」,,,椎葉村,椎葉村,,,,,,６の章　山の生き物　川魚,,,,,,,,,
高塚山でチラリと見た相良侯の風貌,,,椎葉村,椎葉村,,,,,,７の章山と渓の風土記　山の風土記,,,,,,,,,
猪も見上げる石仁田山の巨石,,,椎葉村,椎葉村,,,,,,７の章山と渓の風土記　山の風土記,,,,,,,,,
二里半をスケて走るカノシシ射ち,,,椎葉村,椎葉村,,,,,,７の章山と渓の風土記　山の風土記,,,,,,,,,
とぐろを巻く(？)龍岩山の奇岩,,,椎葉村,椎葉村,,,,,,７の章山と渓の風土記　山の風土記,,,,,,,,,
白岩山の「巨塔」は異色植物の別天地,,,椎葉村,椎葉村,,,,,,７の章山と渓の風土記　山の風土記,,,,,,,,,
風や水蒸気を吹き出す穴,,,椎葉村,椎葉村,,,,,,７の章山と渓の風土記　山の風土記,,,,,,,,,
山の一角だけに生じていた霧氷の謎,,,椎葉村,椎葉村,,,,,,７の章山と渓の風土記　山の風土記,,,,,,,,,
追い込んだ犬を傷だらけにした穴,,,椎葉村,椎葉村,,,,,,７の章山と渓の風土記　山の風土記,,,,,,,,,
川床の下にも川があるという水無川,,,椎葉村,椎葉村,,,,,,７の章山と渓の風土記　山の風土記,,,,,,,,,
なかなか奥が深い、仲塔の鍾乳洞,,,椎葉村,椎葉村,,,,,,７の章山と渓の風土記　山の風土記,,,,,,,,,
伝説の湿地「オミイケ」一帯の不思議,,,椎葉村,椎葉村,,,,,,７の章山と渓の風土記　山の風土記,,,,,,,,,
ヒノトギが投げ込まれた底なし穴の深さ,,,椎葉村,椎葉村,,,,,,７の章山と渓の風土記　山の風土記,,,,,,,,,
ナマ恐ろしいバクチ岳の伝説,,,椎葉村,椎葉村,,,,,,７の章山と渓の風土記　山の風土記,,,,,,,,,
重宝される麓の川のバクチ石,,,椎葉村,椎葉村,,,,,,７の章山と渓の風土記　山の風土記,,,,,,,,,
ニク（羚羊）も生息する（？）山,,,椎葉村,椎葉村,,,,,,７の章山と渓の風土記　山の風土記,,,,,,,,,
名前を残すタカノス山,,,椎葉村,椎葉村,,,,,,７の章山と渓の風土記　山の風土記,,,,,,,,,
鳥屋野尾の地名の由来,,,椎葉村,椎葉村,,,,,,７の章山と渓の風土記　山の風土記,,,,,,,,,
向き会えるものではない向き合いの滝,,,椎葉村,椎葉村,,,,,,７の章山と渓の風土記　山の風土記,,,,,,,,,
銚子笠という妙な山名の由来,,,椎葉村,椎葉村,,,,,,７の章山と渓の風土記　山の風土記,,,,,,,,,
時雨岳の名を恥ずかしめない山,,,椎葉村,椎葉村,,,,,,７の章山と渓の風土記　山の風土記,,,,,,,,,
金山谷の奥深く眠る横穴,,,椎葉村,椎葉村,,,,,,７の章山と渓の風土記　山の風土記,,,,,,,,,
財木銅山の盛況をいまに伝えるもの,,,椎葉村,椎葉村,,,,,,７の章山と渓の風土記　山の風土記,,,,,,,,,
村人に焼酎ガメをもたらした大河内鉱山,,,椎葉村,椎葉村,,,,,,７の章山と渓の風土記　山の風土記,,,,,,,,,
クエンデエラの地名の由来,,,椎葉村,椎葉村,,,,,,７の章山と渓の風土記　山津波・石橋・水車,,,,,,,,,
山を乗り越えた洪水・ナカミテ崩れ,,,椎葉村,椎葉村,,,,,,７の章山と渓の風土記　山津波・石橋・水車,,,,,,,,,
大水に流されて行く人,,,椎葉村,椎葉村,,,,,,７の章山と渓の風土記　山津波・石橋・水車,,,,,,,,,
相次いだ山津波,,,椎葉村,椎葉村,,,,,,７の章山と渓の風土記　山津波・石橋・水車,,,,,,,,,
見守るうちに巻き込まれる,,,椎葉村,椎葉村,,,,,,７の章山と渓の風土記　山津波・石橋・水車,,,,,,,,,
山崩れの前の怪音,,,椎葉村,椎葉村,,,,,,７の章山と渓の風土記　山津波・石橋・水車,,,,,,,,,
肥後の石工,,,椎葉村,椎葉村,,,,,,７の章山と渓の風土記　山津波・石橋・水車,,,,,,,,,
一瞬にして架かつた石橋,,,椎葉村,椎葉村,,,,,,７の章山と渓の風土記　山津波・石橋・水車,,,,,,,,,
ダムに沈んだ珍奇なへの字橋,,,椎葉村,椎葉村,,,,,,７の章山と渓の風土記　山津波・石橋・水車,,,,,,,,,
中瀬淳村長と水車,,,椎葉村,椎葉村,,,,,,７の章山と渓の風土記　山津波・石橋・水車,,,,,,,,,
ハコ車・サコンタロウの「力学」,,,椎葉村,椎葉村,,,,,,７の章山と渓の風土記　山津波・石橋・水車,,,,,,,,,
水車の操作手順,,,椎葉村,椎葉村,,,,,,７の章山と渓の風土記　山津波・石橋・水車,,,,,,,,,
自家発電の灯は目に悪い,,,椎葉村,椎葉村,,,,,,７の章山と渓の風土記　山津波・石橋・水車,,,,,,,,,
大きな亀に似たヤツ,,,椎葉村,椎葉村,,,,,,７の章山と渓の風土記　ガワッパ(河童),,,,,,,,,
割れ鍋の底をこさぐような声,,,椎葉村,椎葉村,,,,,,７の章山と渓の風土記　ガワッパ(河童),,,,,,,,,
ザツノウに見えたガワッパの甲羅,,,椎葉村,椎葉村,,,,,,７の章山と渓の風土記　ガワッパ(河童),,,,,,,,,
川の中石に座っていた,,,椎葉村,椎葉村,,,,,,７の章山と渓の風土記　ガワッパ(河童),,,,,,,,,
ワイヨワイヨとする死体,,,椎葉村,椎葉村,,,,,,７の章山と渓の風土記　ガワッパ(河童),,,,,,,,,
クズという怪しい生き物,,,椎葉村,椎葉村,,,,,,７の章山と渓の風土記　ガワッパ(河童),,,,,,,,,
三歳児ほどの大きさ,,,椎葉村,椎葉村,,,,,,７の章山と渓の風土記　ガワッパ(河童),,,,,,,,,
「ガワッパの筍かぎ」,,,椎葉村,椎葉村,,,,,,７の章山と渓の風土記　ガワッパ(河童),,,,,,,,,
ガワッパの好物,,,椎葉村,椎葉村,,,,,,７の章山と渓の風土記　ガワッパ(河童),,,,,,,,,
赤蜂取りに近づくガワッパ,,,椎葉村,椎葉村,,,,,,７の章山と渓の風土記　ガワッパ(河童),,,,,,,,,
危い蜂の子の釣り餌使用,,,椎葉村,椎葉村,,,,,,７の章山と渓の風土記　ガワッパ(河童),,,,,,,,,
水が粘りついてくる,,,椎葉村,椎葉村,,,,,,７の章山と渓の風土記　ガワッパ(河童),,,,,,,,,
豆腐づくりでのガワッパ対策,,,椎葉村,椎葉村,,,,,,７の章山と渓の風土記　ガワッパ(河童),,,,,,,,,
ガワッパの誘惑,,,椎葉村,椎葉村,,,,,,７の章山と渓の風土記　ガワッパ(河童),,,,,,,,,
鉄のユラの効用,,,椎葉村,椎葉村,,,,,,７の章山と渓の風土記　ガワッパ(河童),,,,,,,,,
狙われる投網漁師,,,椎葉村,椎葉村,,,,,,７の章山と渓の風土記　ガワッパ(河童),,,,,,,,,
頭の皿と尻子玉のこと,,,椎葉村,椎葉村,,,,,,７の章山と渓の風土記　ガワッパ(河童),,,,,,,,,
ギオンの日に相撲を取つた話,,,椎葉村,椎葉村,,,,,,７の章山と渓の風土記　ガワッパ(河童),,,,,,,,,
ガワッパの謝礼,,,椎葉村,椎葉村,,,,,,７の章山と渓の風土記　ガワッパ(河童),,,,,,,,,
道なきオバネ筋の話し声,,,椎葉村,椎葉村,,,,,,７の章山と渓の風土記　山の怪奇,,,,,,,,,
セコというもの,,,椎葉村,椎葉村,,,,,,７の章山と渓の風土記　山の怪奇,,,,,,,,,
音のみの山崩れ,,,椎葉村,椎葉村,,,,,,７の章山と渓の風土記　山の怪奇,,,,,,,,,
狸の物真似,,,椎葉村,椎葉村,,,,,,７の章山と渓の風土記　山の怪奇,,,,,,,,,
美女に化けて誘う,,,椎葉村,椎葉村,,,,,,７の章山と渓の風土記　山の怪奇,,,,,,,,,
夜通し山中を連れ回す,,,椎葉村,椎葉村,,,,,,７の章山と渓の風土記　山の怪奇,,,,,,,,,
大川越しに化かされた話,,,椎葉村,椎葉村,,,,,,７の章山と渓の風土記　山の怪奇,,,,,,,,,
化けた狸を見破る法,,,椎葉村,椎葉村,,,,,,７の章山と渓の風土記　山の怪奇,,,,,,,,,
ヒヨウヒンヒヨウ,,,椎葉村,椎葉村,,,,,,７の章山と渓の風土記　山の怪奇,,,,,,,,,
夜道をついて来るヨスズメ,,,椎葉村,椎葉村,,,,,,７の章山と渓の風土記　山の怪奇,,,,,,,,,
夜道に落ちて来た丸太,,,椎葉村,椎葉村,,,,,,７の章山と渓の風土記　山の怪奇,,,,,,,,,
悪臭を残す夜の怪物,,,椎葉村,椎葉村,,,,,,７の章山と渓の風土記　山の怪奇,,,,,,,,,
やたら胴の長い生き物,,,椎葉村,椎葉村,,,,,,７の章山と渓の風土記　山の怪奇,,,,,,,,,
ゲンが悪い動物の現れ方,,,椎葉村,椎葉村,,,,,,７の章山と渓の風土記　山の怪奇,,,,,,,,,
野宿者の脇で相談ごと,,,椎葉村,椎葉村,,,,,,７の章山と渓の風土記　山の怪奇,,,,,,,,,
地の底から聞こえる囁き声,,,椎葉村,椎葉村,,,,,,７の章山と渓の風土記　山の怪奇,,,,,,,,,
怪光・きつねのよだれ,,,椎葉村,椎葉村,,,,,,７の章山と渓の風土記　山の怪奇,,,,,,,,,
山姥の誘惑,,,椎葉村,椎葉村,,,,,,７の章山と渓の風土記　山の怪奇,,,,,,,,,
山の神に誘われたか,,,椎葉村,椎葉村,,,,,,７の章山と渓の風土記　山の怪奇,,,,,,,,,
ついに山中に消えた男,,,椎葉村,椎葉村,,,,,,７の章山と渓の風土記　山の怪奇,,,,,,,,,
トンネル内の泣き声,,,椎葉村,椎葉村,,,,,,７の章山と渓の風土記　幽霊ばなし,,,,,,,,,
白い服の兵隊,,,椎葉村,椎葉村,,,,,,７の章山と渓の風土記　幽霊ばなし,,,,,,,,,
雨の夜の訪問者,,,椎葉村,椎葉村,,,,,,７の章山と渓の風土記　幽霊ばなし,,,,,,,,,
風もないのに雨戸が揺れる,,,椎葉村,椎葉村,,,,,,７の章山と渓の風土記　幽霊ばなし,,,,,,,,,
ゾロゾロ出て来た子供の亡霊,,,椎葉村,椎葉村,,,,,,７の章山と渓の風土記　幽霊ばなし,,,,,,,,,
すなどりかる無縁仏の群,,,椎葉村,椎葉村,,,,,,７の章山と渓の風土記　幽霊ばなし,,,,,,,,,
屋で挽臼を回す老婆,,,椎葉村,椎葉村,,,,,,７の章山と渓の風土記　幽霊ばなし,,,,,,,,,
消えていった不思議な人影,,,椎葉村,椎葉村,,,,,,７の章山と渓の風土記　幽霊ばなし,,,,,,,,,
水面に立つ白髪の女,,,椎葉村,椎葉村,,,,,,７の章山と渓の風土記　幽霊ばなし,,,,,,,,,
いちょうの木寺の竜神さま,,,,,,,,,,,宮崎昔ばなし大学再話コース,うさぎ楽土　	子どもに贈る昔ばなし ９,小澤昔ばなし研究所　,平成20年,2008,,,,
かっぱのえんせい,,,,,河童、,,,,,,宮崎昔ばなし大学再話コース,うさぎ楽土　	子どもに贈る昔ばなし ９,小澤昔ばなし研究所　,平成20年,2008,,,,
がっぱのお礼,,,,,河童、,,,,,,宮崎昔ばなし大学再話コース,うさぎ楽土　	子どもに贈る昔ばなし ９,小澤昔ばなし研究所　,平成20年,2008,,,,
ときが原のめぎつね,,,,,,,,,,,宮崎昔ばなし大学再話コース,うさぎ楽土　	子どもに贈る昔ばなし ９,小澤昔ばなし研究所　,平成20年,2008,,,,
ものいうかめ,,,,,,,,,,,宮崎昔ばなし大学再話コース,うさぎ楽土　	子どもに贈る昔ばなし ９,小澤昔ばなし研究所　,平成20年,2008,,,,
わこないやしたろ,,,,,,,,,,,宮崎昔ばなし大学再話コース,うさぎ楽土　	子どもに贈る昔ばなし ９,小澤昔ばなし研究所　,平成20年,2008,,,,
灰坊太郎,,,,,,,,,,,宮崎昔ばなし大学再話コース,うさぎ楽土　	子どもに贈る昔ばなし ９,小澤昔ばなし研究所　,平成20年,2008,,,,
きつねどんとたぬきどんの化かしあい,,,,,,,,,,,宮崎昔ばなし大学再話コース,うさぎ楽土　	子どもに贈る昔ばなし ９,小澤昔ばなし研究所　,平成20年,2008,,,,
親へびと子へび,,,,,,,,,,,宮崎昔ばなし大学再話コース,うさぎ楽土　	子どもに贈る昔ばなし ９,小澤昔ばなし研究所　,平成20年,2008,,,,
生きている竜,,,,,,,,,,,宮崎昔ばなし大学再話コース,うさぎ楽土　	子どもに贈る昔ばなし ９,小澤昔ばなし研究所　,平成20年,2008,,,,
跡江の半ぴどん　しりぼが十両,,,,,,,,,,,宮崎昔ばなし大学再話コース,うさぎ楽土　        子どもに贈る昔ばなし ９,小澤昔ばなし研究所　,平成20年,2008,,,,
跡江の半ぴどん　十一毛ねこ,,,,,,,,,,,宮崎昔ばなし大学再話コース,うさぎ楽土　	子どもに贈る昔ばなし ９,小澤昔ばなし研究所　,平成20年,2008,,,,
どこんこっとんしれん話,,,,,,,,,,,竹原由紀子,山姥が語るむかしばなし 第二編,文昌堂,平成21年,2009,,,,
一話 火たき婆さん,,,,,,,,,,,竹原由紀子,山姥が語るむかしばなし 第二編,文昌堂,平成21年,2009,,,,
二話 家へびの話,,,,,,,,,,,竹原由紀子,山姥が語るむかしばなし 第二編,文昌堂,平成21年,2009,,,,
むかしむかしのはなし,,,,,,,,,,,竹原由紀子,山姥が語るむかしばなし 第二編,文昌堂,平成21年,2009,,,,
男かわら女かわら,,,,,,,,,,,竹原由紀子,山姥が語るむかしばなし 第二編,文昌堂,平成21年,2009,,,,
やもりのしっぽ,,,,,,,,,,,竹原由紀子,山姥が語るむかしばなし 第二編,文昌堂,平成21年,2009,,,,
女谷街道,,,,,,,,,,,竹原由紀子,山姥が語るむかしばなし 第二編,文昌堂,平成21年,2009,,,,
七村の大蛇,,,,,,,,,,,竹原由紀子,山姥が語るむかしばなし 第二編,文昌堂,平成21年,2009,,,,
与一がまのこうもり,,,,,,,,,,,竹原由紀子,山姥が語るむかしばなし 第二編,文昌堂,平成21年,2009,,,,
語りとは 山姥のつぶやき,,,,,,,,,,,竹原由紀子,山姥が語るむかしばなし 第二編,文昌堂,平成21年,2009,,,,
不思議な薬売りどん,,,,,,,,,,,竹原由紀子,山姥が語るむかしばなし 第二編,文昌堂,平成21年,2009,,,,
火ふき竹とせんぽ神,,,,,,,,,,,竹原由紀子,山姥が語るむかしばなし 第二編,文昌堂,平成21年,2009,,,,
のろしのあがる夜,,,,,,,,,,,竹原由紀子,山姥が語るむかしばなし 第二編,文昌堂,平成21年,2009,,,,
あくまきとがらっぱどん,,,,,,,,,,,竹原由紀子,山姥が語るむかしばなし 第二編,文昌堂,平成21年,2009,,,,
ほたると赤い泥鰌,,,,,,,,,,,竹原由紀子,山姥が語るむかしばなし 第二編,文昌堂,平成21年,2009,,,,
仇討ち哀れ,,,,,,,,,,,竹原由紀子,山姥が語るむかしばなし 第二編,文昌堂,平成21年,2009,,,,
語りの台本,,,,,,,,,,,竹原由紀子,山姥が語るむかしばなし 第二編,文昌堂,平成21年,2009,,,,
悲恋物語 桑山刑部と小少将の愛,,,,,,,,,,,竹原由紀子,山姥が語るむかしばなし 第二編,文昌堂,平成21年,2009,,,,
,,,,,,,,,,,竹原由紀子,山姥が語るむかしばなし 第二編,文昌堂,平成21年,2009,,,,
,,,,,,,,,,,竹原由紀子,山姥が語るむかしばなし 第二編,文昌堂,平成21年,2009,,,,
,,,,,,,,,,,竹原由紀子,山姥が語るむかしばなし 第二編,文昌堂,平成21年,2009,,,,
,,,,,,,,,,,竹原由紀子,山姥が語るむかしばなし 第二編,文昌堂,平成21年,2009,,,,
,,,,,,,,,,,竹原由紀子,山姥が語るむかしばなし 第二編,文昌堂,平成21年,2009,,,,
,,,,,,,,,,,竹原由紀子,山姥が語るむかしばなし 第二編,文昌堂,平成21年,2009,,,,
,,,,,,,,,,,市田寛幸編,えびのの民話集,えびの市民図書館,平成22年,2010,,,,
龍の淵,,,,,,,,,,宮崎県,,地域別 まんが日本昔ばなし　お話データベース　,,,2011,,,,
奇しき色の大鹿,,,,,,,,,,宮崎県,,地域別 まんが日本昔ばなし　お話データベース　,,,2011,,,,
かくれ蓑かくれ笠,,,,,,,,,,宮崎県,,地域別 まんが日本昔ばなし　お話データベース　,,,2011,,,,
鵜戸さん参り,,,,,,,,,,宮崎県,,地域別 まんが日本昔ばなし　お話データベース　,,,2011,,,,
福面と小判,,,,,,,,,,宮崎県,,地域別 まんが日本昔ばなし　お話データベース　,,,2011,,,,
山姥と西の長者,,,,,,,,,,宮崎県,,地域別 まんが日本昔ばなし　お話データベース　,,,2011,,,,
ビキと荷車,,,,,,,,,,宮崎県,,地域別 まんが日本昔ばなし　お話データベース　,,,2011,,,,
エビとカラス,,,,,,,,,,宮崎県,,地域別 まんが日本昔ばなし　お話データベース　,,,2011,,,,
大豆の神様,,,,,,,,,,宮崎県,,地域別 まんが日本昔ばなし　お話データベース　,,,2011,,,,
三合めし四合だご,,,,,,,,,,宮崎県,,地域別 まんが日本昔ばなし　お話データベース　,,,2011,,,,
黄金のみかん,,,,,,,,,,宮崎県,,地域別 まんが日本昔ばなし　お話データベース　,,,2011,,,,
血泥が池の善左衛門,,,,,,,,,,宮崎県,,地域別 まんが日本昔ばなし　お話データベース　,,,2011,,,,
おらびぐら,,,,,,,,,,宮崎県,,地域別 まんが日本昔ばなし　お話データベース　,,,2011,,,,
琴塚,,,,,,,,,,宮崎県,,地域別 まんが日本昔ばなし　お話データベース　,,,2011,,,,
ぞろりんがったん,,,,,,,,,,宮崎県,,地域別 まんが日本昔ばなし　お話データベース　,,,2011,,,,
赤猫,,,,,,,,,,宮崎県,,地域別 まんが日本昔ばなし　お話データベース　,,,2011,,,,
七ツ山,,,,,,,,,,宮崎県,,地域別 まんが日本昔ばなし　お話データベース　,,,2011,,,,
旅小僧,,,,,,,,,,宮崎県,,地域別 まんが日本昔ばなし　お話データベース　,,,2011,,,,
魚籃の観音,,,,,,,,,,宮崎県,,地域別 まんが日本昔ばなし　お話データベース　,,,2011,,,,
神話・伝承に関する宮崎県地図,,,,,,,,,,,宮崎県立図書館　総務・企画課普及支援担当,「みやざきの言の葉」神話・伝承編,宮崎県立図書館,平成24年,2012,,,,
みやざきの神話・伝承について,,,,,,,,,,,宮崎県立図書館　総務・企画課普及支援担当,「みやざきの言の葉」神話・伝承編,宮崎県立図書館,平成24年,2012,,,,
① イザナキのみそぎはらえ,,,,,,,,,,,宮崎県立図書館　総務・企画課普及支援担当,「みやざきの言の葉」神話・伝承編,宮崎県立図書館,平成24年,2012,,,,
② 天の岩戸開き,,,,,,,,,,,宮崎県立図書館　総務・企画課普及支援担当,「みやざきの言の葉」神話・伝承編,宮崎県立図書館,平成24年,2012,,,,
③ 天孫降臨,,,,,,,,,,,宮崎県立図書館　総務・企画課普及支援担当,「みやざきの言の葉」神話・伝承編,宮崎県立図書館,平成24年,2012,,,,
④ ニニギノミコトとコノハナサクヤヒメ,,,,,,,,,,,宮崎県立図書館　総務・企画課普及支援担当,「みやざきの言の葉」神話・伝承編,宮崎県立図書館,平成24年,2012,,,,
⑤ 海幸彦と山幸彦,,,,,,,,,,,宮崎県立図書館　総務・企画課普及支援担当,「みやざきの言の葉」神話・伝承編,宮崎県立図書館,平成24年,2012,,,,
⑥ 水沼神社の水神様,,,,,,,,,,,宮崎県立図書館　総務・企画課普及支援担当,「みやざきの言の葉」神話・伝承編,宮崎県立図書館,平成24年,2012,,,,
⑦ ミケイリヌノミコトと鬼八,,,,,,,,,,,宮崎県立図書館　総務・企画課普及支援担当,「みやざきの言の葉」神話・伝承編,宮崎県立図書館,平成24年,2012,,,,
⑧ トヨタマヒメと鵜戸の亀石,,,,,,,,,,,宮崎県立図書館　総務・企画課普及支援担当,「みやざきの言の葉」神話・伝承編,宮崎県立図書館,平成24年,2012,,,,
⑨ 神武天皇の御船出,,,,,,,,,,,宮崎県立図書館　総務・企画課普及支援担当,「みやざきの言の葉」神話・伝承編,宮崎県立図書館,平成24年,2012,,,,
⑩ 景行天皇と日向,,,,,,,,,,,宮崎県立図書館　総務・企画課普及支援担当,「みやざきの言の葉」神話・伝承編,宮崎県立図書館,平成24年,2012,,,,
⑪ ヤマトタケルノミコトと行縢山,,,,,,,,,,,宮崎県立図書館　総務・企画課普及支援担当,「みやざきの言の葉」神話・伝承編,宮崎県立図書館,平成24年,2012,,,,
⑫ 百済王族と師走祭り,,,,,,,,,,,宮崎県立図書館　総務・企画課普及支援担当,「みやざきの言の葉」神話・伝承編,宮崎県立図書館,平成24年,2012,,,,
⑬ 法華岳薬師と和泉式部,,,,,,,,,,,宮崎県立図書館　総務・企画課普及支援担当,「みやざきの言の葉」神話・伝承編,宮崎県立図書館,平成24年,2012,,,,
⑭ 鬼付目山と源為朝,,,,,,,,,,,宮崎県立図書館　総務・企画課普及支援担当,「みやざきの言の葉」神話・伝承編,宮崎県立図書館,平成24年,2012,,,,
⑮ 平景清と目の神様,,,,,,,,,,,宮崎県立図書館　総務・企画課普及支援担当,「みやざきの言の葉」神話・伝承編,宮崎県立図書館,平成24年,2012,,,,
⑯ 椎葉山の平家落人,,,,,,,,,,,宮崎県立図書館　総務・企画課普及支援担当,「みやざきの言の葉」神話・伝承編,宮崎県立図書館,平成24年,2012,,,,
⑰ 一ッ葉浜の観音様,,,,,,,,,,,宮崎県立図書館　総務・企画課普及支援担当,「みやざきの言の葉」神話・伝承編,宮崎県立図書館,平成24年,2012,,,,
⑱ 赤江浜の大蜘蛛,,,,,,,,,,,宮崎県立図書館　総務・企画課普及支援担当,「みやざきの言の葉」神話・伝承編,宮崎県立図書館,平成24年,2012,,,,
⑲ 焼畑と蛇神様,,,,,,,,,,,宮崎県立図書館　総務・企画課普及支援担当,「みやざきの言の葉」神話・伝承編,宮崎県立図書館,平成24年,2012,,,,
⑳ 椀貸し淵,,,,,,,,,,,宮崎県立図書館　総務・企画課普及支援担当,「みやざきの言の葉」神話・伝承編,宮崎県立図書館,平成24年,2012,,,,
神話・伝承編関連図書,,,,,,,,,,,宮崎県立図書館　総務・企画課普及支援担当,「みやざきの言の葉」神話・伝承編,宮崎県立図書館,平成24年,2012,,,,
民話に関する宮崎県地図,,,,,,,,,,,宮崎県立図書館　総務・企画課普及支援担当,「みやざきの言の葉」民話編,宮崎県立図書館,平成24年,2012,,,,
みやざきの民話について,,,,,,,,,,,宮崎県立図書館　総務・企画課普及支援担当,「みやざきの言の葉」民話編,宮崎県立図書館,平成24年,2012,,,,
① 琴ひきの松,,,,,,,,,,,宮崎県立図書館　総務・企画課普及支援担当,「みやざきの言の葉」民話編,宮崎県立図書館,平成24年,2012,,,,
② くさい風呂,,,,,,,,,,,宮崎県立図書館　総務・企画課普及支援担当,「みやざきの言の葉」民話編,宮崎県立図書館,平成24年,2012,,,,
③ 夜泣橋,,,,,,,,,,,宮崎県立図書館　総務・企画課普及支援担当,「みやざきの言の葉」民話編,宮崎県立図書館,平成24年,2012,,,,
④ よだっごろの話,,,,,,,,,,,宮崎県立図書館　総務・企画課普及支援担当,「みやざきの言の葉」民話編,宮崎県立図書館,平成24年,2012,,,,
⑤ 馬渡天狗,,,,,,,,,,,宮崎県立図書館　総務・企画課普及支援担当,「みやざきの言の葉」民話編,宮崎県立図書館,平成24年,2012,,,,
⑥ 石屋が一番,,,,,,,,,,,宮崎県立図書館　総務・企画課普及支援担当,「みやざきの言の葉」民話編,宮崎県立図書館,平成24年,2012,,,,
⑦ 三年寝太郎,,,,,,,,,,,宮崎県立図書館　総務・企画課普及支援担当,「みやざきの言の葉」民話編,宮崎県立図書館,平成24年,2012,,,,
⑧ すねこ太郎,,,,,,,,,,,宮崎県立図書館　総務・企画課普及支援担当,「みやざきの言の葉」民話編,宮崎県立図書館,平成24年,2012,,,,
⑨ ばっちょ笠と地蔵さん,,,,,,,,,,,宮崎県立図書館　総務・企画課普及支援担当,「みやざきの言の葉」民話編,宮崎県立図書館,平成24年,2012,,,,
⑩ 古屋のもり,,,,,,,,,,,宮崎県立図書館　総務・企画課普及支援担当,「みやざきの言の葉」民話編,宮崎県立図書館,平成24年,2012,,,,
⑪ 屁ひりの嫁さん,,,,,,,,,,,宮崎県立図書館　総務・企画課普及支援担当,「みやざきの言の葉」民話編,宮崎県立図書館,平成24年,2012,,,,
⑫ 食わず女房,,,,,,,,,,,宮崎県立図書館　総務・企画課普及支援担当,「みやざきの言の葉」民話編,宮崎県立図書館,平成24年,2012,,,,
⑬ そばの茎なぜ赤い,,,,,,,,,,,宮崎県立図書館　総務・企画課普及支援担当,「みやざきの言の葉」民話編,宮崎県立図書館,平成24年,2012,,,,
⑭ はなし,,,,,,,,,,,宮崎県立図書館　総務・企画課普及支援担当,「みやざきの言の葉」民話編,宮崎県立図書館,平成24年,2012,,,,
⑮ 跡江の半ぴどん,,,,,,,,,,,宮崎県立図書館　総務・企画課普及支援担当,「みやざきの言の葉」民話編,宮崎県立図書館,平成24年,2012,,,,
⑯ 万太郎狐,,,,,,,,,,,宮崎県立図書館　総務・企画課普及支援担当,「みやざきの言の葉」民話編,宮崎県立図書館,平成24年,2012,,,,
⑰ 大人弥五郎どん,,,,,,,,,,,宮崎県立図書館　総務・企画課普及支援担当,「みやざきの言の葉」民話編,宮崎県立図書館,平成24年,2012,,,,
⑱ 日向の国のひょすんぼ,,,,,,,,,,,宮崎県立図書館　総務・企画課普及支援担当,「みやざきの言の葉」民話編,宮崎県立図書館,平成24年,2012,,,,
⑲ うるし兄弟,,,,,,,,,,,宮崎県立図書館　総務・企画課普及支援担当,「みやざきの言の葉」民話編,宮崎県立図書館,平成24年,2012,,,,
⑳ 海の水なぜ塩からい,,,,,,,,,,,宮崎県立図書館　総務・企画課普及支援担当,「みやざきの言の葉」民話編,宮崎県立図書館,平成24年,2012,,,,
民話に関する関連図書,,,,,,,,,,,宮崎県立図書館　総務・企画課普及支援担当,「みやざきの言の葉」民話編,宮崎県立図書館,平成24年,2012,,,,
参考文献 協力者の方々,,,,,,,,,,,宮崎県立図書館　総務・企画課普及支援担当,「みやざきの言の葉」民話編,宮崎県立図書館,平成24年,2012,,,,
神話・伝承に関する宮崎県地図,,,,,,,,,甲斐亮典,神話・伝承編,宮崎県立図書館　総務・企画課普及支援担当,みやざきの言の葉　― 神話・伝承、民話編 ―,宮崎県立図書館,平成24年,2012,,,,
みやざきの神話・伝承について,,,,,,,,,甲斐亮典,神話・伝承編,宮崎県立図書館　総務・企画課普及支援担当,みやざきの言の葉　― 神話・伝承、民話編 ―,宮崎県立図書館,平成24年,2012,,,,
① イザナキのみそぎはらえ,,,,,,,,,甲斐亮典,神話・伝承編,宮崎県立図書館　総務・企画課普及支援担当,みやざきの言の葉　― 神話・伝承、民話編 ―,宮崎県立図書館,平成24年,2012,,,,
② 天の岩戸開き,,,,,,,,,甲斐亮典,神話・伝承編,宮崎県立図書館　総務・企画課普及支援担当,みやざきの言の葉　― 神話・伝承、民話編 ―,宮崎県立図書館,平成24年,2012,,,,
③ 天孫降臨,,,,,,,,,甲斐亮典,神話・伝承編,宮崎県立図書館　総務・企画課普及支援担当,みやざきの言の葉　― 神話・伝承、民話編 ―,宮崎県立図書館,平成24年,2012,,,,
④ ニニギノミコトとコノハナサクヤヒメ,,,,,,,,,甲斐亮典,神話・伝承編,宮崎県立図書館　総務・企画課普及支援担当,みやざきの言の葉　― 神話・伝承、民話編 ―,宮崎県立図書館,平成24年,2012,,,,
⑤ 海幸彦と山幸彦,,,,,,,,,甲斐亮典,神話・伝承編,宮崎県立図書館　総務・企画課普及支援担当,みやざきの言の葉　― 神話・伝承、民話編 ―,宮崎県立図書館,平成24年,2012,,,,
⑥ 水沼神社の水神様,,,,,,,,,甲斐亮典,神話・伝承編,宮崎県立図書館　総務・企画課普及支援担当,みやざきの言の葉　― 神話・伝承、民話編 ―,宮崎県立図書館,平成24年,2012,,,,
⑦ ミケイリヌノミコトと鬼八,,,,,,,,,甲斐亮典,神話・伝承編,宮崎県立図書館　総務・企画課普及支援担当,みやざきの言の葉　― 神話・伝承、民話編 ―,宮崎県立図書館,平成24年,2012,,,,
⑧ トヨタマヒメと鵜戸の亀石,,,,,,,,,甲斐亮典,神話・伝承編,宮崎県立図書館　総務・企画課普及支援担当,みやざきの言の葉　― 神話・伝承、民話編 ―,宮崎県立図書館,平成24年,2012,,,,
⑨ 神武天皇の御船出,,,,,,,,,甲斐亮典,神話・伝承編,宮崎県立図書館　総務・企画課普及支援担当,みやざきの言の葉　― 神話・伝承、民話編 ―,宮崎県立図書館,平成24年,2012,,,,
⑩ 景行天皇と日向,,,,,,,,,甲斐亮典,神話・伝承編,宮崎県立図書館　総務・企画課普及支援担当,みやざきの言の葉　― 神話・伝承、民話編 ―,宮崎県立図書館,平成24年,2012,,,,
⑪ ヤマトタケルノミコトと行縢山,,,,,,,,,甲斐亮典,神話・伝承編,宮崎県立図書館　総務・企画課普及支援担当,みやざきの言の葉　― 神話・伝承、民話編 ―,宮崎県立図書館,平成24年,2012,,,,
⑫ 百済王族と師走祭り,,,,,,,,,甲斐亮典,神話・伝承編,宮崎県立図書館　総務・企画課普及支援担当,みやざきの言の葉　― 神話・伝承、民話編 ―,宮崎県立図書館,平成24年,2012,,,,
⑬ 法華岳薬師と和泉式部,,,,,,,,,甲斐亮典,神話・伝承編,宮崎県立図書館　総務・企画課普及支援担当,みやざきの言の葉　― 神話・伝承、民話編 ―,宮崎県立図書館,平成24年,2012,,,,
⑭ 鬼付目山と源為朝,,,,,,,,,甲斐亮典,神話・伝承編,宮崎県立図書館　総務・企画課普及支援担当,みやざきの言の葉　― 神話・伝承、民話編 ―,宮崎県立図書館,平成24年,2012,,,,
⑮ 平景清と目の神様,,,,,,,,,甲斐亮典,神話・伝承編,宮崎県立図書館　総務・企画課普及支援担当,みやざきの言の葉　― 神話・伝承、民話編 ―,宮崎県立図書館,平成24年,2012,,,,
⑯ 椎葉山の平家落人,,,,,,,,,甲斐亮典,神話・伝承編,宮崎県立図書館　総務・企画課普及支援担当,みやざきの言の葉　― 神話・伝承、民話編 ―,宮崎県立図書館,平成24年,2012,,,,
⑰ 一ッ葉浜の観音様,,,,,,,,,甲斐亮典,神話・伝承編,宮崎県立図書館　総務・企画課普及支援担当,みやざきの言の葉　― 神話・伝承、民話編 ―,宮崎県立図書館,平成24年,2012,,,,
⑱ 赤江浜の大蜘蛛,,,,,,,,,甲斐亮典,神話・伝承編,宮崎県立図書館　総務・企画課普及支援担当,みやざきの言の葉　― 神話・伝承、民話編 ―,宮崎県立図書館,平成24年,2012,,,,
⑲ 焼畑と蛇神様,,,,,,,,,甲斐亮典,神話・伝承編,宮崎県立図書館　総務・企画課普及支援担当,みやざきの言の葉　― 神話・伝承、民話編 ―,宮崎県立図書館,平成24年,2012,,,,
⑳ 椀貸し淵,,,,,,,,,甲斐亮典,神話・伝承編,宮崎県立図書館　総務・企画課普及支援担当,みやざきの言の葉　― 神話・伝承、民話編 ―,宮崎県立図書館,平成24年,2012,,,,
神話・伝承編関連図書,,,,,,,,,甲斐亮典,神話・伝承編,宮崎県立図書館　総務・企画課普及支援担当,みやざきの言の葉　― 神話・伝承、民話編 ―,宮崎県立図書館,平成24年,2012,,,,
民話に関する宮崎県地図,,,,,,,,,矢口裕康,民話編,宮崎県立図書館　総務・企画課普及支援担当,みやざきの言の葉　― 神話・伝承、民話編 ―,宮崎県立図書館,平成24年,2012,,,,
みやざきの民話について,,,,,,,,,矢口裕康,民話編,宮崎県立図書館　総務・企画課普及支援担当,みやざきの言の葉　― 神話・伝承、民話編 ―,宮崎県立図書館,平成24年,2012,,,,
① 琴ひきの松,,,,,,,,,矢口裕康,民話編,宮崎県立図書館　総務・企画課普及支援担当,みやざきの言の葉　― 神話・伝承、民話編 ―,宮崎県立図書館,平成24年,2012,,,,
② くさい風呂,,,,,,,,,矢口裕康,民話編,宮崎県立図書館　総務・企画課普及支援担当,みやざきの言の葉　― 神話・伝承、民話編 ―,宮崎県立図書館,平成24年,2012,,,,
③ 夜泣橋,,,,,,,,,矢口裕康,民話編,宮崎県立図書館　総務・企画課普及支援担当,みやざきの言の葉　― 神話・伝承、民話編 ―,宮崎県立図書館,平成24年,2012,,,,
④ よだっごろの話,,,,,,,,,矢口裕康,民話編,宮崎県立図書館　総務・企画課普及支援担当,みやざきの言の葉　― 神話・伝承、民話編 ―,宮崎県立図書館,平成24年,2012,,,,
⑤ 馬渡天狗,,,,,,,,,矢口裕康,民話編,宮崎県立図書館　総務・企画課普及支援担当,みやざきの言の葉　― 神話・伝承、民話編 ―,宮崎県立図書館,平成24年,2012,,,,
⑥ 石屋が一番,,,,,,,,,矢口裕康,民話編,宮崎県立図書館　総務・企画課普及支援担当,みやざきの言の葉　― 神話・伝承、民話編 ―,宮崎県立図書館,平成24年,2012,,,,
⑦ 三年寝太郎,,,,,,,,,矢口裕康,民話編,宮崎県立図書館　総務・企画課普及支援担当,みやざきの言の葉　― 神話・伝承、民話編 ―,宮崎県立図書館,平成24年,2012,,,,
⑧ すねこ太郎,,,,,,,,,矢口裕康,民話編,宮崎県立図書館　総務・企画課普及支援担当,みやざきの言の葉　― 神話・伝承、民話編 ―,宮崎県立図書館,平成24年,2012,,,,
⑨ ばっちょ笠と地蔵さん,,,,,,,,,矢口裕康,民話編,宮崎県立図書館　総務・企画課普及支援担当,みやざきの言の葉　― 神話・伝承、民話編 ―,宮崎県立図書館,平成24年,2012,,,,
⑩ 古屋のもり,,,,,,,,,矢口裕康,民話編,宮崎県立図書館　総務・企画課普及支援担当,みやざきの言の葉　― 神話・伝承、民話編 ―,宮崎県立図書館,平成24年,2012,,,,
⑪ 屁ひりの嫁さん,,,,,,,,,矢口裕康,民話編,宮崎県立図書館　総務・企画課普及支援担当,みやざきの言の葉　― 神話・伝承、民話編 ―,宮崎県立図書館,平成24年,2012,,,,
⑫ 食わず女房,,,,,,,,,矢口裕康,民話編,宮崎県立図書館　総務・企画課普及支援担当,みやざきの言の葉　― 神話・伝承、民話編 ―,宮崎県立図書館,平成24年,2012,,,,
⑬ そばの茎なぜ赤い,,,,,,,,,矢口裕康,民話編,宮崎県立図書館　総務・企画課普及支援担当,みやざきの言の葉　― 神話・伝承、民話編 ―,宮崎県立図書館,平成24年,2012,,,,
⑭ はなし,,,,,,,,,矢口裕康,民話編,宮崎県立図書館　総務・企画課普及支援担当,みやざきの言の葉　― 神話・伝承、民話編 ―,宮崎県立図書館,平成24年,2012,,,,
⑮ 跡江の半ぴどん,,,,,,,,,矢口裕康,民話編,宮崎県立図書館　総務・企画課普及支援担当,みやざきの言の葉　― 神話・伝承、民話編 ―,宮崎県立図書館,平成24年,2012,,,,
⑯ 万太郎狐,,,,,,,,,矢口裕康,民話編,宮崎県立図書館　総務・企画課普及支援担当,みやざきの言の葉　― 神話・伝承、民話編 ―,宮崎県立図書館,平成24年,2012,,,,
⑰ 大人弥五郎どん,,,,,,,,,矢口裕康,民話編,宮崎県立図書館　総務・企画課普及支援担当,みやざきの言の葉　― 神話・伝承、民話編 ―,宮崎県立図書館,平成24年,2012,,,,
⑱ 日向の国のひょすんぼ,,,,,,,,,矢口裕康,民話編,宮崎県立図書館　総務・企画課普及支援担当,みやざきの言の葉　― 神話・伝承、民話編 ―,宮崎県立図書館,平成24年,2012,,,,
⑲ うるし兄弟,,,,,,,,,矢口裕康,民話編,宮崎県立図書館　総務・企画課普及支援担当,みやざきの言の葉　― 神話・伝承、民話編 ―,宮崎県立図書館,平成24年,2012,,,,
⑳ 海の水なぜ塩からい,,,,,,,,,矢口裕康,民話編,宮崎県立図書館　総務・企画課普及支援担当,みやざきの言の葉　― 神話・伝承、民話編 ―,宮崎県立図書館,平成24年,2012,,,,
民話に関する関連図書,,,,,,,,,矢口裕康,民話編,宮崎県立図書館　総務・企画課普及支援担当,みやざきの言の葉　― 神話・伝承、民話編 ―,宮崎県立図書館,平成24年,2012,,,,
参考文献 協力者の方々,,,,,,,,,矢口裕康,民話編,宮崎県立図書館　総務・企画課普及支援担当,みやざきの言の葉　― 神話・伝承、民話編 ―,宮崎県立図書館,平成24年,2012,,,,
第一章　語り部とはなにか,,,,,,,,,,,竹原由紀子,語りの旅人,文昌堂,平成27年,2015,,,,
南国の昔話,,,,,,,,,,,竹原由紀子,語りの旅人,文昌堂,平成27年,2015,,,,
ふけんね昔（ずっと昔）のはなし,,,,,,,,,,,竹原由紀子,語りの旅人,文昌堂,平成27年,2015,,,,
第二章　都城・諸県の伝説　無我無私で生きた先人,,,,,,,,,,,竹原由紀子,語りの旅人,文昌堂,平成27年,2015,,,,
第三章　都城・諸県のがらっぱ伝説　里山には確かにガラッパはいた,,,,,,,,,,,竹原由紀子,語りの旅人,文昌堂,平成27年,2015,,,,
第四章　七十年続く平和の中で忘れてはならない話,,,,,,,,,,,竹原由紀子,語りの旅人,文昌堂,平成27年,2015,,,,
第五章　山姥が語る昔ばなし,,,,,,,,,,,竹原由紀子,語りの旅人,文昌堂,平成27年,2015,,,,
語り部を目指す人のために,,,,,,,,,,,竹原由紀子,語りの旅人,文昌堂,平成27年,2015,,,,
みじかい話,,,,,,,,,,,竹原由紀子,語りの旅人,文昌堂,平成27年,2015,,,,
どろぼうのお話,,,,,,,,,,,竹原由紀子,語りの旅人,文昌堂,平成27年,2015,,,,
人に言うなよ語るなよ　古老の話す艶話二話,,,,,,,,,,,竹原由紀子,語りの旅人,文昌堂,平成27年,2015,,,,
第六章　自分史,,,,,,,,,,,竹原由紀子,語りの旅人,文昌堂,平成27年,2015,,,,
椎葉村にて,,,,,,,,,,Ⅲ　タマシイとの邂逅,田中康弘,山怪　山人が語る不思議な話,山と渓谷社,令和元年,2019,,,,
,,,,,,,,,,,"椎葉村の昔語り記録委員会 ／監修, 西南学院大学民俗研究会 ／編集 ",平家の里椎葉村の昔語り 上巻（昔話ばなしの部）,鉱脈社,平成29年,2017,,,,
,,,,,,,,,,,中武雅周,夜話かりこぼう　米良風土記 １,鉱脈社,平成29年,2017,,,,
阿蘇さま,,伝説,宮崎市,宮崎市佐土原町,,,,,,,佐土原ＳＩＧＥＫＩ塾編,佐土原むかし物語,佐土原ＳＩＧＥＫＩ塾,令和2年,2020,,,,
河童の恩返し,,伝説,宮崎市,宮崎市佐土原町,,,,,,,佐土原ＳＩＧＥＫＩ塾編,佐土原むかし物語,佐土原ＳＩＧＥＫＩ塾,令和2年,2020,,,,
孝行な娘狐,,伝説,宮崎市,宮崎市佐土原町,,,,,,,佐土原ＳＩＧＥＫＩ塾編,佐土原むかし物語,佐土原ＳＩＧＥＫＩ塾,令和2年,2020,,,,
杉田六之助河童退治,,伝説,宮崎市,宮崎市佐土原町,,,,,,,佐土原ＳＩＧＥＫＩ塾編,佐土原むかし物語,佐土原ＳＩＧＥＫＩ塾,令和2年,2020,,,,
夜泣橋,,伝説,宮崎市,宮崎市佐土原町,,,,,,,佐土原ＳＩＧＥＫＩ塾編,佐土原むかし物語,佐土原ＳＩＧＥＫＩ塾,令和2年,2020,,,,
ちごくら,,伝説,宮崎市,宮崎市佐土原町,,,,,,,佐土原ＳＩＧＥＫＩ塾編,佐土原むかし物語,佐土原ＳＩＧＥＫＩ塾,令和2年,2020,,,,
檍ケ森,,伝説,宮崎市,宮崎市佐土原町,,,,,,,佐土原ＳＩＧＥＫＩ塾編,佐土原むかし物語,佐土原ＳＩＧＥＫＩ塾,令和2年,2020,,,,
安姫さま,,伝説,宮崎市,宮崎市佐土原町,,,,,,,佐土原ＳＩＧＥＫＩ塾編,佐土原むかし物語,佐土原ＳＩＧＥＫＩ塾,令和2年,2020,,,,
日講上人,,伝説,宮崎市,宮崎市佐土原町,,,,,,,佐土原ＳＩＧＥＫＩ塾編,佐土原むかし物語,佐土原ＳＩＧＥＫＩ塾,令和2年,2020,,,,
吉川の局,,伝説,宮崎市,宮崎市佐土原町,,,,,,,佐土原ＳＩＧＥＫＩ塾編,佐土原むかし物語,佐土原ＳＩＧＥＫＩ塾,令和2年,2020,,,,
古月禅師,,伝説,宮崎市,宮崎市佐土原町,,,,,,,佐土原ＳＩＧＥＫＩ塾編,佐土原むかし物語,佐土原ＳＩＧＥＫＩ塾,令和2年,2020,,,,
野田泉光院,,伝説,宮崎市,宮崎市佐土原町,,,,,,,佐土原ＳＩＧＥＫＩ塾編,佐土原むかし物語,佐土原ＳＩＧＥＫＩ塾,令和2年,2020,,,,
島津随真院,,伝説,宮崎市,宮崎市佐土原町,,,,,,,佐土原ＳＩＧＥＫＩ塾編,佐土原むかし物語,佐土原ＳＩＧＥＫＩ塾,令和2年,2020,,,,
根井三郎,,伝説,宮崎市,宮崎市佐土原町,,,,,,,佐土原ＳＩＧＥＫＩ塾編,佐土原むかし物語,佐土原ＳＩＧＥＫＩ塾,令和2年,2020,,,,
佐土原人形,,伝説,宮崎市,宮崎市佐土原町,,,,,,,佐土原ＳＩＧＥＫＩ塾編,佐土原むかし物語,佐土原ＳＩＧＥＫＩ塾,令和2年,2020,,,,
くじら羊かん,,伝説,宮崎市,宮崎市佐土原町,,,,,,,佐土原ＳＩＧＥＫＩ塾編,佐土原むかし物語,佐土原ＳＩＧＥＫＩ塾,令和2年,2020,,,,
佐土原藩お家騒動,,伝説,宮崎市,宮崎市佐土原町,,,,,,,佐土原ＳＩＧＥＫＩ塾編,佐土原むかし物語,佐土原ＳＩＧＥＫＩ塾,令和2年,2020,,,,
佐土原十六烈士,,伝説,宮崎市,宮崎市佐土原町,,,,,,,佐土原ＳＩＧＥＫＩ塾編,佐土原むかし物語,佐土原ＳＩＧＥＫＩ塾,令和2年,2020,,,,
１．おぎんとにょろ（小丸川流域の昔話）,,昔話,木城町,木城町,,,,,,,木城史談クラブ,木城の民話 １,木城ボランティアにぎやかし隊,令和3年,2021,,,,
２．下ん川の河童と相撲を取った清馬どん（木城ふる里ばなし）、,,昔話,木城町,木城町,,,,,,,木城史談クラブ,木城の民話 １,木城ボランティアにぎやかし隊,令和3年,2021,,,,
３．大源谷の古狸（中椎木地区に伝わる民話）,,昔話,木城町,木城町,,,,,,,木城史談クラブ,木城の民話 １,木城ボランティアにぎやかし隊,令和3年,2021,,,,
４．炭焼き五郎爺（創作））,,昔話,木城町,木城町,,,,,,,木城史談クラブ,木城の民話 １,木城ボランティアにぎやかし隊,令和3年,2021,,,,
５．狐にだまされた源助どん（木城ふる里ばなし）,,昔話,木城町,木城町,,,,,,,木城史談クラブ,木城の民話 １,木城ボランティアにぎやかし隊,令和3年,2021,,,,
６．蛇ヶ淵の渡し守と腹話術（ふるさと木城の民話）,,昔話,木城町,木城町,蛇、,,,,,,木城史談クラブ,木城の民話 １,木城ボランティアにぎやかし隊,令和3年,2021,,,,
１．泥棒から金を借りた医者（木城ふる里ばなし）,,昔話,木城町,木城町,,,,,,,木城史談クラブ,木城の民話 2,木城ボランティアにぎやかし隊,令和3年,2021,,,,
２．ひょうすんぼの薬（高城地区に伝わる民話）,,昔話,木城町,木城町,河童、,,,,,,木城史談クラブ,木城の民話 2,木城ボランティアにぎやかし隊,令和3年,2021,,,,
３．しゅ助どん（ふるさと木城の民話）,,昔話,木城町,木城町,,,,,,,木城史談クラブ,木城の民話 2,木城ボランティアにぎやかし隊,令和3年,2021,,,,
４．岩渕沼の河童と仲良し三太郎（木城ふる里ばなし）,,昔話,木城町,木城町,,,,,,,木城史談クラブ,木城の民話 2,木城ボランティアにぎやかし隊,令和3年,2021,,,,
５．五分一小僧（小丸川流域の昔話）,,昔話,木城町,木城町,,,,,,,木城史談クラブ,木城の民話 2,木城ボランティアにぎやかし隊,令和3年,2021,,,,
６．手水を回せ（ふるさと木城の民話）,,昔話,木城町,木城町,,,,,,,木城史談クラブ,木城の民話 2,木城ボランティアにぎやかし隊,令和3年,2021,,,,
,,昔話,都城市,都城市,,,,,,河童にまつわる話,	吉川正一,都城西部の民俗と民話 上巻,私家版,令和4,2022,,,,
,,昔話,都城市,都城市,,,,,,狐にまつわる話,	吉川正一,都城西部の民俗と民話 上巻,私家版,令和4,2022,,,,
,,昔話,都城市,都城市,,,,,,不思議な話,	吉川正一,都城西部の民俗と民話 上巻,私家版,令和4,2022,,,,
,,昔話,都城市,都城市,,,,,,大ぼら吹きと言われた人の話,	吉川正一,都城西部の民俗と民話 上巻,私家版,令和4,2022,,,,
,,昔話,都城市,都城市,,,,,,人々の祈りや行いの話,	吉川正一,都城西部の民俗と民話 上巻,私家版,令和4,2022,,,,
,,昔話,都城市,都城市,,,,,,変わった行ないで人目を引いた人の話,	吉川正一,都城西部の民俗と民話 上巻,私家版,令和4,2022,,,,
,,昔話,都城市,都城市,,,,,,目立った行ないで知られた人の話,	吉川正一,都城西部の民俗と民話 上巻,私家版,令和4,2022,,,,
,,昔話,都城市,都城市,,,,,,自然の植物や景観・地形の話,	吉川正一,都城西部の民俗と民話 上巻,私家版,令和4,2022,,,,
,,昔話,都城市,都城市,,,,,,地域に残る伝統の行事・風習等の話,	吉川正一,都城西部の民俗と民話 上巻,私家版,令和4,2022,,,,
,,昔話,都城市,都城市,,,,,,怖い奇怪な話,	吉川正一,都城西部の民俗と民話 下巻,私家版,令和4,2022,,,,
,,昔話,都城市,都城市,蛇、,,,,,蛇や奇怪な動物の話,	吉川正一,都城西部の民俗と民話 下巻,私家版,令和4,2022,,,,
,,昔話,都城市,都城市,,,,,,目立った行ないで知られた人の話,	吉川正一,都城西部の民俗と民話 下巻,私家版,令和4,2022,,,,
,,昔話,都城市,都城市,,,,,,各地を流れ歩く人々の話,	吉川正一,都城西部の民俗と民話 下巻,私家版,令和4,2022,,,,
,,昔話,都城市,都城市,,,,,,自然の食物を求める人たち　甘味を求める子どもたちの話,	吉川正一,都城西部の民俗と民話 下巻,私家版,令和4,2022,,,,
,,昔話,都城市,都城市,,,,,,キノコ狩りにまつわる話,	吉川正一,都城西部の民俗と民話 下巻,私家版,令和4,2022,,,,
,,昔話,都城市,都城市,,,,,,明観寺にまつわる話,	吉川正一,都城西部の民俗と民話 下巻,私家版,令和4,2022,,,,
,,,都城市,都城市,,,,,,その他いろいろな話,	吉川正一,都城西部の民俗と民話 下巻,私家版,令和4,2022,,,,
１．穴ん谷の竜宮城（川原地区に伝わる民話）,,昔話,木城町,木城町,,,,,,,木城史談クラブ,木城の民話 3,木城ボランティアにぎやかし隊,令和6年,2024,,,,
２．後姿の美女（ふるさと木城の民話）、,,昔話,木城町,木城町,,,,,,,木城史談クラブ,木城の民話 3,木城ボランティアにぎやかし隊,令和6年,2024,,,,
３．行山法師（川原地区に伝わる民話）,,昔話,木城町,木城町,,,,,,,木城史談クラブ,木城の民話 3,木城ボランティアにぎやかし隊,令和6年,2024,,,,
４．かっぱの風呂入り（ふるさと木城の民話）、,,昔話,木城町,木城町,河童、,,,,,,木城史談クラブ,木城の民話 3,木城ボランティアにぎやかし隊,令和6年,2024,,,,
５．朝日輝く夕日のもと（ふるさと木城の民話）,,昔話,木城町,木城町,,,,,,,木城史談クラブ,木城の民話 3,木城ボランティアにぎやかし隊,令和6年,2024,,,,
６．日除牟田（ふるさと木城の民話）,,昔話,木城町,木城町,,,,,,,木城史談クラブ,木城の民話 3,木城ボランティアにぎやかし隊,令和6年,2024,,,,
７．梅姫物語（田神地区に伝わる民話）,,昔話,木城町,木城町,,,,,,,木城史談クラブ,木城の民話 3,木城ボランティアにぎやかし隊,令和6年,2024,,,,
８．姥捨て山物語（ふるさと木城の民話）,,昔話,木城町,木城町,,,,,,,木城史談クラブ,木城の民話 3,木城ボランティアにぎやかし隊,令和6年,2024,,,,
９．足の速いおぼうさん（重木地区に伝わる民話）,,昔話,木城町,木城町,,,,,,,木城史談クラブ,木城の民話 3,木城ボランティアにぎやかし隊,令和6年,2024,,,,
１０．火吹き竹（ふるさと木城の民話）,,昔話,木城町,木城町,,,,,,,木城史談クラブ,木城の民話 3,木城ボランティアにぎやかし隊,令和6年,2024,,,,
１．疫神講のはじまり（中之又民話）、,,昔話,木城町,木城町,,,,,,,木城史談クラブ,木城の民話 4,木城ボランティアにぎやかし隊,令和6年,2024,,,,
２．不思議な神竜（比木地区に伝わる民話）、,,昔話,木城町,木城町,,,,,,,木城史談クラブ,木城の民話 4,木城ボランティアにぎやかし隊,令和6年,2024,,,,
３．山賊矢櫃次郎左衛門一家（石河内地区に伝わる民話）、,,昔話,木城町,木城町,,,,,,,木城史談クラブ,木城の民話 4,木城ボランティアにぎやかし隊,令和6年,2024,,,,
４．常若峰の天狗と大蛇退治（白木八重地区に伝わる民話）、,,昔話,木城町,木城町,蛇、,,,,,,木城史談クラブ,木城の民話 4,木城ボランティアにぎやかし隊,令和6年,2024,,,,
５．千七・千八物語（ふるさと木城の民話）、,,昔話,木城町,木城町,,,,,,,木城史談クラブ,木城の民話 4,木城ボランティアにぎやかし隊,令和6年,2024,,,,
６．断崖の光のなぞ（木城ふる里ばなし）、,,昔話,木城町,木城町,,,,,,,木城史談クラブ,木城の民話 4,木城ボランティアにぎやかし隊,令和6年,2024,,,,
７．しゅじゅん松のキツネ（小丸川流域の昔話）,,昔話,木城町,木城町,,,,,,,木城史談クラブ,木城の民話 4,木城ボランティアにぎやかし隊,令和6年,2024,,,,
８．お日子山の美女（お日子山に伝わる民話）、,,昔話,木城町,木城町,,,,,,,木城史談クラブ,木城の民話 4,木城ボランティアにぎやかし隊,令和6年,2024,,,,
９．石の城ものがたり（ふるさと木城の民話）,,昔話,木城町,木城町,,,,,,,木城史談クラブ,木城の民話 4,木城ボランティアにぎやかし隊,令和6年,2024,,,,
当然の話,,,高千穂町,高千穂町,,,,,,,久田樹生,宮崎怪談,竹書房,令和6年,2024,,,,
山の端,,,高千穂町,高千穂町,,,,,,,久田樹生,宮崎怪談,竹書房,令和6年,2024,,,,
ただいま,,,高千穂町,高千穂町,,,,,,,久田樹生,宮崎怪談,竹書房,令和6年,2024,,,,
おかえり,,,高千穂町,高千穂町,,,,,,,久田樹生,宮崎怪談,竹書房,令和6年,2024,,,,
境,,,高千穂町,高千穂町,,,,,,,久田樹生,宮崎怪談,竹書房,令和6年,2024,,,,
あの家,,,延岡市,延岡市,,,,,,,久田樹生,宮崎怪談,竹書房,令和6年,2024,,,,
理由不明,,,椎葉村,椎葉村,,,,,,,久田樹生,宮崎怪談,竹書房,令和6年,2024,,,,
名所,,,日向市,日向市,,,,,,,久田樹生,宮崎怪談,竹書房,令和6年,2024,,,,
引き金,,,高千穂町,高千穂町,,,,,,,久田樹生,宮崎怪談,竹書房,令和6年,2024,,,,
コラム◎鬼八塚異間,,,高千穂町,高千穂町,,,,,,,久田樹生,宮崎怪談,竹書房,令和6年,2024,,,,
原因,,,宮崎市,宮崎市,,,,,,,久田樹生,宮崎怪談,竹書房,令和6年,2024,,,,
コッコットンネル,,,宮崎市,宮崎市,,,,,,,久田樹生,宮崎怪談,竹書房,令和6年,2024,,,,
アイランド,,,宮崎市,宮崎市,,,,,,,久田樹生,宮崎怪談,竹書房,令和6年,2024,,,,
堀切峠,,,宮崎市,宮崎市,,,,,,,久田樹生,宮崎怪談,竹書房,令和6年,2024,,,,
その日は朝から,,,綾町,綾町,,,,,,,久田樹生,宮崎怪談,竹書房,令和6年,2024,,,,
仏舎利塔,,,宮崎市,宮崎市,,,,,,,久田樹生,宮崎怪談,竹書房,令和6年,2024,,,,
社員寮,,,木城町,木城町,,,,,,,久田樹生,宮崎怪談,竹書房,令和6年,2024,,,,
コラム◎鰐塚山鰐は何処に,,,,,,,,,,,久田樹生,宮崎怪談,竹書房,令和6年,2024,,,,
噂の,,,えびの市,えびの市,,,,,,,久田樹生,宮崎怪談,竹書房,令和6年,2024,,,,
チーズまんじゅう食ぺ比ペ,,,小林市,小林市,,,,,,,久田樹生,宮崎怪談,竹書房,令和6年,2024,,,,
それはそう,,,,県西,,,,,,,久田樹生,宮崎怪談,竹書房,令和6年,2024,,,,
お隣,,,,都城市,,,,,,,久田樹生,宮崎怪談,竹書房,令和6年,2024,,,,
進むもの,,,,都城市他,,,,,,,久田樹生,宮崎怪談,竹書房,令和6年,2024,,,,
あの家　その2,,,,県西,,,,,,,久田樹生,宮崎怪談,竹書房,令和6年,2024,,,,
コラム◎神石露震一閃,,,,,,,,,,,久田樹生,宮崎怪談,竹書房,令和6年,2024,,,,
遊泳禁止区域,,,日南市,日南市,,,,,,,久田樹生,宮崎怪談,竹書房,令和6年,2024,,,,
旧隧道,,,日南市,日南市1三股町,,,,,,,久田樹生,宮崎怪談,竹書房,令和6年,2024,,,,
廃墟群,,,串問市,串問市,,,,,,,久田樹生,宮崎怪談,竹書房,令和6年,2024,,,,
県南のどこかで,,,,県南,,,,,,,久田樹生,宮崎怪談,竹書房,令和6年,2024,,,,
コラム◎玉璧　櫛間王族の謎,,,,,,,,,,,久田樹生,宮崎怪談,竹書房,令和6年,2024,,,,
河童が通った道1 宮崎河童ロードを行く,,,,,河童、,,,,,,久田樹生,宮崎怪談,竹書房,令和6年,2024,,,,
神々の里　宮崎を行くー日向神話を辿る。,,,,,,,,,,,久田樹生,宮崎怪談,竹書房,令和6年,2024,,,,
宮崎怪談、取材同行後記ーパワスポって本当にパワーあるよね。,,,,,,,,,,,久田樹生,宮崎怪談,竹書房,令和6年,2024,,,,
墓を守るー宮崎県取材ノートより,,,,,,,,,,,久田樹生,宮崎怪談,竹書房,令和6年,2024,,,,
宮崎県と怪異,,,,,,,,,,,久田樹生,宮崎怪談,竹書房,令和6年,2024,,,,
網掛観音,,伝説,,,,,,,,,宮崎県小学校研究会編,網掛観音（宮崎県版青空文庫五年）,日本標準,年不明,,,,,
琴塚,,伝説,,,,,,,,,宮崎県小学校研究会編,琴塚（宮崎県版青空文庫五年）,日本標準,年不明,,,,,
,,,,,,,,,,,稲葉三重子・有吉弘行画,宮崎の昔ばなし,横山百貨店,,,,,,
,,,,,,,,,,,,,,,,,,,
,,,,,,,,,比江島重孝,,,"昭和46年4月28日〜「日向こども民話」『宮崎日日新聞』連載開始。
昭和59年2月2日まで675回",,,,,,,
,,,,,,,,,,,,,,,,,,,
,,,,,,,,,,,,,,,,,,,
蜘蛛,,,,都城市，日南市,,,,,田中熊雄,第七章 第四節 葬制：二 霊魂,,宮崎県史 資料編 民俗2,,,,怪異・妖怪伝承データベース,,,
,,,,,,,,,,,,『日本神話・伝説総覧』　宮田登他　人物往来社,,,,,,,
,,,,,,,,,,,,『五ヶ瀬町史』　五ヶ瀬町　第一法規,,,,,,,
,,,,,,,,,,,,『椎葉村史』　椎葉村　下田印刷,,,,,,,
,,,,,,,,,,,,『高千穂町史』　高千穂町,,,,,,,
,,,,,,,,,,,,『瓜生野倉岡郷土史』　瓜生野倉岡郷土史編集委員会,,,,,,,
,,,,,,,,,,,,『国富町史』　坂本貞義　国富町,,,,,,,
,,,,,,,,,,,,『新富町史』　新富町　第一法規,,,,,,,
,,,,,,,,,,,,『諸塚村史』　諸塚村,,,,,,,
,,,,,,,,,,,,『宮崎の神話伝承』　甲斐亮典　鉱脈社,,,,,,,
,,,,,,,,,,,,『師走祭り』　南郷村教育委員会　南郷村,,,,,,,
,,,,,,,,,,,,『ひむか神話街道５０の物語集』　宮崎県観光推進課,,,,,,,
,,,,,,,,,,,,『みやざき観光・文化検定公式テキスト』宮日文化情報センター,,,,,,,
鳥の知恵（とりのちえ）,,,,,,,,,,宮崎県の昔話,総監修：六渡　邦昭,民話の部屋,企画・制作・放送：東京テレホン放送,,,語り：井上　瑤／平辻　朝子,,,
ながし、みじかし,,,,,,,,,,宮崎県の昔話,総監修：六渡　邦昭,民話の部屋,企画・制作・放送：東京テレホン放送,,,語り：井上　瑤／平辻　朝子,,,
こればあさん　笠賃よ（こればあさん　かさちんよ）,,,,,,,,,,宮崎県の昔話,総監修：六渡　邦昭,民話の部屋,企画・制作・放送：東京テレホン放送,,,語り：井上　瑤／平辻　朝子,,,
猪狩り正右衛門（ししがりしょうえもん）,,,,,,,,,,宮崎県の昔話,総監修：六渡　邦昭,民話の部屋,企画・制作・放送：東京テレホン放送,,,語り：井上　瑤／平辻　朝子,,,
バカ聟に梅と鶯（ばかむこにうめとうぐいす）,,,,,,,,,,宮崎県の昔話,総監修：六渡　邦昭,民話の部屋,企画・制作・放送：東京テレホン放送,,,語り：井上　瑤／平辻　朝子,,,
とくぞすの使い（とくぞすのつかい）,,,,,,,,,,宮崎県の昔話,総監修：六渡　邦昭,民話の部屋,企画・制作・放送：東京テレホン放送,,,語り：井上　瑤／平辻　朝子,,,
狐の嫁入り（きつねのよめいり）,,,,,,,,,,宮崎県の昔話,総監修：六渡　邦昭,民話の部屋,企画・制作・放送：東京テレホン放送,,,語り：井上　瑤／平辻　朝子,,,
竜宮のお礼（りゅうぐうのおれい）,,,,,,,,,,宮崎県の昔話,総監修：六渡　邦昭,民話の部屋,企画・制作・放送：東京テレホン放送,,,語り：井上　瑤／平辻　朝子,,,
半ぴどんと外記どん（はんぴどんとげきどん）,,,,,,,,,,宮崎県の昔話,総監修：六渡　邦昭,民話の部屋,企画・制作・放送：東京テレホン放送,,,語り：井上　瑤／平辻　朝子,,,
母狐（ははぎつね）,,,,,,,,,,宮崎県の昔話,総監修：六渡　邦昭,民話の部屋,企画・制作・放送：東京テレホン放送,,,語り：井上　瑤／平辻　朝子,,,
米問屋の御礼（こめどんやのおんれい）,,,,,,,,,,宮崎県の昔話,総監修：六渡　邦昭,民話の部屋,企画・制作・放送：東京テレホン放送,,,語り：井上　瑤／平辻　朝子,,,
天狗さまの鼻はなぜ赤い（てんぐさまのはなはなぜあかい）,,,,,,,,,,宮崎県の昔話,総監修：六渡　邦昭,民話の部屋,企画・制作・放送：東京テレホン放送,,,語り：井上　瑤／平辻　朝子,,,
米良の上漆（めらのじょううるし）,,,,,,,,,,宮崎県の昔話,総監修：六渡　邦昭,民話の部屋,企画・制作・放送：東京テレホン放送,,,語り：井上　瑤／平辻　朝子,,,
河童岩（かっぱいわ）,,,,,,,,,,宮崎県の昔話,総監修：六渡　邦昭,民話の部屋,企画・制作・放送：東京テレホン放送,,,語り：井上　瑤／平辻　朝子,,,
金色のとび,,,,,,,,,,宮崎県,,「都道府県巡り」,,,,,,,
生きている竜,,,,,,,,,,宮崎県,,「都道府県巡り」,,,,,,,
洪水から村をすくった若者,,,,,,,,,,宮崎県,,「都道府県巡り」,,,,,,,
カッパ岩,,,,,,,,,,宮崎県,,「都道府県巡り」,,,,,,,
米問屋のお礼,,,,,,,,,,宮崎県,,「都道府県巡り」,,,,,,,
夢買い長者,,,,,,,,,,宮崎県,,「都道府県巡り」,,,,,,,
てんぐの鼻が高いわけ,,,,,,,,,,宮崎県,,「都道府県巡り」,,,,,,,
一枚のうろこ,,,,,,,,,,宮崎県,,「都道府県巡り」,,,,,,,
じゃぶちの生（き）うるし,,,,,,,,,,,,みやざきのむかしばなし,みやざき　ひむか学ネット,,,,,,
やごろうどん,,,,,,,,,,,,みやざきのむかしばなし,みやざき　ひむか学ネット,,,,,,
あまのいわやと,,,,,,,,,,,,みやざきのむかしばなし,みやざき　ひむか学ネット,,,,,,
冷や汁婆ちゃん（宮崎県）,,,,,,,,,,,,ふるさと　日本の昔ばなし　決定版　郷土名作　九州・沖縄,コロンビアレコード,令和6年,2024,DVD,,,
,,,,,,,,,,,,,,,,,,,
,,,,,,,,,,,,,,,,,,,
,,,,,,,,,,,,,,,,,,,
,,,,,,,,,,,,,,,,,,,
ミナどん　ミナどん,,,,不明,,不明,比江島重孝,,比江島重孝,日向こども民話1,,宮崎日日新聞、昭和43年4月28日,宮崎日日新聞,昭和43年,1968,,,,絵：川越弥録
すいつこ　すいつこ,,,,不明,,不明,比江島重孝,,比江島重孝,日向こども民話2,,宮崎日日新聞、昭和43年5月5日,宮崎日日新聞,昭和43年,1968,,,,絵：川越弥録
猿になってちいたげな,,,,不明,,不明,比江島重孝,,比江島重孝,日向こども民話3,,宮崎日日新聞、昭和43年5月26日,宮崎日日新聞,昭和43年,1968,,,,絵：川越弥録
かりこ坊のたたり,,,,米良地方,,不明,比江島重孝,,比江島重孝,日向こども民話4,,宮崎日日新聞、昭和43年6月2日,宮崎日日新聞,昭和43年,1968,,,,絵：川越弥録
美しい娘はキツネどん,,,,西都市、佐土原町,,不明,比江島重孝,,比江島重孝,日向こども民話5,,宮崎日日新聞、昭和43年6月9日,宮崎日日新聞,昭和43年,1968,,,,絵：川越弥録
はかの一心（西都市）,,,,西都市南方島内村,,田中正一,比江島重孝,,比江島重孝,日向こども民話6,,宮崎日日新聞、昭和43年6月16日,宮崎日日新聞,昭和43年,1968,,,,絵：川越弥録
あぶらにけんそ（清武町）,,,,清武町南加納,,石川吉五郎,比江島重孝,,比江島重孝,日向こども民話7,,宮崎日日新聞、昭和43年6月23日,宮崎日日新聞,昭和43年,1968,,,,絵：川越弥録
鳥のきき耳（佐土原町）,,,,佐土原町平小牧,,永野伊作,比江島重孝,,比江島重孝,日向こども民話8,,宮崎日日新聞、昭和43年7月8日,宮崎日日新聞,昭和43年,1968,,,,絵：川越弥録
海の水はなぜ塩からい（西都市）,,,,西都市穂北囲,,西原ハツ,比江島重孝,,比江島重孝,日向こども民話9,,宮崎日日新聞、昭和43年8月4日,宮崎日日新聞,昭和43年,1968,,,,絵：川越弥録
馬のしりにおふだ（佐土原町）,,,,佐土原町平小牧,,永野伊作,比江島重孝,,比江島重孝,日向こども民話10,,宮崎日日新聞、昭和43年8月11日,宮崎日日新聞,昭和43年,1968,,,,絵：川越弥録
手なし女（西都市西原ハツ）,,,,西都市穂北囲,,西原ハツ,比江島重孝,,比江島重孝,日向こども民話11,,宮崎日日新聞、昭和43年8月19日,宮崎日日新聞,昭和43年,1968,,,,絵：川越弥録
半びどんのやくばらい（西都市）,,,,西都市清水,,金丸正義,比江島重孝,,比江島重孝,日向こども民話12,,宮崎日日新聞、昭和43年8月26日,宮崎日日新聞,昭和43年,1968,,,,絵：川越弥録
サルどん　ごめんや,,,,西都市穂北囲,,西原ハツ,比江島重孝,,比江島重孝,日向こども民話13,,宮崎日日新聞、昭和43年9月1日,宮崎日日新聞,昭和43年,1968,,,,絵：川越弥録
三星さま,,,,西都市清水,,松浦シゲノ,比江島重孝,,比江島重孝,日向こども民話14,,宮崎日日新聞、昭和43年9月8日,宮崎日日新聞,昭和43年,1968,,,,絵：川越弥録
ええ　かん,,,,西都市穂北囲,,西原ハツ,比江島重孝,,比江島重孝,日向こども民話15,,宮崎日日新聞、昭和43年9月16日,宮崎日日新聞,昭和43年,1968,,,,絵：川越弥録
七つの金つぼ,,,,西都市穂北囲,,西原ハツ,比江島重孝,,比江島重孝,日向こども民話16,,宮崎日日新聞、昭和43年9月21日,宮崎日日新聞,昭和43年,1968,,,,絵：川越弥録
伊勢みやげ,,,,佐土原町平小牧,,永野伊作,比江島重孝,,比江島重孝,日向こども民話17,,宮崎日日新聞、昭和43年10月7日,宮崎日日新聞,昭和43年,1968,,,,絵：川越弥録
明け六つ暮れ六つ,,,,西都市穂北囲,,西原ハツ,比江島重孝,,比江島重孝,日向こども民話18,第18回(1968.10.12.),宮崎日日新聞、昭和43年10月12日,宮崎日日新聞,昭和43年,1968,,,,絵：川越弥録
赤はげキツネ,,,,西都市杉安,,緒方正三郎,比江島重孝,,比江島重孝,日向こども民話19,第19回(1968.10.21.),宮崎日日新聞、昭和43年10月21日,宮崎日日新聞,昭和43年,1968,,,,絵：川越弥録
カモとり半ぴどん,,,,佐土原町平小牧,,永野伊作,比江島重孝,,比江島重孝,日向こども民話20,第20回(1968.10.27.)★,宮崎日日新聞、昭和43年10月27日,宮崎日日新聞,昭和43年,1968,,,,絵：川越弥録
スリコギのおばけ,,,,西都市穂北囲,,西原ハツ,比江島重孝,,比江島重孝,日向こども民話21,第21回(1968.11.11.),宮崎日日新聞、昭和43年11月11日,宮崎日日新聞,昭和43年,1968,,,,絵：川越弥録
椎の実ひろい,,,,佐土原町平小牧,,日野フミエ,比江島重孝,,比江島重孝,日向こども民話22,第22回(1968.11.17.)★,宮崎日日新聞、昭和43年11月17日,宮崎日日新聞,昭和43年,1968,,,,絵：川越弥録
ふしぎな牛,,,,西都市穂北囲,,西原ハツ,比江島重孝,,比江島重孝,日向こども民話23,第23回(1968.11.24.)？？？,宮崎日日新聞、昭和43年11月24日,宮崎日日新聞,昭和43年,1968,,,,絵：川越弥録
せんサラや,,,,西都市穂北囲,,西原ハツ,比江島重孝,,比江島重孝,日向こども民話24,第24回(1968.12.7.),宮崎日日新聞、昭和43年12月7日,宮崎日日新聞,昭和43年,1968,,,,絵：川越弥録
まめ米ぶんぶん,,,,西都市杉安,,緒方正三郎,比江島重孝,,比江島重孝,日向こども民話25,第25回(1968.12.21.),宮崎日日新聞、昭和43年12月21日,宮崎日日新聞,昭和43年,1968,,,,絵：川越弥録
うめにウグイス,,,,佐土原町平小牧,,永野伊作,比江島重孝,,比江島重孝,日向こども民話26,第26回(1968.12.28.)★,宮崎日日新聞、昭和43年12月28日,宮崎日日新聞,昭和43年,1968,,,,絵：川越弥録
山の家,,,,西都市穂北囲,,西原ハツ,比江島重孝,,比江島重孝,日向こども民話27,第27回(1969.1.12.),宮崎日日新聞、昭和44年1月12日,宮崎日日新聞,昭和44年,1969,,,,絵：川越弥録
三年ね太郎,,,,西都市穂北囲,,西原ハツ,比江島重孝,,比江島重孝,日向こども民話28,第28回(1969.1.18.),宮崎日日新聞、昭和44年1月18日,宮崎日日新聞,昭和44年,1969,,,,絵：川越弥録
もちと酒,,,,西都市穂北囲,,西原ハツ,比江島重孝,,比江島重孝,日向こども民話29,第29回(1969.1.24.),宮崎日日新聞、昭和44年1月24日,宮崎日日新聞,昭和44年,1969,,,,絵：川越弥録
ウリ子ひめ,,,,西都市島内村,,安藤四万蔵,比江島重孝,,比江島重孝,日向こども民話30,第30回(1969.2.1.,宮崎日日新聞、昭和44年2月1日,宮崎日日新聞,昭和44年,1969,,,,絵：川越弥録
金のわの大蛇,,,,西都市島内村,,田中正一,比江島重孝,,比江島重孝,日向こども民話31,第31回(1969.2.10.),宮崎日日新聞、昭和44年2月10日,宮崎日日新聞,昭和44年,1969,,,,絵：川越弥録
炭やき小五郎,,,,佐土原町平小牧,,永野伊作,比江島重孝,,比江島重孝,日向こども民話32,第32回(1969.2.15.),宮崎日日新聞、昭和44年2月15日,宮崎日日新聞,昭和44年,1969,,,,絵：川越弥録
ぼんぼら茶,,,,西都市穂北囲,,西原ハツ,比江島重孝,,比江島重孝,日向こども民話33,第33回(1968.2.24.),宮崎日日新聞、昭和44年2月24日,宮崎日日新聞,昭和44年,1969,,,,絵：川越弥録
狩人の話,,,,西都市穂北囲,,西原ハツ,比江島重孝,,比江島重孝,日向こども民話34,第34回(1969.3.2.),宮崎日日新聞、昭和44年3月2日,宮崎日日新聞,昭和44年,1969,,,,絵：川越弥録
おなめの牛,,,,西都市穂北囲,,西原ハツ,比江島重孝,,比江島重孝,日向こども民話35,第35回(1969.3.8.),宮崎日日新聞、昭和44年3月8日,宮崎日日新聞,昭和44年,1969,,,,絵：川越弥録
大きなハラの虫,,,,佐土原町平小牧,,永野伊作,比江島重孝,,比江島重孝,日向こども民話36,第36回(1969.3.15.)★,宮崎日日新聞、昭和44年3月15日,宮崎日日新聞,昭和44年,1969,,,,絵：川越弥録
七ばけ八ばけ,,,,佐土原町平小牧,,永野伊作,比江島重孝,,比江島重孝,日向こども民話37,第37回(1969.3.23.)★,宮崎日日新聞、昭和44年3月23日,宮崎日日新聞,昭和44年,1969,,,,絵：川越弥録
ふろたき五郎,,,,西都市杉安,,緒方正三郎,比江島重孝,,比江島重孝,日向こども民話38,第38回(1969.3.28.),宮崎日日新聞、昭和44年3月28日,宮崎日日新聞,昭和44年,1969,,,,絵：川越弥録
朝ねん福の神,,,,西都市穂北囲,,西原ハツ,比江島重孝,,比江島重孝,日向こども民話39,第39回(1969.4.7.),宮崎日日新聞、昭和44年4月7日,宮崎日日新聞,昭和44年,1969,,,,絵：川越弥録
２度栗,,,,西都市穂北囲,,西原ハツ,比江島重孝,,比江島重孝,日向こども民話40,第40回(1969.4.13.),宮崎日日新聞、昭和44年4月13日,宮崎日日新聞,昭和44年,1969,,,,絵：川越弥録
よくのクマダカ,,,,佐土原町平小牧,,永野伊作,比江島重孝,,比江島重孝,日向こども民話41,第41回(1969.4.21.)★,宮崎日日新聞、昭和44年4月21日,宮崎日日新聞,昭和44年,1969,,,,絵：川越弥録
ハンぱっぱ,,,,西都市穂北囲,,西原ハツ,比江島重孝,,比江島重孝,日向こども民話42,第42回(1969.5.4.),宮崎日日新聞、昭和44年5月4日,宮崎日日新聞,昭和43年,1968,,,,絵：川越弥録
ひらくびのタヌキ,,,,西都市山城,,恒松虎光,比江島重孝,,比江島重孝,日向こども民話43,第43回(1969.5.18.),宮崎日日新聞、昭和44年5月18日,宮崎日日新聞,昭和43年,1968,,,,絵：川越弥録
白坂のおユキ,,,,西都市山城,,恒松虎光,比江島重孝,,比江島重孝,日向こども民話44,第44回(1969.5.26.),宮崎日日新聞、昭和44年5月26日,宮崎日日新聞,昭和43年,1968,,,,絵：川越弥録
火のくるま,,,,西都市穂北囲,,西原ハツ,比江島重孝,,比江島重孝,日向こども民話45,第45回(1969.6.2.),宮崎日日新聞、昭和44年6月2日,宮崎日日新聞,昭和43年,1968,,,,絵：川越弥録
すね子太郎,,,,西都市穂北囲,,西原ハツ,比江島重孝,,比江島重孝,日向こども民話46,第46回(1969.6.9.),宮崎日日新聞、昭和44年6月9日,宮崎日日新聞,昭和43年,1968,,,,絵：川越弥録
ゆりわか大臣,,,,西都市穂北囲,,西原ハツ,比江島重孝,,比江島重孝,日向こども民話47,第47回(1969.6.15.),宮崎日日新聞、昭和44年6月15日,宮崎日日新聞,昭和43年,1968,,,,絵：川越弥録
はげねばいいが,,,,佐土原町平小牧,,永野伊作,比江島重孝,,比江島重孝,日向こども民話48,第48回(1969.6.22.)★,宮崎日日新聞、昭和44年6月22日,宮崎日日新聞,昭和43年,1968,,,,絵：川越弥録
サルどんカニどん,,,,西都市穂北串木,,図師元見,比江島重孝,,比江島重孝,日向こども民話49,第49回(1969.7.21.),宮崎日日新聞、昭和44年7月21日,宮崎日日新聞,昭和43年,1968,,,,絵：川越弥録
およしのハカ,,,,西都市南方、椿原,,黒木三十三,比江島重孝,,比江島重孝,日向こども民話50,第50回(1969.8.4.),宮崎日日新聞、昭和44年8月4日,宮崎日日新聞,昭和43年,1968,,,,絵：川越弥録
くわずのイモ,,,,西都市島内村,,田中正一,比江島重孝,,比江島重孝,日向こども民話51,第51回(1969.8.25.),宮崎日日新聞、昭和44年8月25日,宮崎日日新聞,昭和43年,1968,,,,絵：川越弥録
ちんちくりん,,,,西都市穂北囲,,西原ハツ,比江島重孝,,比江島重孝,日向こども民話52,第52回(1969.9.8.),宮崎日日新聞、昭和44年9月8日,宮崎日日新聞,昭和43年,1968,,,,絵：川越弥録
伊谷のタヌキ,,,,西都市島内村,,田中正一,比江島重孝,,比江島重孝,日向こども民話53,第53回(1969.9.13.),宮崎日日新聞、昭和44年9月13日,宮崎日日新聞,昭和43年,1968,,,,絵：川越弥録
モズとホトトギス,,,,西都市穂北囲,,西原ハツ,比江島重孝,,比江島重孝,日向こども民話54,第54回(1969.9.22.),宮崎日日新聞、昭和44年9月22日,宮崎日日新聞,昭和43年,1968,,,,絵：川越弥録
おくり,,,,西都市穂北囲,,西原ハツ,比江島重孝,,比江島重孝,日向こども民話55,第55回(1969.10.5.),宮崎日日新聞、昭和44年10月5日,宮崎日日新聞,昭和43年,1968,,,,絵：川越弥録
ながいわらじ,,,,西都市穂北串木,,新名常吉,比江島重孝,,比江島重孝,日向こども民話56,第56回(1969.10.13.),宮崎日日新聞、昭和44年10月13日,宮崎日日新聞,昭和43年,1968,,,,絵：川越弥録
ビキやらギメやら,,,,西都市穂北囲,,西原ハツ,比江島重孝,,比江島重孝,日向こども民話57,第57回(1969.10.19.),宮崎日日新聞、昭和44年10月19日,宮崎日日新聞,昭和43年,1968,,,,絵：川越弥録
タライ,,,,西都市尾八重打越,,中武清太郎,比江島重孝,,比江島重孝,日向こども民話58,第58回(1969.11.2.),宮崎日日新聞、昭和44年11月2日,宮崎日日新聞,昭和43年,1968,,,,絵：川越弥録
じい、おるか,,,,佐土原町広瀬平小牧,,永野伊作,比江島重孝,,比江島重孝,日向こども民話59,第59回(1969.11.9.)★,宮崎日日新聞、昭和44年11月9日,宮崎日日新聞,昭和43年,1968,,,,絵：川越弥録
だんご、やれまで,,,,佐土原町広瀬平小牧,,永野伊作,比江島重孝,,比江島重孝,日向こども民話60,第60回(1969.11.16.)★,宮崎日日新聞、昭和44年11月16日,宮崎日日新聞,昭和43年,1968,,,,絵：川越弥録
とっちんからりん,,,,宮崎市吉村町上西十,,野中三郎,比江島重孝,,比江島重孝,日向こども民話61,第61回(1969.11.23.)★,宮崎日日新聞、昭和44年11月23日,宮崎日日新聞,昭和43年,1968,,,,絵：川越弥録
金のなる木,,,,宮崎市吉村町上西十,,野中三郎,比江島重孝,,比江島重孝,日向こども民話62,第62回(1969.11.30.)★,宮崎日日新聞、昭和44年11月30日,宮崎日日新聞,昭和43年,1968,,,,絵：川越弥録
ワクドの恩がえし,,,,西都市穂北囲,,西原ハツ,比江島重孝,,比江島重孝,日向こども民話63,第63回(1969.12.7.),宮崎日日新聞、昭和44年12月7日,宮崎日日新聞,昭和43年,1968,,,,絵：川越弥録
犬はなせ目をさます,,,,西都市穂北囲,,西原ハツ,比江島重孝,,比江島重孝,日向こども民話64,第64回(1969.12.14.),宮崎日日新聞、昭和44年12月14日,宮崎日日新聞,昭和43年,1968,,,,絵：川越弥録
人マネすんな,,,,西都市穂北囲,,西原ハツ,比江島重孝,,比江島重孝,日向こども民話65,第65回(1969.12.21.),宮崎日日新聞、昭和44年12月21日,宮崎日日新聞,昭和43年,1968,,,,絵：川越弥録
カラのす,,,,西都市穂北囲,,西原ハツ,比江島重孝,,比江島重孝,日向こども民話66,第66回(1969.12.28.),宮崎日日新聞、昭和44年12月28日,宮崎日日新聞,昭和43年,1968,,,,絵：川越弥録
地蔵とばあさん,,,,西都市穂北囲,,西原ハツ,比江島重孝,,比江島重孝,日向こども民話67,第67回(1970.1.11.).pdf,宮崎日日新聞、昭和45年1月11日,宮崎日日新聞,昭和43年,1968,,,,絵：川越弥録
死んでおわびせにゃ,,,,西都市杉安,,緒方正三郎,比江島重孝,,比江島重孝,日向こども民話68,第68回(1970.1.18.).pdf,宮崎日日新聞、昭和45年1月18日,宮崎日日新聞,昭和43年,1968,,,,絵：川越弥録
無言ぐら,,,,西都市清水,,松浦久義,比江島重孝,,比江島重孝,日向こども民話69,第69回(1970.1.25.).pdf,宮崎日日新聞、昭和45年1月25日,宮崎日日新聞,昭和43年,1968,,,,絵：川越弥録
ヤスリ,,,,西都市穂北串木,,新名常吉,比江島重孝,,比江島重孝,日向こども民話70,第70回(1970.2.1.).pdf,宮崎日日新聞、昭和45年2月1日,宮崎日日新聞,昭和43年,1968,,,,絵：川越弥録
土が入ったら,,,,西都市穂北串木,,新名常吉,比江島重孝,,比江島重孝,日向こども民話71,第71回(1970.2.8.).pdf,宮崎日日新聞、昭和45年2月8日,宮崎日日新聞,昭和43年,1968,,,,絵：川越弥録
ミミズは土食よ,,,,西都市穂北囲,,西原ハツ,比江島重孝,,比江島重孝,日向こども民話72,第72回(1970.2.15.).pdf,宮崎日日新聞、昭和45年2月15日,宮崎日日新聞,昭和43年,1968,,,,絵：川越弥録
百年　年ぷ,,,,佐土原町広瀬平小牧,,永野伊作,比江島重孝,,比江島重孝,日向こども民話73,第73回(1970.2.22.)★.pdf,宮崎日日新聞、昭和45年2月22日,宮崎日日新聞,昭和43年,1968,,,,絵：川越弥録
しばりまくら,,,,佐土原町広瀬平小牧,,永野伊作,比江島重孝,,比江島重孝,日向こども民話74,第74回(1970.3.1.)★.pdf,宮崎日日新聞、昭和45年3月1日,宮崎日日新聞,昭和43年,1968,,,,絵：川越弥録
べろだしほんぞん,,,,西都市穂北囲,,西原ハツ,比江島重孝,,比江島重孝,日向こども民話75,第75回(1970.3.8.).pdf,宮崎日日新聞、昭和45年3月8日,宮崎日日新聞,昭和43年,1968,,,,絵：川越弥録
ふくろどん,,,,佐土原町広瀬平小牧,,永野伊作,比江島重孝,,比江島重孝,日向こども民話76,第76回(1970.3.15.)★.pdf,宮崎日日新聞、昭和45年3月15日,宮崎日日新聞,昭和43年,1968,,,,絵：川越弥録
いなかもん,,,,西都市穂北囲,,西原ハツ,比江島重孝,,比江島重孝,日向こども民話77,第77回(1970.3.22.).pdf,宮崎日日新聞、昭和45年3月22日,宮崎日日新聞,昭和43年,1968,,,,絵：川越弥録
はらワン,,,宮崎市,清武町南加納,,石山吉五郎,比江島重孝,,比江島重孝,日向こども民話78,第78回(1970.3.29.)★.pdf,宮崎日日新聞、昭和45年3月29日,宮崎日日新聞,昭和43年,1968,,,,絵：川越弥録
じゅう箱ばば,,,,宮崎市吉村町,,押川通顕,比江島重孝,,比江島重孝,日向こども民話79,第79回(1970.4.5.)★.pdf,宮崎日日新聞、昭和45年4月5日,宮崎日日新聞,昭和43年,1968,,,,絵：川越弥録
サバ大師,,,,宮崎市吉村町,,石川ウタ,比江島重孝,,比江島重孝,日向こども民話80,第80回(1970.4.12.)★.pdf,宮崎日日新聞、昭和45年4月12日,宮崎日日新聞,昭和43年,1968,,,,絵：川越弥録
ふしぎなカマス,,,,西都市穂北囲,,西原ハツ,比江島重孝,,比江島重孝,日向こども民話81,第81回(1970.4.19.).pdf,宮崎日日新聞、昭和45年4月19日,宮崎日日新聞,昭和43年,1968,,,,絵：川越弥録
千石船のユメ,,,,宮崎市小戸町,,益田栄蔵,比江島重孝,,比江島重孝,日向こども民話82,第82回(1970.4.26.)★.pdf,宮崎日日新聞、昭和45年4月26日,宮崎日日新聞,昭和43年,1968,,,,絵：川越弥録
これはなんどり,,,,佐土原町広瀬新町,,遠藤才次郎,比江島重孝,,比江島重孝,日向こども民話83,第83回(1970.5.3.)★.pdf,宮崎日日新聞、昭和45年5月3日,宮崎日日新聞,昭和43年,1968,,,,絵：川越弥録
きつねのごてん,,,,佐土原町広瀬新町,,遠藤才次郎,比江島重孝,,比江島重孝,日向こども民話84,第84回(1970.5.10.)★.pdf,宮崎日日新聞、昭和45年5月10日,宮崎日日新聞,昭和43年,1968,,,,絵：川越弥録
バカな男,,,,佐土原町広瀬新町,,遠藤才次郎,比江島重孝,,比江島重孝,日向こども民話85,第85回(1970.5.17.)★.pdf,宮崎日日新聞、昭和45年5月17日,宮崎日日新聞,昭和43年,1968,,,,絵：川越弥録
二五じゅう,,,,佐土原町広瀬新町,,遠藤才次郎,比江島重孝,,比江島重孝,日向こども民話86,第86回(1970.5.24.)★.pdf,宮崎日日新聞、昭和45年5月24日,宮崎日日新聞,昭和43年,1968,,,,絵：川越弥録
ほうきのかみ,,,,佐土原町広瀬新町,,遠藤才次郎,比江島重孝,,比江島重孝,日向こども民話87,第87回(1970.5.31.)★.pdf,宮崎日日新聞、昭和45年5月31日,宮崎日日新聞,昭和43年,1968,,,,絵：川越弥録
ふくれん坊,,,,佐土原町広瀬新町,,遠藤才次郎,比江島重孝,,比江島重孝,日向こども民話88,第88回(1970.6.7.)★.pdf,宮崎日日新聞、昭和45年6月7日,宮崎日日新聞,昭和43年,1968,,,,絵：川越弥録
トンカトンカ,,,,西都市穂北囲,,西原ハツ,比江島重孝,,比江島重孝,日向こども民話89,第89回(1970.6.14.).pdf,宮崎日日新聞、昭和45年6月14日,宮崎日日新聞,昭和43年,1968,,,,絵：川越弥録
水神さま,,,,西都市穂北東原,,長友宗義,比江島重孝,,比江島重孝,日向こども民話90,第90回(1970.6.21.).pdf,宮崎日日新聞、昭和45年6月21日,宮崎日日新聞,昭和43年,1968,,,,絵：川越弥録
出会いの峠,,,,西都市穂北囲,,西原ハツ,比江島重孝,,比江島重孝,日向こども民話91,第91回(1970.6.28.).pdf,宮崎日日新聞、昭和45年6月28日,宮崎日日新聞,昭和43年,1968,,,,絵：川越弥録
灰坊太郎,,,,西都市穂北囲,,西原ハツ,比江島重孝,,比江島重孝,日向こども民話92,第92回(1970.7.5.).pdf,宮崎日日新聞、昭和45年7月5日,宮崎日日新聞,昭和43年,1968,,,,絵：川越弥録
ごんべえのタネまき,,,,西都市穂北囲,,西原ハツ,比江島重孝,,比江島重孝,日向こども民話93,第93回(1970.7.12.).pdf,宮崎日日新聞、昭和45年7月12日,宮崎日日新聞,昭和43年,1968,,,,絵：川越弥録
弥太郎ぎつね,,,,宮崎市吉村町上西十,,野中三郎,比江島重孝,,比江島重孝,日向こども民話94,第94回(1970.7.26.)★.pdf,宮崎日日新聞、昭和45年7月26日,宮崎日日新聞,昭和43年,1968,,,,絵：川越弥録
徳利ぬけ,,,,西都市石貫,,横川首,比江島重孝,,比江島重孝,日向こども民話95,第95回(1970.8.2.).pdf,宮崎日日新聞、昭和45年8月2日,宮崎日日新聞,昭和43年,1968,,,,絵：川越弥録
鬼の岩屋,,,,西都市石貫,,横川首,比江島重孝,,比江島重孝,日向こども民話96,第96回(1970.8.9.).pdf,宮崎日日新聞、昭和45年8月9日,宮崎日日新聞,昭和43年,1968,,,,絵：川越弥録
千代の松竹,,,,西都市穂北囲,,西原ハツ,比江島重孝,,比江島重孝,日向こども民話97,第97回(1970.8.16.).pdf,宮崎日日新聞、昭和45年8月16日,宮崎日日新聞,昭和43年,1968,,,,絵：川越弥録
ひょいとこせ,,,,佐土原町広瀬新町,,遠藤才次郎,比江島重孝,,比江島重孝,日向こども民話98,第98回(1970.8.23.)★.pdf,宮崎日日新聞、昭和45年8月23日,宮崎日日新聞,昭和43年,1968,,,,絵：川越弥録
茶のみ,,,,西米良村村所,,佐藤清一,比江島重孝,,比江島重孝,日向こども民話99,第99回(1970.8.30.).pdf,宮崎日日新聞、昭和45年8月30日,宮崎日日新聞,昭和43年,1968,,,,絵：川越弥録
田はあるぞ,,,,西米良村村所,,佐藤清一,比江島重孝,,比江島重孝,日向こども民話100,第100回(1970.9.6.).pdf,宮崎日日新聞、昭和45年9月6日,宮崎日日新聞,昭和43年,1968,,,,絵：川越弥録
タカのはかまいり,,,,西都市椎原,,比江島菊次,比江島重孝,,比江島重孝,日向こども民話101,第101回(1970.9.13.).pdf,宮崎日日新聞、昭和45年9月13日,宮崎日日新聞,昭和43年,1968,,,,絵：川越弥録
ぼたもちばかり,,,,佐土原町広瀬新町,,大久保源右衛門,比江島重孝,,比江島重孝,日向こども民話102,第102回(1970.9.20.)★.pdf,宮崎日日新聞、昭和45年9月20日,宮崎日日新聞,昭和43年,1968,,,,絵：川越弥録
おしみ木,,,,西都市椎原,,比江島菊次,比江島重孝,,比江島重孝,日向こども民話103,第103回(1970.9.27.).pdf,宮崎日日新聞、昭和45年9月27日,宮崎日日新聞,昭和43年,1968,,,,絵：川越弥録
てんぐ松,,,,西都市穂北囲,,西原ハツ,比江島重孝,,比江島重孝,日向こども民話104,第104回(1970.10.4.).pdf,宮崎日日新聞、昭和45年10月4日,宮崎日日新聞,昭和43年,1968,,,,絵：川越弥録
くれないの花,,,,佐土原町広瀬新町,,遠藤才次郎,比江島重孝,,比江島重孝,日向こども民話105,第105回(1970.10.11.)★.pdf,宮崎日日新聞、昭和45年10月11日,宮崎日日新聞,昭和43年,1968,,,,絵：川越弥録
イワシのびんた,,,,西都市穂北囲,,西原ハツ,比江島重孝,,比江島重孝,日向こども民話106,第106回(1970.10.18.).pdf,宮崎日日新聞、昭和45年10月18日,宮崎日日新聞,昭和43年,1968,,,,絵：川越弥録
うたよみばなし,,,,西都市穂北囲,,西原ハツ,比江島重孝,,比江島重孝,日向こども民話107,第107回(1970.10.25.).pdf,宮崎日日新聞、昭和45年10月25日,宮崎日日新聞,昭和43年,1968,,,,絵：川越弥録
日やけまめなら,,,,西都市穂北囲,,西原ハツ,比江島重孝,,比江島重孝,日向こども民話108,第108回(1970.11.1.).pdf,宮崎日日新聞、昭和45年11月1日,宮崎日日新聞,昭和43年,1968,,,,絵：川越弥録
そりゃウソじゃ,,,,佐土原町広瀬新町,,遠藤才次郎,比江島重孝,,比江島重孝,日向こども民話109,第109回(1970.11.8.)★.pdf,宮崎日日新聞、昭和45年11月8日,宮崎日日新聞,昭和43年,1968,,,,絵：川越弥録
ぬたまちのへんげもの,,,,西都市穂北囲,,西原ハツ,比江島重孝,,比江島重孝,日向こども民話110,第110回(1970.11.15.).pdf,宮崎日日新聞、昭和45年11月15日,宮崎日日新聞,昭和43年,1968,,,,絵：川越弥録
ビキのずし,,,,佐土原町広瀬松小路,,関屋亀蔵,比江島重孝,,比江島重孝,日向こども民話111,第111回(1970.11.22.)★.pdf,宮崎日日新聞、昭和45年11月22日,宮崎日日新聞,昭和43年,1968,,,,絵：川越弥録
まくらのべんとう,,,,佐土原町広瀬松小路,,関屋亀蔵,比江島重孝,,比江島重孝,日向こども民話112,第112回(1970.11.29.)★.pdf,宮崎日日新聞、昭和45年11月29日,宮崎日日新聞,昭和43年,1968,,,,絵：川越弥録
福助さん,,,,西都市穂北椎原,,比江島菊次,比江島重孝,,比江島重孝,日向こども民話113,第113回(1970.12.6.).pdf,宮崎日日新聞、昭和45年12月6日,宮崎日日新聞,昭和43年,1968,,,,絵：川越弥録
男にた、女にた,,,,西都市穂北椎原,,比江島菊次,比江島重孝,,比江島重孝,日向こども民話114,第114回(1970.12.13.).pdf,宮崎日日新聞、昭和45年12月13日,宮崎日日新聞,昭和43年,1968,,,,絵：川越弥録
ないないづくし,,,,西都市穂北囲,,西原ハツ,比江島重孝,,比江島重孝,日向こども民話115,第115回(1970.12.20.).pdf,宮崎日日新聞、昭和45年12月20日,宮崎日日新聞,昭和43年,1968,,,,絵：川越弥録
よだきごろ,,,,西都市穂北囲,,西原ハツ,比江島重孝,,比江島重孝,日向こども民話116,第116回(1970.12.27.),宮崎日日新聞、昭和45年12月27日,宮崎日日新聞,昭和43年,1968,,,,絵：川越弥録
手がでらん,,,,佐土原町広瀬,,関屋亀蔵,比江島重孝,,比江島重孝,日向こども民話117,第117回(1971.1.10.)★.pdf,宮崎日日新聞、昭和46年1月10日,宮崎日日新聞,昭和43年,1968,,,,絵：川越弥録
ウソ三とタヌキ,,,,佐土原町広瀬新町,,大久保源右衛門,比江島重孝,,比江島重孝,日向こども民話118,第118回(1971.1.17.)★.pdf,宮崎日日新聞、昭和46年1月17日,宮崎日日新聞,昭和43年,1968,,,,絵：川越弥録
猿にまける,,,,佐土原町広瀬平小牧,,永野伊作,比江島重孝,,比江島重孝,日向こども民話119,第119回(1971.1.24.)★.pdf,宮崎日日新聞、昭和46年1月24日,宮崎日日新聞,昭和43年,1968,,,,絵：川越弥録
日向のえかきどん,,,,西都市穂北椎原,,比江島菊次,比江島重孝,,比江島重孝,日向こども民話120,第120回(1971.1.31.).pdf,宮崎日日新聞、昭和46年1月31日,宮崎日日新聞,昭和43年,1968,,,,絵：川越弥録
へんげの黒ネコ,,,,佐土原町松小路,,関谷亀蔵？,比江島重孝,,比江島重孝,日向こども民話121,第121回(1971.2.7.)★.pdf,宮崎日日新聞、昭和46年2月7日,宮崎日日新聞,昭和43年,1968,,,,絵：川越弥録
カボチャをくわん,,,,西都市穂北椎原,,比江島菊次,比江島重孝,,比江島重孝,日向こども民話122,第122回(1971.2.14.).pdf,宮崎日日新聞、昭和46年2月14日,宮崎日日新聞,昭和43年,1968,,,,絵：川越弥録
ねずみのしりぼ,,,,西都市穂北囲,,西原ハツ,比江島重孝,,比江島重孝,日向こども民話123,第123回(1971.2.21.).pdf,宮崎日日新聞、昭和46年2月21日,宮崎日日新聞,昭和43年,1968,,,,絵：川越弥録
カボチャのすもう見,,,,佐土原町広瀬松小路,,関屋亀蔵,比江島重孝,,比江島重孝,日向こども民話124,第124回(1971.2.28.)★.pdf,宮崎日日新聞、昭和46年2月28日,宮崎日日新聞,昭和43年,1968,,,,絵：川越弥録
早わざくらべ,,,,佐土原町広瀬松小路,,関屋亀蔵,比江島重孝,,比江島重孝,日向こども民話125,第125回(1971.3.7.)★.pdf,宮崎日日新聞、昭和46年3月7日,宮崎日日新聞,昭和43年,1968,,,,絵：川越弥録
ぬけくび,,,,西都市穂北囲,,西原ハツ,比江島重孝,,比江島重孝,日向こども民話126,第126回(1971.3.14.).pdf,宮崎日日新聞、昭和46年3月14日,宮崎日日新聞,昭和43年,1968,,,,絵：川越弥録
大蛇だいじ,,,,佐土原町広瀬松小路,,関屋亀蔵,比江島重孝,,比江島重孝,日向こども民話127,第127回(1971.3.21.)★.pdf,宮崎日日新聞、昭和46年3月21日,宮崎日日新聞,昭和43年,1968,,,,絵：川越弥録
兄と弟,,,,日南市吾田西弁分,,田中平吉,比江島重孝,,比江島重孝,日向こども民話128,第128回(1971.3.28.).pdf,宮崎日日新聞、昭和46年3月28日,宮崎日日新聞,昭和43年,1968,,,,絵：川越弥録
りんの歌,,,,佐土原町下田島東町,,望洋園・副島鐘次,比江島重孝,,比江島重孝,日向こども民話129,第129回(1971.4.4.)★.pdf,宮崎日日新聞、昭和46年4月4日,宮崎日日新聞,昭和43年,1968,,,,絵：川越弥録
ぬけまいり,,,,西都市穂北囲,,西原ハツ,比江島重孝,,比江島重孝,日向こども民話130,第130回(1971.4.11.).pdf,宮崎日日新聞、昭和46年4月11日,宮崎日日新聞,昭和43年,1968,,,,絵：川越弥録
ぬすとの女,,,,西都市大字三宅石貫,,横山首,比江島重孝,,比江島重孝,日向こども民話131,第131回(1971.4.18.).pdf,宮崎日日新聞、昭和46年4月18日,宮崎日日新聞,昭和43年,1968,,,,絵：川越弥録
大蛇とむすめ,,,,西都市穂北囲,,西原ハツ,比江島重孝,,比江島重孝,日向こども民話132,第132回(1971.4.25.).pdf,宮崎日日新聞、昭和46年4月25日,宮崎日日新聞,昭和43年,1968,,,,絵：川越弥録
ある地蔵,,,,宮崎市恒久横町,,酒井イヨ,比江島重孝,,比江島重孝,日向こども民話133,第133回(1971.5.2.)★.pdf,宮崎日日新聞、昭和46年5月2日,宮崎日日新聞,昭和43年,1968,,,,絵：川越弥録
へのつかまえぐら,,,,西都市穂北椎原,,比江島菊次,比江島重孝,,比江島重孝,日向こども民話134,第134回(1971.5.9.).pdf,宮崎日日新聞、昭和46年5月日,宮崎日日新聞,昭和43年,1968,,,,絵：川越弥録
子だから観音,,,,日南市吾田西弁分,,田中平吉,比江島重孝,,比江島重孝,日向こども民話135,第135回(1971.5.16.).pdf,宮崎日日新聞、昭和46年5月日,宮崎日日新聞,昭和43年,1968,,,,絵：川越弥録
しりくえかんのん,,,,西都市穂北囲,,西原ハツ,比江島重孝,,比江島重孝,日向こども民話136,第136回(1971.5.23.).pdf,宮崎日日新聞、昭和46年5月日,宮崎日日新聞,昭和43年,1968,,,,絵：川越弥録
100たんぶくろ,,,,佐土原町広瀬東町,,望洋園・貫名栄吉,比江島重孝,,比江島重孝,日向こども民話137,第137回(1971.5.30.)★.pdf,宮崎日日新聞、昭和46年5月日,宮崎日日新聞,昭和43年,1968,,,,絵：川越弥録
のりかすしんし,,,,佐土原町広瀬東町,,望洋園・貫名栄吉,比江島重孝,,比江島重孝,日向こども民話138,第138回(1971.6.6.)★.pdf,宮崎日日新聞、昭和46年6月日,宮崎日日新聞,昭和43年,1968,,,,絵：川越弥録
山ナシとり,,,,佐土原町広瀬松小路,,関屋亀蔵,比江島重孝,,比江島重孝,日向こども民話139,第139回(1971.6.13.)★.pdf,宮崎日日新聞、昭和46年6月日,宮崎日日新聞,昭和43年,1968,,,,絵：川越弥録
ぐすとがた,,,,宮崎郡清武町西新町,,小川泰山,比江島重孝,,比江島重孝,日向こども民話140,第140回(1971.6.20.)★.pdf,宮崎日日新聞、昭和46年6月日,宮崎日日新聞,昭和43年,1968,,,,絵：川越弥録
モーじゃござらぬ,,,,宮崎郡清武町西新町,,小川泰山,比江島重孝,,比江島重孝,日向こども民話141,第141回(1971.6.27.)★.pdf,宮崎日日新聞、昭和46年6月日,宮崎日日新聞,昭和43年,1968,,,,絵：川越弥録
こえをかけろ,,,,五ヶ瀬町桑野内土生,,綾武範,比江島重孝,,比江島重孝,日向こども民話142,第142回(1971.7.4.).pdf,宮崎日日新聞、昭和46年7月日,宮崎日日新聞,昭和43年,1968,,,,絵：川越弥録
ふしぎなあな,,,,五ヶ瀬町桑野内土生,,綾武範,比江島重孝,,比江島重孝,日向こども民話143,第143回(1971.7.11.).pdf,宮崎日日新聞、昭和46年7月日,宮崎日日新聞,昭和43年,1968,,,,絵：川越弥録
茶せん　山法師どん,,,,清武町西新町,,小川泰山,比江島重孝,,比江島重孝,日向こども民話144,第144回(1971.7.18.)★.pdf,宮崎日日新聞、昭和46年7月日,宮崎日日新聞,昭和43年,1968,,,,絵：川越弥録
どちらが東,,,,五ヶ瀬町桑野内小半田,,甲斐伊太郎,比江島重孝,,比江島重孝,日向こども民話145,第145回(1971.7.25.).pdf,宮崎日日新聞、昭和46年7月日,宮崎日日新聞,昭和43年,1968,,,,絵：川越弥録
ウサギのしっぽ,,,,五ヶ瀬町桑野内小半田,,甲斐伊太郎,比江島重孝,,比江島重孝,日向こども民話146,第146回(1971.8.1.).pdf,宮崎日日新聞、昭和46年8月日,宮崎日日新聞,昭和43年,1968,,,,絵：川越弥録
鳥のちえ,,,,五ヶ瀬町桑野内小半田,,甲斐伊太郎,比江島重孝,,比江島重孝,日向こども民話147,第147回(1971.8.8.).pdf,宮崎日日新聞、昭和46年8月日,宮崎日日新聞,昭和43年,1968,,,,絵：川越弥録
三かたげのはなし,,,,五ヶ瀬町桑野内小半田,,甲斐伊太郎,比江島重孝,,比江島重孝,日向こども民話148,第148回(1971.8.15.).pdf,宮崎日日新聞、昭和46年8月日,宮崎日日新聞,昭和43年,1968,,,,絵：川越弥録
七ツ山,,,,高千穂町三田井神殿,,甲斐重宣,比江島重孝,,比江島重孝,日向こども民話149,第149回(1971.8.22.).pdf,宮崎日日新聞、昭和46年8月日,宮崎日日新聞,昭和43年,1968,,,,絵：川越弥録
カミソリ,,,,宮崎郡清武町西新町,,小川泰山,比江島重孝,,比江島重孝,日向こども民話150,第150回(1971.8.29.)★.pdf,宮崎日日新聞、昭和46年8月日,宮崎日日新聞,昭和43年,1968,,,,絵：川越弥録
そばのね,,,,五ヶ瀬町桑野内土生,,綾武範,比江島重孝,,比江島重孝,日向こども民話151,第151回(1971.9.5.).pdf,宮崎日日新聞、昭和46年9月日,宮崎日日新聞,昭和43年,1968,,,,絵：川越弥録
スズメの子,,,,五ヶ瀬町桑野内小半田,,甲斐伊太郎,比江島重孝,,比江島重孝,日向こども民話152,第152回(1971.9.12.).pdf,宮崎日日新聞、昭和46年9月日,宮崎日日新聞,昭和43年,1968,,,,絵：川越弥録
山おんな,,,,高千穂町三田井神殿,,甲斐重宣,比江島重孝,,比江島重孝,日向こども民話153,第153回(1971.9.26.).pdf,宮崎日日新聞、昭和46年9月日,宮崎日日新聞,昭和43年,1968,,,,絵：川越弥録
もぐら,,,,西都市穂北囲,,西原ハツ,比江島重孝,,比江島重孝,日向こども民話154,第154回(1971.10.7.).pdf,宮崎日日新聞、昭和46年10月日,宮崎日日新聞,昭和43年,1968,,,,絵：坂本正直
ばばすて,,,,西都市穂北囲,,西原ハツ,比江島重孝,,比江島重孝,日向こども民話154,第154回(1971.10.7.).pdf,宮崎日日新聞、昭和46年10月日,宮崎日日新聞,昭和43年,1968,,,,絵：坂本正直
兄と弟,,,,西都市穂北囲,,西原ハツ,比江島重孝,,比江島重孝,日向こども民話155,第155回(1971.10.14.).pdf,宮崎日日新聞、昭和46年10月日,宮崎日日新聞,昭和43年,1968,,,,絵：坂本正直
ビワの音,,,,高千穂町三田井神殿,,甲斐重宣,比江島重孝,,比江島重孝,日向こども民話156,第156回(1971.10.21.).pdf,宮崎日日新聞、昭和46年10月日,宮崎日日新聞,昭和43年,1968,,,,絵：坂本正直
雲ん天切り,,,,宮崎市清水,,日高正,比江島重孝,,比江島重孝,日向こども民話157,第157回(1971.11.7.)★.pdf,宮崎日日新聞、昭和46年11月日,宮崎日日新聞,昭和43年,1968,,,,絵：坂本正直
チンチン坂,,,,清武町西新町,,日高正,比江島重孝,,比江島重孝,日向こども民話158,第158回(1971.11.14.)★.pdf,宮崎日日新聞、昭和46年11月日,宮崎日日新聞,昭和43年,1968,,,,絵：坂本正直
まるい足中,,,,清武町西新町,,日高正,比江島重孝,,比江島重孝,日向こども民話159,第159回(1971.11.21.)★.pdf,宮崎日日新聞、昭和46年11月日,宮崎日日新聞,昭和43年,1968,,,,絵：坂本正直
よごぐちどん,,,,佐土原町広瀬松小路,,関屋亀蔵,比江島重孝,,比江島重孝,日向こども民話160,第160回(1971.11.25.)★.pdf,宮崎日日新聞、昭和46年11月日,宮崎日日新聞,昭和43年,1968,,,,絵：坂本正直
うその皮,,,,五ヶ瀬町桑野内土生,,綾武範,比江島重孝,,比江島重孝,日向こども民話161,第161回(1971.12.5.).pdf,宮崎日日新聞、昭和46年12月日,宮崎日日新聞,昭和43年,1968,,,,絵：坂本正直
マムシのくび,,,,五ヶ瀬町桑野内土生,,綾武範,比江島重孝,,比江島重孝,日向こども民話161,第161回(1971.12.5.).pdf,宮崎日日新聞、昭和46年12月日,宮崎日日新聞,昭和43年,1968,,,,絵：坂本正直
高岩いなりのキツネ,,,,五ヶ瀬町桑野内土生,,綾武範,比江島重孝,,比江島重孝,日向こども民話162,第162回(1971.12.12.).pdf,宮崎日日新聞、昭和46年12月日,宮崎日日新聞,昭和43年,1968,,,,絵：坂本正直
くわず女房,,,,高千穂町三田井神殿,,甲斐重宣,比江島重孝,,比江島重孝,日向こども民話163,第163回(1971.12.19.).pdf,宮崎日日新聞、昭和46年12月日,宮崎日日新聞,昭和43年,1968,,,,絵：坂本正直
ちりとりが池,,,,五ヶ瀬町桑野内土生,,綾武範,比江島重孝,,比江島重孝,日向こども民話164,第164回(1971.12.26.).pdf,宮崎日日新聞、昭和46年12月日,宮崎日日新聞,昭和43年,1968,,,,絵：坂本正直
古屋のもり,,,,高千穂町三田井神殿,,興梠シゲノ,比江島重孝,,比江島重孝,日向こども民話165,第165回(1972.1.9.).pdf,宮崎日日新聞、昭和47年1月日,宮崎日日新聞,昭和43年,1968,,,,絵：坂本正直
照子の岩屋,,,,宮崎市清水,,日高正,比江島重孝,,比江島重孝,日向こども民話166,第166回(1972.1.16.)★.pdf,宮崎日日新聞、昭和47年1月日,宮崎日日新聞,昭和43年,1968,,,,絵：坂本正直
五ヶ瀬町桑野内下赤,,,,五ヶ瀬町桑野内下赤,,佐伯利兵衛,比江島重孝,,比江島重孝,日向こども民話167,第167回(1972.1.23.).pdf,宮崎日日新聞、昭和47年1月日,宮崎日日新聞,昭和43年,1968,,,,絵：坂本正直
門の内長兵衛,,,,高千穂町三田井神殿,,興梠シゲノ,比江島重孝,,比江島重孝,日向こども民話168,第168回(1972.1.30.).pdf,宮崎日日新聞、昭和47年1月日,宮崎日日新聞,昭和43年,1968,,,,絵：坂本正直
長い名の小僧どん,,,,五ヶ瀬町桑野内土生,,綾武範,比江島重孝,,比江島重孝,日向こども民話169,第169回(1972.2.6.).pdf,宮崎日日新聞、昭和47年2月日,宮崎日日新聞,昭和43年,1968,,,,絵：坂本正直
見るなのお倉,,,,高千穂町三田井神殿,,興梠シゲノ,比江島重孝,,比江島重孝,日向こども民話170,第170回(1972.2.13.).pdf,宮崎日日新聞、昭和47年2月日,宮崎日日新聞,昭和43年,1968,,,,絵：坂本正直
13発めのたま,,,,高千穂町三田井神殿,,興梠シゲノ,比江島重孝,,比江島重孝,日向こども民話171,第171回(1972.2.20.).pdf,宮崎日日新聞、昭和47年2月日,宮崎日日新聞,昭和43年,1968,,,,絵：坂本正直
バカはおそろしい,,,,五ヶ瀬町桑野内下赤,,佐伯利兵衛,比江島重孝,,比江島重孝,日向こども民話172,第172回(1972.2.27.).pdf,宮崎日日新聞、昭和47年2月日,宮崎日日新聞,昭和43年,1968,,,,絵：坂本正直
化け猫のかたきうち,,,,高千穂町三田井神殿,,興梠シゲノ,比江島重孝,,比江島重孝,日向こども民話173,第173回(1972.3.5.).pdf,宮崎日日新聞、昭和47年3月日,宮崎日日新聞,昭和43年,1968,,,,絵：坂本正直
キツネのおんがえし,,,,高千穂町三田井神殿,,興梠シゲノ,比江島重孝,,比江島重孝,日向こども民話174,第174回(1972.3.12.).pdf,宮崎日日新聞、昭和47年3月日,宮崎日日新聞,昭和43年,1968,,,,絵：坂本正直
びんぶ神,,,,五ヶ瀬町桑野内下赤,,佐伯利兵衛,比江島重孝,,比江島重孝,日向こども民話175,第175回(1972.3.19.).pdf,宮崎日日新聞、昭和47年3月日,宮崎日日新聞,昭和43年,1968,,,,絵：坂本正直
天気よほう,,,,五ヶ瀬町桑野内下赤,,佐伯利兵衛,比江島重孝,,比江島重孝,日向こども民話175,第175回(1972.3.19.).pdf,宮崎日日新聞、昭和47年3月日,宮崎日日新聞,昭和43年,1968,,,,絵：坂本正直
龍宮女房　その一,,,,高千穂町三田井神殿,,興梠シゲノ,比江島重孝,,比江島重孝,日向こども民話176,第176回(1972.3.26.).pdf,宮崎日日新聞、昭和47年3月日,宮崎日日新聞,昭和43年,1968,,,,絵：坂本正直
龍宮女房　その二,,,,高千穂町三田井神殿,,興梠シゲノ,比江島重孝,,比江島重孝,日向こども民話177,第177回(1972.4.2.).pdf,宮崎日日新聞、昭和47年4月日,宮崎日日新聞,昭和43年,1968,,,,絵：坂本正直
ねこの足,,,,高千穂町三田井神殿,,興梠シゲノ,比江島重孝,,比江島重孝,日向こども民話178,第178回(1972.4.9.).pdf,宮崎日日新聞、昭和47年4月日,宮崎日日新聞,昭和43年,1968,,,,絵：坂本正直
狼と庄屋どん,,,,五ヶ瀬町桑野内土生,,綾武範,比江島重孝,,比江島重孝,日向こども民話179,第179回(1972.4.16.).pdf,宮崎日日新聞、昭和47年4月日,宮崎日日新聞,昭和43年,1968,,,,絵：坂本正直
まま子いじめ,,,,高千穂町三田井神殿,,興梠シゲノ,比江島重孝,,比江島重孝,日向こども民話180,第180回(1972.4.23.).pdf,宮崎日日新聞、昭和47年4月日,宮崎日日新聞,昭和43年,1968,,,,絵：坂本正直
馬とかぶら,,,,高千穂町三田井神殿,,興梠シゲノ,比江島重孝,,比江島重孝,日向こども民話181,第181回(1972.4.30.).pdf,宮崎日日新聞、昭和47年4月日,宮崎日日新聞,昭和43年,1968,,,,絵：坂本正直
きせるのやに,,,,佐土原町広瀬,,望洋園・貫名栄吉,比江島重孝,,比江島重孝,日向こども民話182,第182回(1972.5.21.)★.pdf,宮崎日日新聞、昭和47年5月日,宮崎日日新聞,昭和43年,1968,,,,絵：坂本正直
さるほどに,,,,五ヶ瀬町桑野内小半田,,甲斐伊太郎,比江島重孝,,比江島重孝,日向こども民話183,第183回(1972.5.28.).pdf,宮崎日日新聞、昭和47年5月日,宮崎日日新聞,昭和43年,1968,,,,絵：坂本正直
さとり草,,,,五ヶ瀬町桑野内小半田,,甲斐伊太郎,比江島重孝,,比江島重孝,日向こども民話183,第183回(1972.5.28.).pdf,宮崎日日新聞、昭和47年5月日,宮崎日日新聞,昭和43年,1968,,,,絵：坂本正直
地ぞうさいばん,,,,五ヶ瀬町桑野内小半田,,甲斐伊太郎,比江島重孝,,比江島重孝,日向こども民話184,第184回(1972.6.4.).pdf,宮崎日日新聞、昭和47年6月日,宮崎日日新聞,昭和43年,1968,,,,絵：坂本正直
新五郎いなり,,,,五ヶ瀬町桑野内小半田,,甲斐伊太郎,比江島重孝,,比江島重孝,日向こども民話185,第185回(1972.6.11.).pdf,宮崎日日新聞、昭和47年6月日,宮崎日日新聞,昭和43年,1968,,,,絵：坂本正直
うり子ひめ,,,,高千穂町三田井神殿,,興梠シゲノ,比江島重孝,,比江島重孝,日向こども民話186,第186回(1972.6.18.).pdf,宮崎日日新聞、昭和47年6月日,宮崎日日新聞,昭和43年,1968,,,,絵：坂本正直
まま子とほん子,,,,高千穂町三田井神殿,,興梠シゲノ,比江島重孝,,比江島重孝,日向こども民話187,第187回(1972.6.25.).pdf,宮崎日日新聞、昭和47年6月日,宮崎日日新聞,昭和43年,1968,,,,絵：坂本正直
のどやき山の涙ぼろめかし,,,,高千穂町三田井神殿,,興梠シゲノ,比江島重孝,,比江島重孝,日向こども民話188,第188回(1972.7.2.).pdf,宮崎日日新聞、昭和47年7月日,宮崎日日新聞,昭和43年,1968,,,,絵：坂本正直
からつか,,,,高千穂町三田井神殿,,興梠シゲノ,比江島重孝,,比江島重孝,日向こども民話188,第188回(1972.7.2.).pdf,宮崎日日新聞、昭和47年7月日,宮崎日日新聞,昭和43年,1968,,,,絵：坂本正直
2ひきの大蛇,,,,五ヶ瀬町桑野内土生,,綾武範,比江島重孝,,比江島重孝,日向こども民話189,第189回(1972.7.9.).pdf,宮崎日日新聞、昭和47年7月日,宮崎日日新聞,昭和43年,1968,,,,絵：坂本正直
力もちの八太郎,,,,五ヶ瀬町桑野内土生,,綾武範,比江島重孝,,比江島重孝,日向こども民話189,第189回(1972.7.9.).pdf,宮崎日日新聞、昭和47年7月日,宮崎日日新聞,昭和43年,1968,,,,絵：坂本正直
ねこづか,,,,高千穂町三田井神殿,,興梠シゲノ,比江島重孝,,比江島重孝,日向こども民話190,第190回(1972.7.16.).pdf,宮崎日日新聞、昭和47年7月日,宮崎日日新聞,昭和43年,1968,,,,絵：坂本正直
旅学問,,,,高千穂町三田井神殿,,興梠シゲノ,比江島重孝,,比江島重孝,日向こども民話191,第191回(1972.7.23.).pdf,宮崎日日新聞、昭和47年7月日,宮崎日日新聞,昭和43年,1968,,,,絵：坂本正直
がわ太郎つり,,,,五ヶ瀬町桑野内土生,,綾武範,比江島重孝,,比江島重孝,日向こども民話192,第192回(1972.8.6.).pdf,宮崎日日新聞、昭和47年8月日,宮崎日日新聞,昭和43年,1968,,,,絵：坂本正直
ゆめくらべ,,,,高千穂町三田井神殿,,興梠シゲノ,比江島重孝,,比江島重孝,日向こども民話193,第193回(1972.8.13.).pdf,宮崎日日新聞、昭和47年8月日,宮崎日日新聞,昭和43年,1968,,,,絵：坂本正直
きょうだい星　その一,,,,高千穂町三田井神殿,,興梠シゲノ,比江島重孝,,比江島重孝,日向こども民話194,第194回(1972.8.20.).pdf,宮崎日日新聞、昭和47年8月日,宮崎日日新聞,昭和43年,1968,,,,絵：坂本正直
きょうだい星　その一,,,,高千穂町三田井神殿,,興梠シゲノ,比江島重孝,,比江島重孝,日向こども民話195,第195回(1972.8.27.).pdf,宮崎日日新聞、昭和47年8月日,宮崎日日新聞,昭和43年,1968,,,,絵：坂本正直
ひできちばなし,,,,五ヶ瀬町三ケ所高畑,,飯干岩一,比江島重孝,,比江島重孝,日向こども民話196,第196回(1972.9.3.).pdf,宮崎日日新聞、昭和47年9月日,宮崎日日新聞,昭和43年,1968,,,,絵：坂本正直
ばけくらご,,,,五ヶ瀬町桑野内麦の崎,,佐伯長四郎,比江島重孝,,比江島重孝,日向こども民話197,第197回(1972.9.10.).pdf,宮崎日日新聞、昭和47年9月日,宮崎日日新聞,昭和43年,1968,,,,絵：坂本正直
おむら渡せ,,,,五ヶ瀬町桑野内麦の崎,,佐伯長四郎,比江島重孝,,比江島重孝,日向こども民話197,第197回(1972.9.10.).pdf,宮崎日日新聞、昭和47年9月日,宮崎日日新聞,昭和43年,1968,,,,絵：坂本正直
白い大蛇,,,,五ヶ瀬町桑野内土生,,綾武範,比江島重孝,,比江島重孝,日向こども民話198,第198回(1972.9.24.).pdf,宮崎日日新聞、昭和47年9月日,宮崎日日新聞,昭和43年,1968,,,,絵：坂本正直
マカーの声,,,,五ヶ瀬町桑野内土生,,綾武範,比江島重孝,,比江島重孝,日向こども民話198,第198回(1972.9.24.).pdf,宮崎日日新聞、昭和47年9月日,宮崎日日新聞,昭和43年,1968,,,,絵：坂本正直
いい声の女,,,,高千穂町三田井神殿,,興梠シゲノ,比江島重孝,,比江島重孝,日向こども民話199,第199回(1972.10.8.).pdf,宮崎日日新聞、昭和47年10月日,宮崎日日新聞,昭和43年,1968,,,,絵：坂本正直
根こぎのやなか竹,,,,五ヶ瀬町桑野内小半田,,甲斐伊太郎,比江島重孝,,比江島重孝,日向こども民話200,第200回(1972.10.15.).pdf,宮崎日日新聞、昭和47年10月日,宮崎日日新聞,昭和43年,1968,,,,絵：坂本正直
文九郎のかごかき,,,,五ヶ瀬町桑野内小半田,,甲斐伊太郎,比江島重孝,,比江島重孝,日向こども民話200,第200回(1972.10.15.).pdf,宮崎日日新聞、昭和47年10月日,宮崎日日新聞,昭和43年,1968,,,,絵：坂本正直
ちきり屋さん,,,,高千穂町三田井神殿,,興梠シゲノ,比江島重孝,,比江島重孝,日向こども民話201,第201回(1972.10.22.).pdf,宮崎日日新聞、昭和47年10月日,宮崎日日新聞,昭和43年,1968,,,,絵：坂本正直
火車になったねこ,,,,高千穂町三田井神殿,,甲斐重宣,比江島重孝,,比江島重孝,日向こども民話202,第202回(1972.11.5.).pdf,宮崎日日新聞、昭和47年11月日,宮崎日日新聞,昭和43年,1968,,,,絵：坂本正直
山師が峠,,,,高千穂町三田井神殿,,甲斐重宣,比江島重孝,,比江島重孝,日向こども民話202,第202回(1972.11.5.).pdf,宮崎日日新聞、昭和47年11月日,宮崎日日新聞,昭和43年,1968,,,,絵：坂本正直
ぬけまいり,,,,高千穂町三田井神殿,,興梠シゲノ,比江島重孝,,比江島重孝,日向こども民話203,第203回(1972.11.19.).pdf,宮崎日日新聞、昭和47年11月日,宮崎日日新聞,昭和43年,1968,,,,絵：坂本正直
わんがし物語,,,,西都市穂北囲,,西原ハツ,比江島重孝,,比江島重孝,日向こども民話204,第204回(1972.11.26.).pdf,宮崎日日新聞、昭和47年11月日,宮崎日日新聞,昭和43年,1968,,,,絵：坂本正直
さるの涙がかり,,,,五ヶ瀬町三ケ所高畑,,飯干岩一,比江島重孝,,比江島重孝,日向こども民話205,第205回(1972.12.3.).pdf,宮崎日日新聞、昭和47年12月日,宮崎日日新聞,昭和43年,1968,,,,絵：坂本正直
投筆のおきょう,,,,五ヶ瀬町三ケ所高畑,,飯干岩一,比江島重孝,,比江島重孝,日向こども民話205,第205回(1972.12.3.).pdf,宮崎日日新聞、昭和47年12月日,宮崎日日新聞,昭和43年,1968,,,,絵：坂本正直
はばかりながら,,,,高千穂町三田井神殿,,興梠シゲノ,比江島重孝,,比江島重孝,日向こども民話206,第206回(1972.12.10.).pdf,宮崎日日新聞、昭和47年12月日,宮崎日日新聞,昭和43年,1968,,,,絵：坂本正直
金のはご板,,,,五ヶ瀬町桑野内下赤,,佐伯利兵衛,比江島重孝,,比江島重孝,日向こども民話207,第207回(1972.12.17.).pdf,宮崎日日新聞、昭和47年12月日,宮崎日日新聞,昭和43年,1968,,,,絵：坂本正直
左ぐわぺっかりこ　その一,,,,高千穂町三田井神殿,,興梠シゲノ,比江島重孝,,比江島重孝,日向こども民話208,第208回(1972.12.24.),宮崎日日新聞、昭和47年12月日,宮崎日日新聞,昭和43年,1968,,,,絵：坂本正直
左ぐわぺっかりこ　その2,,,,高千穂町三田井神殿,,興梠シゲノ,比江島重孝,,比江島重孝,日向こども民話209,第209回(1973.1.7.).pdf,宮崎日日新聞、昭和48年1月日,宮崎日日新聞,昭和43年,1968,,,,絵：坂本正直
つまりません,,,,高千穂町三田井神殿,,興梠シゲノ,比江島重孝,,比江島重孝,日向こども民話210,第210回(1973.1.14.).pdf,宮崎日日新聞、昭和48年1月日,宮崎日日新聞,昭和43年,1968,,,,絵：坂本正直
大蛇のほね,,,,高千穂町岩戸馬生木（もうぎ）,,佐藤千賀良,比江島重孝,,比江島重孝,日向こども民話211,第211回(1973.1.21.).pdf,宮崎日日新聞、昭和48年1月日,宮崎日日新聞,昭和43年,1968,,,,絵：坂本正直
蛇のあつまり,,,,高千穂町岩戸馬生木（もうぎ）,,佐藤千賀良,比江島重孝,,比江島重孝,日向こども民話211,第211回(1973.1.21.).pdf,宮崎日日新聞、昭和48年1月日,宮崎日日新聞,昭和43年,1968,,,,絵：坂本正直
さようなよま,,,,高千穂町三田井神殿,,興梠シゲノ,比江島重孝,,比江島重孝,日向こども民話212,第212回(1973.1.28.).pdf,宮崎日日新聞、昭和48年1月日,宮崎日日新聞,昭和43年,1968,,,,絵：坂本正直
境の谷,,,,高千穂町岩戸馬生木（もうぎ）,,佐藤千賀良,比江島重孝,,比江島重孝,日向こども民話213,第213回(1973.2.4.).pdf,宮崎日日新聞、昭和48年2月日,宮崎日日新聞,昭和43年,1968,,,,絵：坂本正直
馬生木（もうぎ）,,,,高千穂町岩戸馬生木（もうぎ）,,佐藤千賀良,比江島重孝,,比江島重孝,日向こども民話213,第213回(1973.2.4.).pdf,宮崎日日新聞、昭和48年2月日,宮崎日日新聞,昭和43年,1968,,,,絵：坂本正直
きっちょむどんの名馬,,,,五ヶ瀬町桑野内土生,,甲斐宝,比江島重孝,,比江島重孝,日向こども民話214,第214回(1973.2.11.).pdf,宮崎日日新聞、昭和48年2月日,宮崎日日新聞,昭和43年,1968,,,,絵：坂本正直
そう七どんのべんとう,,,,高千穂町三田井神殿,,甲斐重宣,比江島重孝,,比江島重孝,日向こども民話215,第215回(1973.2.18.).pdf,宮崎日日新聞、昭和48年2月日,宮崎日日新聞,昭和43年,1968,,,,絵：坂本正直
夜ちょこぶ,,,,五ヶ瀬町桑野内下赤,#蜘蛛,佐伯利兵衛,比江島重孝,,比江島重孝,日向こども民話216,第216回(1973.2.25.).pdf,宮崎日日新聞、昭和48年2月日,宮崎日日新聞,昭和43年,1968,,,,絵：坂本正直
夢うらない,,,,高千穂町三田井神殿,,興梠シゲノ,比江島重孝,,比江島重孝,日向こども民話217,第217回(1973.3.18.).pdf,宮崎日日新聞、昭和48年3月日,宮崎日日新聞,昭和43年,1968,,,,絵：坂本正直
なき男　その1,,,,高千穂町三田井神殿,,興梠シゲノ,比江島重孝,,比江島重孝,日向こども民話218,第218回(1973.3.25.).pdf,宮崎日日新聞、昭和48年3月日,宮崎日日新聞,昭和43年,1968,,,,絵：坂本正直
なき男　その2,,,,高千穂町三田井神殿,,興梠シゲノ,比江島重孝,,比江島重孝,日向こども民話219,第219回(1973.4.8.).pdf,宮崎日日新聞、昭和48年4月日,宮崎日日新聞,昭和43年,1968,,,,絵：坂本正直
むかごの上納,,,,高千穂町岩戸馬生木（もうぎ）,,佐藤千賀良,比江島重孝,,比江島重孝,日向こども民話220,第220回(1973.4.15.).pdf,宮崎日日新聞、昭和48年4月日,宮崎日日新聞,昭和43年,1968,,,,絵：坂本正直
切りたて越,,,,五ヶ瀬町桑野内下赤,,佐伯利兵衛,比江島重孝,,比江島重孝,日向こども民話221,第221回(1973.4.22.).pdf,宮崎日日新聞、昭和48年4月日,宮崎日日新聞,昭和43年,1968,,,,絵：坂本正直
おも白い,,,,五ヶ瀬町桑野内下赤,,佐伯利兵衛,比江島重孝,,比江島重孝,日向こども民話221,第221回(1973.4.22.).pdf,宮崎日日新聞、昭和48年4月日,宮崎日日新聞,昭和43年,1968,,,,絵：坂本正直
大けな話ぐら,,,,高千穂町岩戸馬生木（もうぎ）,,佐藤千賀良,比江島重孝,,比江島重孝,日向こども民話222,第222回(1973.4.29.).pdf,宮崎日日新聞、昭和48年4月日,宮崎日日新聞,昭和43年,1968,,,,絵：坂本正直
牛のくそのひとのめり,,,,高千穂町岩戸馬生木（もうぎ）,,佐藤千賀良,比江島重孝,,比江島重孝,日向こども民話223,第223回(1973.5.6.).pdf,宮崎日日新聞、昭和48年5月日,宮崎日日新聞,昭和43年,1968,,,,絵：坂本正直
馬のあと足,,,,高千穂町岩戸馬生木（もうぎ）,,佐藤千賀良,比江島重孝,,比江島重孝,日向こども民話224,第224回(1973.5.13.).pdf,宮崎日日新聞、昭和48年5月日,宮崎日日新聞,昭和43年,1968,,,,絵：坂本正直
,,,,五ヶ瀬町桑野内土生,,甲斐宝,比江島重孝,,比江島重孝,日向こども民話224,第224回(1973.5.13.).pdf,宮崎日日新聞、昭和48年5月日,宮崎日日新聞,昭和43年,1968,,,,絵：坂本正直
どんくになった,,,,高千穂町三田井神殿,#蛙,興梠シゲノ,比江島重孝,,比江島重孝,日向こども民話225,第225回(1973.5.20.).pdf,宮崎日日新聞、昭和48年5月日,宮崎日日新聞,昭和43年,1968,,,,絵：坂本正直
石峠,,,,日之影町中小屋,,中川六男,比江島重孝,,比江島重孝,日向こども民話226,第226回(1973.5.27.).pdf,宮崎日日新聞、昭和48年5月日,宮崎日日新聞,昭和43年,1968,,,,絵：坂本正直
雨ごいのタカ,,,,日之影町樅木尾,,広島栄,比江島重孝,,比江島重孝,日向こども民話226,第226回(1973.5.27.).pdf,宮崎日日新聞、昭和48年5月日,宮崎日日新聞,昭和43年,1968,,,,絵：坂本正直
とんちくらべ,,,,高千穂町三田井神殿,,興梠シゲノ,比江島重孝,,比江島重孝,日向こども民話227,第227回(1973.6.3.).pdf,宮崎日日新聞、昭和48年6月日,宮崎日日新聞,昭和43年,1968,,,,絵：坂本正直
さんざの馬子唄,,,,西都市穂北囲,,西原ハツ,比江島重孝,,比江島重孝,日向こども民話228,第228回(1973.6.17.).pdf,宮崎日日新聞、昭和48年6月日,宮崎日日新聞,昭和43年,1968,,,,絵：坂本正直
天のじゃく,,,,清武町南加納,,石川吉五郎,比江島重孝,,比江島重孝,日向こども民話229,第229回(1973.6.24.).pdf,宮崎日日新聞、昭和48年6月日,宮崎日日新聞,昭和43年,1968,,,,絵：坂本正直
山うばのかみの毛,,,,椎葉村臼杵俣,,右田金千代,比江島重孝,,比江島重孝,日向こども民話229,第229回(1973.6.24.).pdf,宮崎日日新聞、昭和48年6月日,宮崎日日新聞,昭和43年,1968,,,,絵：坂本正直
タヌキと船頭さん,,,,高千穂町三田井神殿,,興梠シゲノ,比江島重孝,,比江島重孝,日向こども民話230,第230回(1973.7.1.).pdf,宮崎日日新聞、昭和48年7月日,宮崎日日新聞,昭和43年,1968,,,,絵：坂本正直
川の坊主,,,,五ヶ瀬町大字三ヶ所長迫,,吉田栄作,比江島重孝,,比江島重孝,日向こども民話231,第231回(1973.7.8.).pdf,宮崎日日新聞、昭和48年7月日,宮崎日日新聞,昭和43年,1968,,,,絵：坂本正直
おたまとおすぎ,,,,高千穂町三田井神殿,,興梠シゲノ,比江島重孝,,比江島重孝,日向こども民話232,第232回(1973.8.5.).pdf,宮崎日日新聞、昭和48年8月日,宮崎日日新聞,昭和43年,1968,,,,絵：坂本正直
落ちるものは,,,,高千穂町三田井神殿,,興梠シゲノ,比江島重孝,,比江島重孝,日向こども民話233,第233回(1973.8.12.).pdf,宮崎日日新聞、昭和48年8月日,宮崎日日新聞,昭和43年,1968,,,,
いであげだご汁,,,,高千穂町三田井神殿,,佐藤英太郎,比江島重孝,,比江島重孝,日向こども民話234,第234回(1973.8.26.).pdf,宮崎日日新聞、昭和48年8月日,宮崎日日新聞,昭和43年,1968,,,,
あそ山の雪,,,,高千穂町三田井神殿,,佐藤英太郎,比江島重孝,,比江島重孝,日向こども民話234,第234回(1973.8.26.).pdf,宮崎日日新聞、昭和48年8月日,宮崎日日新聞,昭和43年,1968,,,,
石臼をかついで,,,,高千穂町三田井神殿,,佐藤実太郎,比江島重孝,,比江島重孝,日向こども民話235,第235回(1973.9.2.).pdf,宮崎日日新聞、昭和48年9月日,宮崎日日新聞,昭和43年,1968,,,,
小僧ばなし,,,,五ヶ瀬町桑野内下赤,,佐伯重太郎,比江島重孝,,比江島重孝,日向こども民話235,第235回(1973.9.2.).pdf,宮崎日日新聞、昭和48年9月日,宮崎日日新聞,昭和43年,1968,,,,
ぞうすいの神,,,,佐土原町新町,,遠藤才次郎,比江島重孝,,比江島重孝,日向こども民話236,第236回(1973.10.21.)★.pdf,宮崎日日新聞、昭和48年10月日,宮崎日日新聞,昭和43年,1968,,,,
どあんさん,,,,佐土原町平小牧,,永野伊作,比江島重孝,,比江島重孝,日向こども民話236,第236回(1973.10.21.)★.pdf,宮崎日日新聞、昭和48年10月日,宮崎日日新聞,昭和43年,1968,,,,
半ぴどんの話,,,,佐土原町平小牧,,永野伊作,比江島重孝,,比江島重孝,日向こども民話237,第237回(1973.11.4.).pdf,宮崎日日新聞、昭和48年11月日,宮崎日日新聞,昭和43年,1968,,,,
なぞ　なぞ,,,,五ヶ瀬町桑野内小半田,,甲斐伊太郎,比江島重孝,,比江島重孝,日向こども民話237,第237回(1973.11.4.).pdf,宮崎日日新聞、昭和48年11月日,宮崎日日新聞,昭和43年,1968,,,,
子助け杉,,,,高千穂町三田井神殿,,佐藤実太郎,比江島重孝,,比江島重孝,日向こども民話238,第238回(1973.11.9.).pdf,宮崎日日新聞、昭和48年11月日,宮崎日日新聞,昭和43年,1968,,,,
くずの城,,,,高千穂町河内夕塩,,田上善作,比江島重孝,,比江島重孝,日向こども民話238,第238回(1973.11.9.).pdf,宮崎日日新聞、昭和48年11月日,宮崎日日新聞,昭和43年,1968,,,,
キジかカラスか,,,,高千穂町河内夕塩,,田上善作,比江島重孝,,比江島重孝,日向こども民話239,第239回(1973.11.18.).pdf,宮崎日日新聞、昭和48年11月日,宮崎日日新聞,昭和43年,1968,,,,
消し相撲の名人,,,,五ヶ瀬町桑野内土生,,綾武範,比江島重孝,,比江島重孝,日向こども民話240,第240回(1973.11.23.).pdf,宮崎日日新聞、昭和48年11月日,宮崎日日新聞,昭和43年,1968,,,,
犬と猫,,,,五ヶ瀬町桑野内下赤,,佐伯利兵衛,比江島重孝,,比江島重孝,日向こども民話241,第241回(1973.12.5.).pdf,宮崎日日新聞、昭和48年12月日,宮崎日日新聞,昭和43年,1968,,,,
どちらがふといか,,,,高千穂町河内夕塩,,田上善作,比江島重孝,,比江島重孝,日向こども民話242,第242回(1973.12.9.).pdf,宮崎日日新聞、昭和48年12月日,宮崎日日新聞,昭和43年,1968,,,,
イモざしのさほう,,,,高千穂町河内夕塩,,田上善作,比江島重孝,,比江島重孝,日向こども民話243,第243回(1973.12.14.).pdf,宮崎日日新聞、昭和48年12月日,宮崎日日新聞,昭和43年,1968,,,,
宇納間まいり,,,,高千穂町河内夕塩,,田上善作,比江島重孝,,比江島重孝,日向こども民話244,第244回(1973.12.21.),宮崎日日新聞、昭和48年12月日,宮崎日日新聞,昭和43年,1968,,,,
おまえはだれか,,,,高千穂町河内夕塩,,田上善作,比江島重孝,,比江島重孝,日向こども民話245,第245回(1974.1.13.).pdf,宮崎日日新聞、昭和49年1月日,宮崎日日新聞,昭和43年,1968,,,,
きっちょむさんの家,,,,五ヶ瀬町桑野内土生,,綾武範,比江島重孝,,比江島重孝,日向こども民話246,第246回(1974.1.25.).pdf,宮崎日日新聞、昭和49年1月日,宮崎日日新聞,昭和43年,1968,,,,
狩りの名人,,,,日之影町小原樅木尾,,広島栄,比江島重孝,,比江島重孝,日向こども民話247,第247回(1974.2.3.).pdf,宮崎日日新聞、昭和49年2月日,宮崎日日新聞,昭和43年,1968,,,,
やりくり孫左衛門,,,,高千穂町三田井神殿,,興梠シゲノ,比江島重孝,,比江島重孝,日向こども民話248,第248回(1974.2.10.).pdf,宮崎日日新聞、昭和49年2月日,宮崎日日新聞,昭和43年,1968,,,,
逆巻大明神,,,,高千穂町三田井神殿,,甲斐重宣,比江島重孝,,比江島重孝,日向こども民話249,第249回(1974.2.17.).pdf,宮崎日日新聞、昭和49年2月日,宮崎日日新聞,昭和43年,1968,,,,
めし盗人,,,,五ヶ瀬町桑野内小半田,,甲斐タケ,比江島重孝,,比江島重孝,日向こども民話250,第250回(1974.2.24.).pdf,宮崎日日新聞、昭和49年2月日,宮崎日日新聞,昭和43年,1968,,,,
ばば石,,,,五ヶ瀬町桑野内柿の尾,,佐藤トヨノ,比江島重孝,,比江島重孝,日向こども民話250,第250回(1974.2.24.).pdf,宮崎日日新聞、昭和49年2月日,宮崎日日新聞,昭和43年,1968,,,,
からねんぶつ,,,,高千穂町三田井神殿,,佐藤実太郎,比江島重孝,,比江島重孝,日向こども民話251,第251回(1974.3.3.).pdf,宮崎日日新聞、昭和49年3月日,宮崎日日新聞,昭和43年,1968,,,,
おまき戸,,,,日之影町小原樅木尾,,広島栄,比江島重孝,,比江島重孝,日向こども民話252,第252回(1974.3.10.).pdf,宮崎日日新聞、昭和49年3月日,宮崎日日新聞,昭和43年,1968,,,,
くびかけ石,,,,五ヶ瀬町桑野内小半田,,甲斐伊太郎,比江島重孝,,比江島重孝,日向こども民話252,第252回(1974.3.10.).pdf,宮崎日日新聞、昭和49年3月日,宮崎日日新聞,昭和43年,1968,,,,
はんとばか,,,,高千穂町三田井神殿,,興梠シゲノ,比江島重孝,,比江島重孝,日向こども民話253,第253回(1974.3.17.).pdf,宮崎日日新聞、昭和49年3月日,宮崎日日新聞,昭和43年,1968,,,,
ふとんのゆうれい,,,,五ヶ瀬町桑野内土生,,綾武範,比江島重孝,,比江島重孝,日向こども民話254,第254回(1974.3.26.).pdf,宮崎日日新聞、昭和49年3月日,宮崎日日新聞,昭和43年,1968,,,,
ならしのひも,,,,五ヶ瀬町桑野内麦の崎,,佐伯長四郎,比江島重孝,,比江島重孝,日向こども民話254,第254回(1974.3.26.).pdf,宮崎日日新聞、昭和49年3月日,宮崎日日新聞,昭和43年,1968,,,,
ねぼけの坊さん,,,,五ヶ瀬町桑野内鳥越,,末松サエ,比江島重孝,,比江島重孝,日向こども民話255,第255回(1974.4.7.).pdf,宮崎日日新聞、昭和49年4月日,宮崎日日新聞,昭和43年,1968,,,,
あついうちなら,,,,高千穂町上岩戸岩井谷,,佐藤政二郎,比江島重孝,,比江島重孝,日向こども民話256,第256回(1974.4.17.).pdf,宮崎日日新聞、昭和49年4月日,宮崎日日新聞,昭和43年,1968,,,,
六尺どん,,,,串間市老人クラブ,,河野幸一,比江島重孝,,比江島重孝,日向こども民話257,第257回(1974.4.24.).pdf,宮崎日日新聞、昭和49年4月日,宮崎日日新聞,昭和43年,1968,,,,
着物がほしいわ,,,,高千穂町三田井神殿,,興梠シゲノ,比江島重孝,,比江島重孝,日向こども民話258,第258回(1974.5.3.).pdf,宮崎日日新聞、昭和49年5月日,宮崎日日新聞,昭和43年,1968,,,,
ちまき団子,,,,西都市穂北囲,,西原ハツ,比江島重孝,,比江島重孝,日向こども民話259,第259回(1974.5.8.).pdf,宮崎日日新聞、昭和49年5月日,宮崎日日新聞,昭和43年,1968,,,,
観音さま,,,,五ヶ瀬町坂本,,甲斐タミ,比江島重孝,,比江島重孝,日向こども民話260,第260回(1974.5.15.).pdf,宮崎日日新聞、昭和49年5月日,宮崎日日新聞,昭和43年,1968,,,,
無念供養,,,,五ヶ瀬町坂本,,甲斐タミ,比江島重孝,,比江島重孝,日向こども民話261,第261回(1974.5.22.).pdf,宮崎日日新聞、昭和49年5月日,宮崎日日新聞,昭和43年,1968,,,,
緋色のふんどし,,,,五ヶ瀬町坂本,,甲斐タミ,比江島重孝,,比江島重孝,日向こども民話262,第262回(1974.5.29.).pdf,宮崎日日新聞、昭和49年5月日,宮崎日日新聞,昭和43年,1968,,,,
黄金のつぼ,,,,五ヶ瀬町大石,,岩本マキ,比江島重孝,,比江島重孝,日向こども民話263,第263回(1974.6.5.).pdf,宮崎日日新聞、昭和49年6月日,宮崎日日新聞,昭和43年,1968,,,,
山女の枕神,,,,五ヶ瀬町桑野内鳥越,,末松サエ,比江島重孝,,比江島重孝,日向こども民話264,第264回(1974.6.12.).pdf,宮崎日日新聞、昭和49年6月日,宮崎日日新聞,昭和43年,1968,,,,
きつねのかあちゃん,,,,五ヶ瀬町桑野内小半田,,甲斐タケ,比江島重孝,,比江島重孝,日向こども民話264,第264回(1974.6.12.).pdf,宮崎日日新聞、昭和49年6月日,宮崎日日新聞,昭和43年,1968,,,,
かや犬の神様,,,,串間市本城中園,,水元不二夫,比江島重孝,,比江島重孝,日向こども民話265,第265回(1974.6.19.).pdf,宮崎日日新聞、昭和49年6月日,宮崎日日新聞,昭和43年,1968,,,,
田のこやし,,,,串間市本城中園,,水元不二夫,比江島重孝,,比江島重孝,日向こども民話265,第265回(1974.6.19.).pdf,宮崎日日新聞、昭和49年6月日,宮崎日日新聞,昭和43年,1968,,,,
わらいのお茶,,,,五ヶ瀬町坂本大石,,岩本マキ,比江島重孝,,比江島重孝,日向こども民話266,第266回(1974.6.26.).pdf,宮崎日日新聞、昭和49年6月日,宮崎日日新聞,昭和43年,1968,,,,
ちょうのゆめ,,,,五ヶ瀬町坂本大石,,岩本マキ,比江島重孝,,比江島重孝,日向こども民話267,第267回(1974.7.3.).pdf,宮崎日日新聞、昭和49年7月日,宮崎日日新聞,昭和43年,1968,,,,
なすの人,,,,五ヶ瀬町桑野内下赤,,佐伯利兵衛,比江島重孝,,比江島重孝,日向こども民話268,第268回(1974.7.10.).pdf,宮崎日日新聞、昭和49年7月日,宮崎日日新聞,昭和43年,1968,,,,
猿のお札,,,,高千穂町三田井神殿,,佐藤実太郎,比江島重孝,,比江島重孝,日向こども民話269,第269回(1974.8.4.).pdf,宮崎日日新聞、昭和49年8月日,宮崎日日新聞,昭和43年,1968,,,,
かのすのふた,,,,高千穂町三田井神殿,,佐藤実太郎,比江島重孝,,比江島重孝,日向こども民話269,第269回(1974.8.4.).pdf,宮崎日日新聞、昭和49年8月日,宮崎日日新聞,昭和43年,1968,,,,
ぼんぜん花,,,,高千穂町上岩戸栃木,,佐藤正,比江島重孝,,比江島重孝,日向こども民話270,第270回(1974.8.11.)★.pdf,宮崎日日新聞、昭和49年8月日,宮崎日日新聞,昭和43年,1968,,,,
福の神さん,,,,佐土原町広瀬平小牧,,永野伊作,比江島重孝,,比江島重孝,日向こども民話270,第270回(1974.8.11.)★.pdf,宮崎日日新聞、昭和49年8月日,宮崎日日新聞,昭和43年,1968,,,,
祝い水,,,,五ヶ瀬町坂本大石,,岩本マキ,比江島重孝,,比江島重孝,日向こども民話271,第271回(1974.8.18.).pdf,宮崎日日新聞、昭和49年8月日,宮崎日日新聞,昭和43年,1968,,,,
蛇こんじょう,,,,五ヶ瀬町桑野内小半田,,甲斐タケ,比江島重孝,,比江島重孝,日向こども民話272,第272回(1974.8.25.).pdf,宮崎日日新聞、昭和49年8月日,宮崎日日新聞,昭和43年,1968,,,,
わなかけ,,,,高千穂町上岩戸,,佐藤政二郎,比江島重孝,,比江島重孝,日向こども民話273,第273回(1974.9.3.).pdf,宮崎日日新聞、昭和49年9月日,宮崎日日新聞,昭和43年,1968,,,,
返事がかくら,,,,五ヶ瀬町三ヶ所坂本,,甲斐タミ,比江島重孝,,比江島重孝,日向こども民話273,第273回(1974.9.3.).pdf,宮崎日日新聞、昭和49年9月日,宮崎日日新聞,昭和43年,1968,,,,
なんとかの神,,,,高千穂町三田井神殿,,興梠シゲノ,比江島重孝,,比江島重孝,日向こども民話274,第274回(1974.9.8.).pdf,宮崎日日新聞、昭和49年9月日,宮崎日日新聞,昭和43年,1968,,,,
大和の姫,,,,五ヶ瀬町坂本大石,,岩本マキ,比江島重孝,,比江島重孝,日向こども民話274,第274回(1974.9.8.).pdf,宮崎日日新聞、昭和49年9月日,宮崎日日新聞,昭和43年,1968,,,,
絵姿女房,,,,高千穂町三田井神殿,,興梠シゲノ,比江島重孝,,比江島重孝,日向こども民話275,第275回(1974.9.22.).pdf,宮崎日日新聞、昭和49年9月日,宮崎日日新聞,昭和43年,1968,,,,
くわばらくわばら,,,,新富町新田新町,,川崎猫八,比江島重孝,,比江島重孝,日向こども民話276,第276回(1974.9.25.).pdf,宮崎日日新聞、昭和49年9月日,宮崎日日新聞,昭和43年,1968,,,,
大けな話,,,,新富町新田新町,,川崎猫八,比江島重孝,,比江島重孝,日向こども民話277,第277回(1974.9.29.).pdf,宮崎日日新聞、昭和49年9月日,宮崎日日新聞,昭和43年,1968,,,,
月と太陽,,,,五ヶ瀬町坂本大石,,岩本マキ,比江島重孝,,比江島重孝,日向こども民話278,第278回(1974.10.6.).pdf,宮崎日日新聞、昭和49年10月日,宮崎日日新聞,昭和43年,1968,,,,
うぶめ,,,,高千穂町上岩戸,,佐藤政二郎,比江島重孝,,比江島重孝,日向こども民話279,第279回(1974.10.13.).pdf,宮崎日日新聞、昭和49年10月日,宮崎日日新聞,昭和43年,1968,,,,
猫おどり,,,,高千穂町上岩戸,,佐藤政二郎,比江島重孝,,比江島重孝,日向こども民話279,第279回(1974.10.13.).pdf,宮崎日日新聞、昭和49年10月日,宮崎日日新聞,昭和43年,1968,,,,
きいだ川,,,,新富町新田芝原,,川崎猫八,比江島重孝,,比江島重孝,日向こども民話280,第280回(1974.10.20.).pdf,宮崎日日新聞、昭和49年10月日,宮崎日日新聞,昭和43年,1968,,,,
蓮のまんだら,,,,五ヶ瀬町坂本大石,,岩本マキ,比江島重孝,,比江島重孝,日向こども民話281,第281回(1974.11.10.).pdf,宮崎日日新聞、昭和49年11月日,宮崎日日新聞,昭和43年,1968,,,,
豊年満作,,,,五ヶ瀬町坂本大石,,岩本マキ,比江島重孝,,比江島重孝,日向こども民話281,第281回(1974.11.10.).pdf,宮崎日日新聞、昭和49年11月日,宮崎日日新聞,昭和43年,1968,,,,
生きている水,,,,五ヶ瀬町坂本大石,,岩本マキ,比江島重孝,,比江島重孝,日向こども民話282,第282回(1974.11.17.).pdf,宮崎日日新聞、昭和49年11月日,宮崎日日新聞,昭和43年,1968,,,,
力持ちの話,,,,新富町新田芝原,,川崎猫八,比江島重孝,,比江島重孝,日向こども民話283,第283回(1974.11.24.).pdf,宮崎日日新聞、昭和49年11月日,宮崎日日新聞,昭和43年,1968,,,,
短気は損気,,,,五ヶ瀬町坂本大石,,岩本マキ,比江島重孝,,比江島重孝,日向こども民話284,第284回(1974.12.1.).pdf,宮崎日日新聞、昭和49年12月日,宮崎日日新聞,昭和43年,1968,,,,
えいぞう渕,,,,高千穂町三田井神殿,,佐藤実太郎,比江島重孝,,比江島重孝,日向こども民話285,第285回(1974.12.8.).pdf,宮崎日日新聞、昭和49年12月日,宮崎日日新聞,昭和43年,1968,,,,
まだ娑婆にいる,,,,高千穂町三田井神殿,,佐藤実太郎,比江島重孝,,比江島重孝,日向こども民話285,第285回(1974.12.8.).pdf,宮崎日日新聞、昭和49年12月日,宮崎日日新聞,昭和43年,1968,,,,
イカダのおなら,,,,高千穂町三田井神殿,,興梠シゲノ,比江島重孝,,比江島重孝,日向こども民話286,第286回(1974.12.15.).pdf,宮崎日日新聞、昭和49年12月日,宮崎日日新聞,昭和43年,1968,,,,
かがみの言葉,,,,五ヶ瀬町坂本大石,,岩本マキ・ユキ,比江島重孝,,比江島重孝,日向こども民話286,第286回(1974.12.15.).pdf,宮崎日日新聞、昭和49年12月日,宮崎日日新聞,昭和43年,1968,,,,
歯なし,,,,高千穂町岩戸岩井谷,,佐藤政二郎,比江島重孝,,比江島重孝,日向こども民話287,第287回(1974.12.22.).pdf,宮崎日日新聞、昭和49年12月日,宮崎日日新聞,昭和43年,1968,,,,
かるい女の子,,,,五ヶ瀬町坂本大石,,岩本マキ,比江島重孝,,比江島重孝,日向こども民話287,第287回(1974.12.22.).pdf,宮崎日日新聞、昭和49年12月日,宮崎日日新聞,昭和43年,1968,,,,
八匹の駒,,,,"佐土原町下田島明神山
老人ホーム望洋園",,貫名栄吉,比江島重孝,,比江島重孝,日向こども民話288,第288回(1974.12.29.)★,宮崎日日新聞、昭和49年12月日,宮崎日日新聞,昭和43年,1968,,,,
三年たったら,,,,新富町新田新町,,川崎猫八,比江島重孝,,比江島重孝,日向こども民話289,第289回(1975.1.8.).pdf,宮崎日日新聞、昭和50年1月日,宮崎日日新聞,昭和43年,1968,,,,
山姥の子,,,,五ヶ瀬町坂本大石,,岩本マキ,比江島重孝,,比江島重孝,日向こども民話290,第290回(1975.1.19.).pdf,宮崎日日新聞、昭和50年1月日,宮崎日日新聞,昭和43年,1968,,,,
てんころ蛇,,,,五ヶ瀬町坂本大石,,岩本マキ,比江島重孝,,比江島重孝,日向こども民話290,第290回(1975.1.19.).pdf,宮崎日日新聞、昭和50年1月日,宮崎日日新聞,昭和43年,1968,,,,
タカと百合若,,,,五ヶ瀬町桑野内下赤,,佐伯利兵衛,比江島重孝,,比江島重孝,日向こども民話291,第291回(1975.1.26.).pdf,宮崎日日新聞、昭和50年1月日,宮崎日日新聞,昭和43年,1968,,,,
易ひきどん,,,,佐土原町広瀬平小牧,,永野伊作,比江島重孝,,比江島重孝,日向こども民話292,第292回(1975.2.2.)★.pdf,宮崎日日新聞、昭和50年2月日,宮崎日日新聞,昭和43年,1968,,,,
経文のききめ,,,,佐土原町広瀬平小牧,,永野伊作,比江島重孝,,比江島重孝,日向こども民話293,第293回(1975.2.9.)★.pdf,宮崎日日新聞、昭和50年2月日,宮崎日日新聞,昭和43年,1968,,,,
米良の正月ことば,,,,佐土原町広瀬平小牧,,永野伊作,比江島重孝,,比江島重孝,日向こども民話293,第293回(1975.2.9.)★.pdf,宮崎日日新聞、昭和50年2月日,宮崎日日新聞,昭和43年,1968,,,,
一ぴきのたぬき,,,,佐土原町広瀬平小牧,,永野伊作,比江島重孝,,比江島重孝,日向こども民話294,第294回(1975.2.16.)★.pdf,宮崎日日新聞、昭和50年2月日,宮崎日日新聞,昭和43年,1968,,,,
大根の不作,,,,佐土原町広瀬平小牧,,永野伊作,比江島重孝,,比江島重孝,日向こども民話294,第294回(1975.2.16.)★.pdf,宮崎日日新聞、昭和50年2月日,宮崎日日新聞,昭和43年,1968,,,,
家の黒焼き,,,,五ヶ瀬町三ヶ所大石,,岩本マキ,比江島重孝,,比江島重孝,日向こども民話295,第295回(1975.2.23.).pdf,宮崎日日新聞、昭和50年2月日,宮崎日日新聞,昭和43年,1968,,,,
小僧ばなし,,,,五ヶ瀬町三ヶ所大石,,岩本マキ,比江島重孝,,比江島重孝,日向こども民話295,第295回(1975.2.23.).pdf,宮崎日日新聞、昭和50年2月日,宮崎日日新聞,昭和43年,1968,,,,
山太郎と千両箱,,,,新富町祇園原,,黒木政善,比江島重孝,,比江島重孝,日向こども民話296,第296回(1975.3.9.).pdf,宮崎日日新聞、昭和50年3月日,宮崎日日新聞,昭和43年,1968,,,,
ちょうちんの火,,,,都農町川北名貫,,坂田ケイ,比江島重孝,,比江島重孝,日向こども民話297,第297回(1975.3.23.).pdf,宮崎日日新聞、昭和50年3月日,宮崎日日新聞,昭和43年,1968,,,,
御符の水,,,,都農町川北名貫,,坂田ケイ,比江島重孝,,比江島重孝,日向こども民話297,第297回(1975.3.23.).pdf,宮崎日日新聞、昭和50年3月日,宮崎日日新聞,昭和43年,1968,,,,
くわひり,,,,高千穂町上岩戸岩井谷,,佐藤政二郎,比江島重孝,,比江島重孝,日向こども民話298,第298回(1975.3.30.).pdf,宮崎日日新聞、昭和50年3月日,宮崎日日新聞,昭和43年,1968,,,,
狩人の親子,,,,高千穂町三田井神殿,,興梠シゲノ,比江島重孝,,比江島重孝,日向こども民話299,第299回(1975.4.6.).pdf,宮崎日日新聞、昭和50年4月日,宮崎日日新聞,昭和43年,1968,,,,
水という字,,,,都農町名貫,,坂田ケイ,比江島重孝,,比江島重孝,日向こども民話300,第300回(1975.4.13.).pdf,宮崎日日新聞、昭和50年4月日,宮崎日日新聞,昭和43年,1968,,,,
蜂と鈴,,,,五ヶ瀬町三ケ所高畑,,飯干岩一,比江島重孝,,比江島重孝,日向こども民話301,第301回(1975.4.20.).pdf,宮崎日日新聞、昭和50年4月日,宮崎日日新聞,昭和43年,1968,,,,
ゆずり葉,,,,新富町新田祇園原,,黒木政善,比江島重孝,,比江島重孝,日向こども民話301,第301回(1975.4.20.).pdf,宮崎日日新聞、昭和50年4月日,宮崎日日新聞,昭和43年,1968,,,,
天草寝太郎,,,,都農町川北名貫,,坂田ケイ,比江島重孝,,比江島重孝,日向こども民話302,第302回(1975.4.27.).pdf,宮崎日日新聞、昭和50年4月日,宮崎日日新聞,昭和43年,1968,,,,
ほうそうの守神,,,,都農町川北名貫,,坂田ケイ,比江島重孝,,比江島重孝,日向こども民話302,第302回(1975.4.27.).pdf,宮崎日日新聞、昭和50年4月日,宮崎日日新聞,昭和43年,1968,,,,
地蔵のかさ賃,,,,佐土原町広瀬平小牧,,永野伊作,比江島重孝,,比江島重孝,日向こども民話303,第303回(1975.5.4.)★.pdf,宮崎日日新聞、昭和50年5月日,宮崎日日新聞,昭和43年,1968,,,,
かぜと加勢,,,,佐土原町下那珂,,佐藤鹿蔵,比江島重孝,,比江島重孝,日向こども民話303,第303回(1975.5.4.)★.pdf,宮崎日日新聞、昭和50年5月日,宮崎日日新聞,昭和43年,1968,,,,
かた足で五円がた,,,,佐土原町広瀬平小牧,,永野伊作,比江島重孝,,比江島重孝,日向こども民話304,第304回(1975.5.11.)★.pdf,宮崎日日新聞、昭和50年5月日,宮崎日日新聞,昭和43年,1968,,,,
大蛇の骨,,,,西都市穂北囲,,西原ハツ,比江島重孝,,比江島重孝,日向こども民話304,第304回(1975.5.11.)★.pdf,宮崎日日新聞、昭和50年5月日,宮崎日日新聞,昭和43年,1968,,,,
馬のけつのぞき,,,,都農町川北名貫,,坂田ケイ,比江島重孝,,比江島重孝,日向こども民話305,第305回(1975.5.18.).pdf,宮崎日日新聞、昭和50年5月日,宮崎日日新聞,昭和43年,1968,,,,
ブス物語　その1,,,,五ヶ瀬町桑野内小半田,,甲斐伊太郎,比江島重孝,,比江島重孝,日向こども民話306,第306回(1975.5.25.).pdf,宮崎日日新聞、昭和50年5月日,宮崎日日新聞,昭和43年,1968,,,,
ブス物語　その2,,,,五ヶ瀬町桑野内小半田,,甲斐伊太郎,比江島重孝,,比江島重孝,日向こども民話307,第307回(1975.6.1.).pdf,宮崎日日新聞、昭和50年6月日,宮崎日日新聞,昭和43年,1968,,,,
だんごやれまて,,,,佐土原町下田島佐賀利,,河野ヒサ,比江島重孝,,比江島重孝,日向こども民話308,第308回(1975.6.8.)★.pdf,宮崎日日新聞、昭和50年6月日,宮崎日日新聞,昭和43年,1968,,,,
こじきになった男,,,,佐土原町下田島佐賀利,,河野ヒサ,比江島重孝,,比江島重孝,日向こども民話309,第309回(1975.6.15.)★.pdf,宮崎日日新聞、昭和50年6月日,宮崎日日新聞,昭和43年,1968,,,,
灰のしめなわ,,,,五ヶ瀬町三ヶ所大石,,岩本マキ,比江島重孝,,比江島重孝,日向こども民話310,第310回(1975.6.22.).pdf,宮崎日日新聞、昭和50年6月日,宮崎日日新聞,昭和43年,1968,,,,
まがりぐら,,,,佐土原町下那珂広原,,鈴木宅蔵,比江島重孝,,比江島重孝,日向こども民話311,第311回(1975.6.29.)★.pdf,宮崎日日新聞、昭和50年6月日,宮崎日日新聞,昭和43年,1968,,,,
子どもがおらん,,,,木城町高城,,手塚虎男,比江島重孝,,比江島重孝,日向こども民話312,第312回(1975.7.6.).pdf,宮崎日日新聞、昭和50年7月日,宮崎日日新聞,昭和43年,1968,,,,
ひょうすんぼのクスリ,,,,木城町大字高城立小路,,神野信行,比江島重孝,,比江島重孝,日向こども民話313,第313回(1975.7.13.).pdf,宮崎日日新聞、昭和50年7月日,宮崎日日新聞,昭和43年,1968,,,,
猫は魔,,,,木城町大字高城立小路,,三谷ツマ,比江島重孝,,比江島重孝,日向こども民話314,第314回(1975.7.20.).pdf,宮崎日日新聞、昭和50年7月日,宮崎日日新聞,昭和43年,1968,,,,
鉄道のゆうれい,,,,木城町大字高城立小路,,三谷ツマ,比江島重孝,,比江島重孝,日向こども民話314,第314回(1975.7.20.).pdf,宮崎日日新聞、昭和50年7月日,宮崎日日新聞,昭和43年,1968,,,,
大蛇の話,,,,木城町高城,,手塚虎男,比江島重孝,,比江島重孝,日向こども民話315,第315回(1975.7.27.).pdf,宮崎日日新聞、昭和50年7月日,宮崎日日新聞,昭和43年,1968,,,,
まるちんの猫,,,,都農町川北名貫,,坂田ケイ,比江島重孝,,比江島重孝,日向こども民話316,第316回(1975.8.3.).pdf,宮崎日日新聞、昭和50年8月日,宮崎日日新聞,昭和43年,1968,,,,
こぞうの歌よみ,,,,西都市鹿野田,,五百木フデ,比江島重孝,,比江島重孝,日向こども民話317,第317回(1975.8.10.).pdf,宮崎日日新聞、昭和50年8月日,宮崎日日新聞,昭和43年,1968,,,,
一枚の鼻紙,,,,西都市鹿野田,,五百木フデ,比江島重孝,,比江島重孝,日向こども民話318,第318回(1975.8.17.).pdf,宮崎日日新聞、昭和50年8月日,宮崎日日新聞,昭和43年,1968,,,,
ふとれば,,,,西都市都於郡馬継谷,,中川京一,比江島重孝,,比江島重孝,日向こども民話319,第319回(1975.8.24.).pdf,宮崎日日新聞、昭和50年8月日,宮崎日日新聞,昭和43年,1968,,,,
赤い火玉,,,,都農町川北名貫,,坂田ケイ,比江島重孝,,比江島重孝,日向こども民話320,第320回(1975.8.31.).pdf,宮崎日日新聞、昭和50年8月日,宮崎日日新聞,昭和43年,1968,,,,
ふくふく,,,,西都市都於郡馬継谷,,中川京一,比江島重孝,,比江島重孝,日向こども民話321,第321回(1975.9.7.).pdf,宮崎日日新聞、昭和50年9月日,宮崎日日新聞,昭和43年,1968,,,,
大けねぐら,,,,国富町八代北俣牧原,,関屋公重,比江島重孝,,比江島重孝,日向こども民話322,第322回(1975.9.14.).pdf,宮崎日日新聞、昭和50年9月日,宮崎日日新聞,昭和43年,1968,,,,
足かた畑,,,,国富町八代北俣牧原,,関屋公重,比江島重孝,,比江島重孝,日向こども民話322,第322回(1975.9.14.).pdf,宮崎日日新聞、昭和50年9月日,宮崎日日新聞,昭和43年,1968,,,,
たてわきさま,,,,国富町八代北俣牧原,,関屋公重,比江島重孝,,比江島重孝,日向こども民話323,第323回(1975.9.21.).pdf,宮崎日日新聞、昭和50年9月日,宮崎日日新聞,昭和43年,1968,,,,
六地蔵さま,,,,国富町八代北俣牧原,,関屋公重,比江島重孝,,比江島重孝,日向こども民話323,第323回(1975.9.21.).pdf,宮崎日日新聞、昭和50年9月日,宮崎日日新聞,昭和43年,1968,,,,
そこそこ入道,,,,佐土原町下那珂竹ヶ島,,隈本義男,比江島重孝,,比江島重孝,日向こども民話324,第324回(1975.9.28.)★.pdf,宮崎日日新聞、昭和50年9月日,宮崎日日新聞,昭和43年,1968,,,,
タコと大蛇,,,,西都市鹿野田馬継谷,,中川京一,比江島重孝,,比江島重孝,日向こども民話324,第324回(1975.9.28.)★.pdf,宮崎日日新聞、昭和50年9月日,宮崎日日新聞,昭和43年,1968,,,,
きつねという字,,,,西都市鹿野田馬継谷,,中川京一,比江島重孝,,比江島重孝,日向こども民話325,第325回(1975.10.5.).pdf,宮崎日日新聞、昭和50年10月日,宮崎日日新聞,昭和43年,1968,,,,
うつむき太郎,,,,西都市鹿野田馬継谷,,中川京一,比江島重孝,,比江島重孝,日向こども民話326,第326回(1975.10.12.).pdf,宮崎日日新聞、昭和50年10月日,宮崎日日新聞,昭和43年,1968,,,,
宝屁,,,,西都市鹿野田馬継谷,,中川京一,比江島重孝,,比江島重孝,日向こども民話327,第327回(1975.10.19.).pdf,宮崎日日新聞、昭和50年10月日,宮崎日日新聞,昭和43年,1968,,,,
浮木丸,,,,都農町名貫,,坂田ケイ,比江島重孝,,比江島重孝,日向こども民話328,第328回(1975.10.26.).pdf,宮崎日日新聞、昭和50年10月日,宮崎日日新聞,昭和43年,1968,,,,
五百坂のきつね,,,,国富町三名牧原,,青山テル子,比江島重孝,,比江島重孝,日向こども民話329,第329回(1975.11.2.).pdf,宮崎日日新聞、昭和50年11月日,宮崎日日新聞,昭和43年,1968,,,,
蛇のたましい,,,,西都市鹿野田馬継谷,,中川京一,比江島重孝,,比江島重孝,日向こども民話330,第330回(1975.11.9.).pdf,宮崎日日新聞、昭和50年11月日,宮崎日日新聞,昭和43年,1968,,,,
水神さん,,,,佐土原町福島,,安芸正行,比江島重孝,,比江島重孝,日向こども民話331,第331回(1975.11.16.)★.pdf,宮崎日日新聞、昭和50年11月日,宮崎日日新聞,昭和43年,1968,,,,
力持ちどん,,,,佐土原町元村,,長谷川嘉吉,比江島重孝,,比江島重孝,日向こども民話331,第331回(1975.11.16.)★.pdf,宮崎日日新聞、昭和50年11月日,宮崎日日新聞,昭和43年,1968,,,,
春の駒,,,,佐土原町西上那珂船野,,横山慶啓,比江島重孝,,比江島重孝,日向こども民話332,第332回(1975.11.23.)★.pdf,宮崎日日新聞、昭和50年11月日,宮崎日日新聞,昭和43年,1968,,,,
八寸の爪,,,,西都市都於郡岩爪,,高山芳英,比江島重孝,,比江島重孝,日向こども民話333,第333回(1975.11.30.).pdf,宮崎日日新聞、昭和50年11月日,宮崎日日新聞,昭和43年,1968,,,,
じょすじいの下駄,,,,西都市都於郡岩爪,,高山芳英,比江島重孝,,比江島重孝,日向こども民話334,第334回(1975.12.7.)★.pdf,宮崎日日新聞、昭和50年12月日,宮崎日日新聞,昭和43年,1968,,,,
三尺づらになれ,,,,木城町大字高城立小路,,三谷ツマ,比江島重孝,,比江島重孝,日向こども民話335,第335回(1975.12.14.).pdf,宮崎日日新聞、昭和50年12月日,宮崎日日新聞,昭和43年,1968,,,,
櫛がほしい,,,,木城町大字高城立小路,,三谷ツマ,比江島重孝,,比江島重孝,日向こども民話336,第336回(1975.12.21.).pdf,宮崎日日新聞、昭和50年12月日,宮崎日日新聞,昭和43年,1968,,,,
ナシぶげん,,,,佐土原町西上那珂船野,,高山芳英,比江島重孝,,比江島重孝,日向こども民話337,第337回(1975.12.28.)★,宮崎日日新聞、昭和50年12月日,宮崎日日新聞,昭和43年,1968,,,,
二つの歌,,,,西都市鹿野田馬継谷,,中川京一,比江島重孝,,比江島重孝,日向こども民話338,第338回(1976.1.11).pdf,宮崎日日新聞、昭和51年1月日,宮崎日日新聞,昭和43年,1968,,,,
ふしぎな鏡,,,,高千穂町三田井神殿,,興梠シゲノ,比江島重孝,,比江島重孝,日向こども民話339,第339回(1976.1.18).pdf,宮崎日日新聞、昭和51年1月日,宮崎日日新聞,昭和43年,1968,,,,
大ばかめ,,,,佐土原町西上那珂船野,,高山芳英,比江島重孝,,比江島重孝,日向こども民話340,第340回(1976.1.25)★.pdf,宮崎日日新聞、昭和51年1月日,宮崎日日新聞,昭和43年,1968,,,,
岩穴の大ウナギ,,,,佐土原町西上那珂船野,,高山芳英,比江島重孝,,比江島重孝,日向こども民話341,第341回(1976.2.1).pdf,宮崎日日新聞、昭和51年2月日,宮崎日日新聞,昭和43年,1968,,,,
はごんだぎつね,,,,木城町高城,,永友タミ,比江島重孝,,比江島重孝,日向こども民話342,第342回(1976.2.8).pdf,宮崎日日新聞、昭和51年2月日,宮崎日日新聞,昭和43年,1968,,,,
主のたたり,,,,佐土原町中間原,,平郡正純,比江島重孝,,比江島重孝,日向こども民話343,第343回(1976.2.15)★.pdf,宮崎日日新聞、昭和51年2月日,宮崎日日新聞,昭和43年,1968,,,,
スキどことり,,,,西都市穂北下水流,,橋口政義,比江島重孝,,比江島重孝,日向こども民話344,第344回(1976.2.22).pdf,宮崎日日新聞、昭和51年2月日,宮崎日日新聞,昭和43年,1968,,,,
,,,,,,,比江島重孝,,比江島重孝,日向こども民話345,第345回(1976.2.29).pdf,宮崎日日新聞、昭和51年2月日,宮崎日日新聞,昭和43年,1968,,,,
,,,,,,,比江島重孝,,比江島重孝,日向こども民話346,第346回(1976.3.14).pdf,宮崎日日新聞、昭和51年3月日,宮崎日日新聞,昭和43年,1968,,,,
,,,,,,,比江島重孝,,比江島重孝,日向こども民話347,第347回(1976.3.21).pdf,宮崎日日新聞、昭和51年3月日,宮崎日日新聞,昭和43年,1968,,,,
,,,,,,,比江島重孝,,比江島重孝,日向こども民話348,第348回(1976.3.28)★.pdf,宮崎日日新聞、昭和51年3月日,宮崎日日新聞,昭和43年,1968,,,,
,,,,,,,比江島重孝,,比江島重孝,日向こども民話349,第349回(1976.4.4)★.pdf,宮崎日日新聞、昭和51年4月日,宮崎日日新聞,昭和43年,1968,,,,
,,,,,,,比江島重孝,,比江島重孝,日向こども民話350,第350回(1976.4.11)★.pdf,宮崎日日新聞、昭和51年4月日,宮崎日日新聞,昭和43年,1968,,,,
,,,,,,,比江島重孝,,比江島重孝,日向こども民話351,第351回(1976.4.18)★.pdf,宮崎日日新聞、昭和51年4月日,宮崎日日新聞,昭和43年,1968,,,,
,,,,,,,比江島重孝,,比江島重孝,日向こども民話352,第352回(1976.4.25)★.pdf,宮崎日日新聞、昭和51年4月日,宮崎日日新聞,昭和43年,1968,,,,
,,,,,,,比江島重孝,,比江島重孝,日向こども民話353,第353回(1976.5.2)★.pdf,宮崎日日新聞、昭和51年5月日,宮崎日日新聞,昭和43年,1968,,,,
,,,,,,,比江島重孝,,比江島重孝,日向こども民話354,第354回(1976.5.9).pdf,宮崎日日新聞、昭和51年5月日,宮崎日日新聞,昭和43年,1968,,,,
,,,,,,,比江島重孝,,比江島重孝,日向こども民話355,第355回(1976.5.16)★.pdf,宮崎日日新聞、昭和51年5月日,宮崎日日新聞,昭和43年,1968,,,,
,,,,,,,比江島重孝,,比江島重孝,日向こども民話356,第356回(1976.5.23).pdf,宮崎日日新聞、昭和51年5月日,宮崎日日新聞,昭和43年,1968,,,,
,,,,,,,比江島重孝,,比江島重孝,日向こども民話357,第357回(1976.5.30)★.pdf,宮崎日日新聞、昭和51年5月日,宮崎日日新聞,昭和43年,1968,,,,
,,,,,,,比江島重孝,,比江島重孝,日向こども民話358,第358回(1976.6.6)★.pdf,宮崎日日新聞、昭和51年6月日,宮崎日日新聞,昭和43年,1968,,,,
,,,,,,,比江島重孝,,比江島重孝,日向こども民話359,第359回(1976.6.13)★.pdf,宮崎日日新聞、昭和51年6月日,宮崎日日新聞,昭和43年,1968,,,,
,,,,,,,比江島重孝,,比江島重孝,日向こども民話360,第360回(1976.6.20).pdf,宮崎日日新聞、昭和51年6月日,宮崎日日新聞,昭和43年,1968,,,,
,,,,,,,比江島重孝,,比江島重孝,日向こども民話361,第361回(1976.6.27).pdf,宮崎日日新聞、昭和51年6月日,宮崎日日新聞,昭和43年,1968,,,,
,,,,,,,比江島重孝,,比江島重孝,日向こども民話362,第362回(1976.7.4).pdf,宮崎日日新聞、昭和51年7月日,宮崎日日新聞,昭和43年,1968,,,,
,,,,,,,比江島重孝,,比江島重孝,日向こども民話363,第363回(1976.7.25).pdf,宮崎日日新聞、昭和51年7月日,宮崎日日新聞,昭和43年,1968,,,,
,,,,,,,比江島重孝,,比江島重孝,日向こども民話364,第364回(1976.8.8).pdf,宮崎日日新聞、昭和51年8月日,宮崎日日新聞,昭和43年,1968,,,,
,,,,,,,比江島重孝,,比江島重孝,日向こども民話365,第365回(1976.8.15)★.pdf,宮崎日日新聞、昭和51年8月日,宮崎日日新聞,昭和43年,1968,,,,
,,,,,,,比江島重孝,,比江島重孝,日向こども民話366,第366回(1976.8.22).pdf,宮崎日日新聞、昭和51年8月日,宮崎日日新聞,昭和43年,1968,,,,
,,,,,,,比江島重孝,,比江島重孝,日向こども民話367,第367回(1976.8.29).pdf,宮崎日日新聞、昭和51年8月日,宮崎日日新聞,昭和43年,1968,,,,
,,,,,,,比江島重孝,,比江島重孝,日向こども民話368,第368回(1976.9.5)★.pdf,宮崎日日新聞、昭和51年9月日,宮崎日日新聞,昭和43年,1968,,,,
,,,,,,,比江島重孝,,比江島重孝,日向こども民話369,第369回(1976.9.12).pdf,宮崎日日新聞、昭和51年9月日,宮崎日日新聞,昭和43年,1968,,,,
,,,,,,,比江島重孝,,比江島重孝,日向こども民話370,第370回(1976.9.26)★.pdf,宮崎日日新聞、昭和51年9月日,宮崎日日新聞,昭和43年,1968,,,,
,,,,,,,比江島重孝,,比江島重孝,日向こども民話371,第371回(1976.10.3).pdf,宮崎日日新聞、昭和51年10月日,宮崎日日新聞,昭和43年,1968,,,,
,,,,,,,比江島重孝,,比江島重孝,日向こども民話372,第372回(1976.10.17).pdf,宮崎日日新聞、昭和51年10月日,宮崎日日新聞,昭和43年,1968,,,,
,,,,,,,比江島重孝,,比江島重孝,日向こども民話373,第373回(1976.10.31).pdf,宮崎日日新聞、昭和51年10月日,宮崎日日新聞,昭和43年,1968,,,,
,,,,,,,比江島重孝,,比江島重孝,日向こども民話374,第374回(1976.11.7).pdf,宮崎日日新聞、昭和51年11月日,宮崎日日新聞,昭和43年,1968,,,,
,,,,,,,比江島重孝,,比江島重孝,日向こども民話375,第375回(1976.11.14)（話者は国富町、半ぴどん）.pdf,宮崎日日新聞、昭和51年11月日,宮崎日日新聞,昭和43年,1968,,,,
,,,,,,,比江島重孝,,比江島重孝,日向こども民話376,第376回(1976.11.28).pdf,宮崎日日新聞、昭和51年11月日,宮崎日日新聞,昭和43年,1968,,,,
,,,,,,,比江島重孝,,比江島重孝,日向こども民話377,第377回(1976.12.5).pdf,宮崎日日新聞、昭和51年12月日,宮崎日日新聞,昭和43年,1968,,,,
,,,,,,,比江島重孝,,比江島重孝,日向こども民話378,第378回(1976.12.12).pdf,宮崎日日新聞、昭和51年12月日,宮崎日日新聞,昭和43年,1968,,,,
,,,,,,,比江島重孝,,比江島重孝,日向こども民話379,第379回(1976.12.19)★.pdf,宮崎日日新聞、昭和51年12月日,宮崎日日新聞,昭和43年,1968,,,,
,,,,,,,比江島重孝,,比江島重孝,日向こども民話380,第380回(1976.12.26),宮崎日日新聞、昭和51年12月日,宮崎日日新聞,昭和43年,1968,,,,
,,,,,,,比江島重孝,,比江島重孝,日向こども民話381,第381回(1977.1.9).pdf,宮崎日日新聞、昭和52年1月日,宮崎日日新聞,昭和43年,1968,,,,
,,,,,,,比江島重孝,,比江島重孝,日向こども民話382,第382回(1977.1.16).pdf,宮崎日日新聞、昭和52年1月日,宮崎日日新聞,昭和43年,1968,,,,
,,,,,,,比江島重孝,,比江島重孝,日向こども民話383,第383回(1977.1.23).pdf,宮崎日日新聞、昭和52年1月日,宮崎日日新聞,昭和43年,1968,,,,
,,,,,,,比江島重孝,,比江島重孝,日向こども民話384,第384回(1977.1.30).pdf,宮崎日日新聞、昭和52年1月日,宮崎日日新聞,昭和43年,1968,,,,
,,,,,,,比江島重孝,,比江島重孝,日向こども民話385,第385回(1977.2.6).pdf,宮崎日日新聞、昭和52年2月日,宮崎日日新聞,昭和43年,1968,,,,
,,,,,,,比江島重孝,,比江島重孝,日向こども民話386,第386回(1977.2.13).pdf,宮崎日日新聞、昭和52年2月日,宮崎日日新聞,昭和43年,1968,,,,
,,,,,,,比江島重孝,,比江島重孝,日向こども民話387,第387回(1977.2.20).pdf,宮崎日日新聞、昭和52年2月日,宮崎日日新聞,昭和43年,1968,,,,
,,,,,,,比江島重孝,,比江島重孝,日向こども民話388,第388回(1977.2.27).pdf,宮崎日日新聞、昭和52年2月日,宮崎日日新聞,昭和43年,1968,,,,
,,,,,,,比江島重孝,,比江島重孝,日向こども民話389,第389回(1977.3.6).pdf,宮崎日日新聞、昭和52年3月日,宮崎日日新聞,昭和43年,1968,,,,
,,,,,,,比江島重孝,,比江島重孝,日向こども民話390,第390回(1977.3.13).pdf,宮崎日日新聞、昭和52年3月日,宮崎日日新聞,昭和43年,1968,,,,
,,,,,,,比江島重孝,,比江島重孝,日向こども民話391,第391回(1977.3.27).pdf,宮崎日日新聞、昭和52年3月日,宮崎日日新聞,昭和43年,1968,,,,
,,,,,,,比江島重孝,,比江島重孝,日向こども民話392,第392回(1977.4.10)★.pdf,宮崎日日新聞、昭和52年4月日,宮崎日日新聞,昭和43年,1968,,,,
,,,,,,,比江島重孝,,比江島重孝,日向こども民話393,第393回(1977.4.17)★.pdf,宮崎日日新聞、昭和52年4月日,宮崎日日新聞,昭和43年,1968,,,,
,,,,,,,比江島重孝,,比江島重孝,日向こども民話394,第394回(1977.4.24).pdf,宮崎日日新聞、昭和52年4月日,宮崎日日新聞,昭和43年,1968,,,,
,,,,,,,比江島重孝,,比江島重孝,日向こども民話395,第395回(1977.5.8).pdf,宮崎日日新聞、昭和52年5月日,宮崎日日新聞,昭和43年,1968,,,,
,,,,,,,比江島重孝,,比江島重孝,日向こども民話396,第396回(1977.5.15).pdf,宮崎日日新聞、昭和52年5月日,宮崎日日新聞,昭和43年,1968,,,,
,,,,,,,比江島重孝,,比江島重孝,日向こども民話397,第397回(1977.5.22).pdf,宮崎日日新聞、昭和52年5月日,宮崎日日新聞,昭和43年,1968,,,,
,,,,,,,比江島重孝,,比江島重孝,日向こども民話398,第398回(1977.5.29).pdf,宮崎日日新聞、昭和52年5月日,宮崎日日新聞,昭和43年,1968,,,,
,,,,,,,比江島重孝,,比江島重孝,日向こども民話399,第399回(1977.6.5).pdf,宮崎日日新聞、昭和52年6月日,宮崎日日新聞,昭和43年,1968,,,,
,,,,,,,比江島重孝,,比江島重孝,日向こども民話400,第400回(1977.6.12).pdf,宮崎日日新聞、昭和52年6月日,宮崎日日新聞,昭和43年,1968,,,,
,,,,,,,比江島重孝,,比江島重孝,日向こども民話401,第401回(1977.6.26).pdf,宮崎日日新聞、昭和52年6月日,宮崎日日新聞,昭和43年,1968,,,,
,,,,,,,比江島重孝,,比江島重孝,日向こども民話402,第402回(1977.7.3).pdf,宮崎日日新聞、昭和52年7月日,宮崎日日新聞,昭和43年,1968,,,,
,,,,,,,比江島重孝,,比江島重孝,日向こども民話403,第403回(1977.7.10).pdf,宮崎日日新聞、昭和52年7月日,宮崎日日新聞,昭和43年,1968,,,,
,,,,,,,比江島重孝,,比江島重孝,日向こども民話404,第404回(1977.7.24).pdf,宮崎日日新聞、昭和52年7月日,宮崎日日新聞,昭和43年,1968,,,,
,,,,,,,比江島重孝,,比江島重孝,日向こども民話405,第405回(1977.7.31).pdf,宮崎日日新聞、昭和52年7月日,宮崎日日新聞,昭和43年,1968,,,,
,,,,,,,比江島重孝,,比江島重孝,日向こども民話406,第406回(1977.8.14).pdf,宮崎日日新聞、昭和52年8月日,宮崎日日新聞,昭和43年,1968,,,,
,,,,,,,比江島重孝,,比江島重孝,日向こども民話407,第407回(1977.8.21).pdf,宮崎日日新聞、昭和52年8月日,宮崎日日新聞,昭和43年,1968,,,,
,,,,,,,比江島重孝,,比江島重孝,日向こども民話408,第408回(1977.8.28).pdf,宮崎日日新聞、昭和52年8月日,宮崎日日新聞,昭和43年,1968,,,,
,,,,,,,比江島重孝,,比江島重孝,日向こども民話409,第409回(1977.9.4).pdf,宮崎日日新聞、昭和52年9月日,宮崎日日新聞,昭和43年,1968,,,,
,,,,,,,比江島重孝,,比江島重孝,日向こども民話410,第410回(1977.9.11).pdf,宮崎日日新聞、昭和52年9月日,宮崎日日新聞,昭和43年,1968,,,,
,,,,,,,比江島重孝,,比江島重孝,日向こども民話411,第411回(1977.9.18).pdf,宮崎日日新聞、昭和52年9月日,宮崎日日新聞,昭和43年,1968,,,,
,,,,,,,比江島重孝,,比江島重孝,日向こども民話412,第412回(1977.9.27)★.pdf,宮崎日日新聞、昭和52年9月日,宮崎日日新聞,昭和43年,1968,,,,
,,,,,,,比江島重孝,,比江島重孝,日向こども民話413,第413回(1977.10.11).pdf,宮崎日日新聞、昭和52年10月日,宮崎日日新聞,昭和43年,1968,,,,
,,,,,,,比江島重孝,,比江島重孝,日向こども民話414,第414回(1977.10.16).pdf,宮崎日日新聞、昭和52年10月日,宮崎日日新聞,昭和43年,1968,,,,
,,,,,,,比江島重孝,,比江島重孝,日向こども民話415,第415回(1977.10.23)★.pdf,宮崎日日新聞、昭和52年10月日,宮崎日日新聞,昭和43年,1968,,,,
,,,,,,,比江島重孝,,比江島重孝,日向こども民話416,第416回(1977.11.6).pdf,宮崎日日新聞、昭和52年11月日,宮崎日日新聞,昭和43年,1968,,,,
,,,,,,,比江島重孝,,比江島重孝,日向こども民話417,第417回(1977.11.20).pdf,宮崎日日新聞、昭和52年11月日,宮崎日日新聞,昭和43年,1968,,,,
,,,,,,,比江島重孝,,比江島重孝,日向こども民話418,第418回(1977.12.4).pdf,宮崎日日新聞、昭和52年12月日,宮崎日日新聞,昭和43年,1968,,,,
,,,,,,,比江島重孝,,比江島重孝,日向こども民話419,第419回(1977.12.18)★.pdf,宮崎日日新聞、昭和52年12月日,宮崎日日新聞,昭和43年,1968,,,,
,,,,,,,比江島重孝,,比江島重孝,日向こども民話420,第420回(1977.12.25),宮崎日日新聞、昭和52年12月日,宮崎日日新聞,昭和43年,1968,,,,
,,,,,,,比江島重孝,,比江島重孝,日向こども民話421,第421回(1978.1.8).pdf,宮崎日日新聞、昭和53年1月日,宮崎日日新聞,昭和43年,1968,,,,
,,,,,,,比江島重孝,,比江島重孝,日向こども民話422,第422回(1978.1.15).pdf,宮崎日日新聞、昭和53年1月日,宮崎日日新聞,昭和43年,1968,,,,
,,,,,,,比江島重孝,,比江島重孝,日向こども民話423,第423回(1978.1.22).pdf,宮崎日日新聞、昭和53年1月日,宮崎日日新聞,昭和43年,1968,,,,
,,,,,,,比江島重孝,,比江島重孝,日向こども民話424,第424回(1978.1.29).pdf,宮崎日日新聞、昭和53年1月日,宮崎日日新聞,昭和43年,1968,,,,
,,,,,,,比江島重孝,,比江島重孝,日向こども民話425,第425回(1978.2.5).pdf,宮崎日日新聞、昭和53年2月日,宮崎日日新聞,昭和43年,1968,,,,
,,,,,,,比江島重孝,,比江島重孝,日向こども民話426,第426回(1978.2.12).pdf,宮崎日日新聞、昭和53年2月日,宮崎日日新聞,昭和43年,1968,,,,
,,,,,,,比江島重孝,,比江島重孝,日向こども民話427,第427回(1978.2.19).pdf,宮崎日日新聞、昭和53年2月日,宮崎日日新聞,昭和43年,1968,,,,
,,,,,,,比江島重孝,,比江島重孝,日向こども民話428,第428回(1978.2.26).pdf,宮崎日日新聞、昭和53年2月日,宮崎日日新聞,昭和43年,1968,,,,
,,,,,,,比江島重孝,,比江島重孝,日向こども民話429,第429回(1978.3.12).pdf,宮崎日日新聞、昭和53年3月日,宮崎日日新聞,昭和43年,1968,,,,
,,,,,,,比江島重孝,,比江島重孝,日向こども民話430,第430回(1978.3.21).pdf,宮崎日日新聞、昭和53年3月日,宮崎日日新聞,昭和43年,1968,,,,
,,,,,,,比江島重孝,,比江島重孝,日向こども民話431,第431回(1978.3.27).pdf,宮崎日日新聞、昭和53年3月日,宮崎日日新聞,昭和43年,1968,,,,
,,,,,,,比江島重孝,,比江島重孝,日向こども民話432,第432回(1978.4.9).pdf,宮崎日日新聞、昭和53年4月日,宮崎日日新聞,昭和43年,1968,,,,
,,,,,,,比江島重孝,,比江島重孝,日向こども民話433,第433回(1978.4.16).pdf,宮崎日日新聞、昭和53年4月日,宮崎日日新聞,昭和43年,1968,,,,
,,,,,,,比江島重孝,,比江島重孝,日向こども民話434,第434回(1978.4.22).pdf,宮崎日日新聞、昭和53年4月日,宮崎日日新聞,昭和43年,1968,,,,
,,,,,,,比江島重孝,,比江島重孝,日向こども民話435,第435回(1978.4.30).pdf,宮崎日日新聞、昭和53年4月日,宮崎日日新聞,昭和43年,1968,,,,
,,,,,,,比江島重孝,,比江島重孝,日向こども民話436,第436回(1978.5.7).pdf,宮崎日日新聞、昭和53年5月日,宮崎日日新聞,昭和43年,1968,,,,
,,,,,,,比江島重孝,,比江島重孝,日向こども民話437,第437回(1978.5.14).pdf,宮崎日日新聞、昭和53年5月日,宮崎日日新聞,昭和43年,1968,,,,
,,,,,,,比江島重孝,,比江島重孝,日向こども民話438,第438回(1978.5.20).pdf,宮崎日日新聞、昭和53年5月日,宮崎日日新聞,昭和43年,1968,,,,
,,,,,,,比江島重孝,,比江島重孝,日向こども民話439,第439回(1978.5.28).pdf,宮崎日日新聞、昭和53年5月日,宮崎日日新聞,昭和43年,1968,,,,
,,,,,,,比江島重孝,,比江島重孝,日向こども民話440,第440回(1978.6.4).pdf,宮崎日日新聞、昭和53年6月日,宮崎日日新聞,昭和43年,1968,,,,
,,,,,,,比江島重孝,,比江島重孝,日向こども民話441,第441回(1978.6.11).pdf,宮崎日日新聞、昭和53年6月日,宮崎日日新聞,昭和43年,1968,,,,
,,,,,,,比江島重孝,,比江島重孝,日向こども民話442,第442回(1978.6.18).pdf,宮崎日日新聞、昭和53年6月日,宮崎日日新聞,昭和43年,1968,,,,
,,,,,,,比江島重孝,,比江島重孝,日向こども民話443,第443回(1978.6.27).pdf,宮崎日日新聞、昭和53年6月日,宮崎日日新聞,昭和43年,1968,,,,
,,,,,,,比江島重孝,,比江島重孝,日向こども民話444,第444回(1978.7.2).pdf,宮崎日日新聞、昭和53年7月日,宮崎日日新聞,昭和43年,1968,,,,
,,,,,,,比江島重孝,,比江島重孝,日向こども民話445,第445回(1978.7.30).pdf,宮崎日日新聞、昭和53年7月日,宮崎日日新聞,昭和43年,1968,,,,
,,,,,,,比江島重孝,,比江島重孝,日向こども民話446,第446回(1978.8.13).pdf,宮崎日日新聞、昭和53年8月日,宮崎日日新聞,昭和43年,1968,,,,
,,,,,,,比江島重孝,,比江島重孝,日向こども民話447,第447回(1978.8.20).pdf,宮崎日日新聞、昭和53年8月日,宮崎日日新聞,昭和43年,1968,,,,
,,,,,,,比江島重孝,,比江島重孝,日向こども民話448,第448回(1978.8.28).pdf,宮崎日日新聞、昭和53年8月日,宮崎日日新聞,昭和43年,1968,,,,
,,,,,,,比江島重孝,,比江島重孝,日向こども民話449,第449回(1978.9.10).pdf,宮崎日日新聞、昭和53年9月日,宮崎日日新聞,昭和43年,1968,,,,
,,,,,,,比江島重孝,,比江島重孝,日向こども民話450,第450回(1978.9.17).pdf,宮崎日日新聞、昭和53年9月日,宮崎日日新聞,昭和43年,1968,,,,
,,,,,,,比江島重孝,,比江島重孝,日向こども民話451,第451回(1978.9.24).pdf,宮崎日日新聞、昭和53年9月日,宮崎日日新聞,昭和43年,1968,,,,
,,,,,,,比江島重孝,,比江島重孝,日向こども民話452,第452回(1978.10.1)★.pdf,宮崎日日新聞、昭和53年10月日,宮崎日日新聞,昭和43年,1968,,,,
,,,,,,,比江島重孝,,比江島重孝,日向こども民話453,第453回(1978.10.8).pdf,宮崎日日新聞、昭和53年10月日,宮崎日日新聞,昭和43年,1968,,,,
,,,,,,,比江島重孝,,比江島重孝,日向こども民話454,第454回(1978.10.15).pdf,宮崎日日新聞、昭和53年10月日,宮崎日日新聞,昭和43年,1968,,,,
,,,,,,,比江島重孝,,比江島重孝,日向こども民話455,第455回(1978.10.22).pdf,宮崎日日新聞、昭和53年10月日,宮崎日日新聞,昭和43年,1968,,,,
,,,,,,,比江島重孝,,比江島重孝,日向こども民話456,第456回(1978.10.29).pdf,宮崎日日新聞、昭和53年10月日,宮崎日日新聞,昭和43年,1968,,,,
,,,,,,,比江島重孝,,比江島重孝,日向こども民話457,第457回(1978.11.5).pdf,宮崎日日新聞、昭和53年11月日,宮崎日日新聞,昭和43年,1968,,,,
,,,,,,,比江島重孝,,比江島重孝,日向こども民話458,第458回(1978.11.19).pdf,宮崎日日新聞、昭和53年11月日,宮崎日日新聞,昭和43年,1968,,,,
,,,,,,,比江島重孝,,比江島重孝,日向こども民話459,第459回(1978.11.26).pdf,宮崎日日新聞、昭和53年11月日,宮崎日日新聞,昭和43年,1968,,,,
,,,,,,,比江島重孝,,比江島重孝,日向こども民話460,第460回(1978.12.10).pdf,宮崎日日新聞、昭和53年12月日,宮崎日日新聞,昭和43年,1968,,,,
,,,,,,,比江島重孝,,比江島重孝,日向こども民話461,第461回(1978.12.17).pdf,宮崎日日新聞、昭和53年12月日,宮崎日日新聞,昭和43年,1968,,,,
,,,,,,,比江島重孝,,比江島重孝,日向こども民話462,第462回(1978.12.24).pdf,宮崎日日新聞、昭和53年12月日,宮崎日日新聞,昭和43年,1968,,,,
,,,,,,,比江島重孝,,比江島重孝,日向こども民話463,第463回(1978.12.31).pdf,宮崎日日新聞、昭和53年12月日,宮崎日日新聞,昭和43年,1968,,,,
,,,,,,,比江島重孝,,比江島重孝,日向こども民話464,第464回(1979.1.7).pdf,宮崎日日新聞、昭和54年1月日,宮崎日日新聞,昭和43年,1968,,,,
,,,,,,,比江島重孝,,比江島重孝,日向こども民話465,第465回(1979.1.14).pdf,宮崎日日新聞、昭和54年1月日,宮崎日日新聞,昭和43年,1968,,,,
,,,,,,,比江島重孝,,比江島重孝,日向こども民話466,第466回(1979.1.21).pdf,宮崎日日新聞、昭和54年1月日,宮崎日日新聞,昭和43年,1968,,,,
,,,,,,,比江島重孝,,比江島重孝,日向こども民話467,第467回(1979.1.28).pdf,宮崎日日新聞、昭和54年1月日,宮崎日日新聞,昭和43年,1968,,,,
,,,,,,,比江島重孝,,比江島重孝,日向こども民話468,第468回(1979.2.4).pdf,宮崎日日新聞、昭和54年2月日,宮崎日日新聞,昭和43年,1968,,,,
,,,,,,,比江島重孝,,比江島重孝,日向こども民話469,第469回(1979.2.11).pdf,宮崎日日新聞、昭和54年2月日,宮崎日日新聞,昭和43年,1968,,,,
,,,,,,,比江島重孝,,比江島重孝,日向こども民話470,第470回(1979.2.18).pdf,宮崎日日新聞、昭和54年2月日,宮崎日日新聞,昭和43年,1968,,,,
,,,,,,,比江島重孝,,比江島重孝,日向こども民話471,第471回(1979.2.25).pdf,宮崎日日新聞、昭和54年2月日,宮崎日日新聞,昭和43年,1968,,,,
,,,,,,,比江島重孝,,比江島重孝,日向こども民話472,第472回(1979.3.4).pdf,宮崎日日新聞、昭和54年3月日,宮崎日日新聞,昭和43年,1968,,,,
,,,,,,,比江島重孝,,比江島重孝,日向こども民話473,第473回(1979.3.11)★（新富町の話者、半ぴどん）.pdf,宮崎日日新聞、昭和54年3月日,宮崎日日新聞,昭和43年,1968,,,,
,,,,,,,比江島重孝,,比江島重孝,日向こども民話474,第474回(1979.3.24).pdf,宮崎日日新聞、昭和54年3月日,宮崎日日新聞,昭和43年,1968,,,,
,,,,,,,比江島重孝,,比江島重孝,日向こども民話475,第475回(1979.4.14).pdf,宮崎日日新聞、昭和54年4月日,宮崎日日新聞,昭和43年,1968,,,,
,,,,,,,比江島重孝,,比江島重孝,日向こども民話476,第476回(1979.4.23).pdf,宮崎日日新聞、昭和54年4月日,宮崎日日新聞,昭和43年,1968,,,,
,,,,,,,比江島重孝,,比江島重孝,日向こども民話477,第477回(1979.4.30).pdf,宮崎日日新聞、昭和54年4月日,宮崎日日新聞,昭和43年,1968,,,,
,,,,,,,比江島重孝,,比江島重孝,日向こども民話478,第478回(1979.5.6).pdf,宮崎日日新聞、昭和54年5月日,宮崎日日新聞,昭和43年,1968,,,,
,,,,,,,比江島重孝,,比江島重孝,日向こども民話479,第479回(1979.5.14).pdf,宮崎日日新聞、昭和54年5月日,宮崎日日新聞,昭和43年,1968,,,,
,,,,,,,比江島重孝,,比江島重孝,日向こども民話480,第480回(1979.5.21).pdf,宮崎日日新聞、昭和54年5月日,宮崎日日新聞,昭和43年,1968,,,,
,,,,,,,比江島重孝,,比江島重孝,日向こども民話481,第481回(1979.5.27).pdf,宮崎日日新聞、昭和54年5月日,宮崎日日新聞,昭和43年,1968,,,,
,,,,,,,比江島重孝,,比江島重孝,日向こども民話482,第482回(1979.6.4).pdf,宮崎日日新聞、昭和54年6月日,宮崎日日新聞,昭和43年,1968,,,,
,,,,,,,比江島重孝,,比江島重孝,日向こども民話483,第483回(1979.6.11).pdf,宮崎日日新聞、昭和54年6月日,宮崎日日新聞,昭和43年,1968,,,,
,,,,,,,比江島重孝,,比江島重孝,日向こども民話484,第484回(1979.6.17).pdf,宮崎日日新聞、昭和54年6月日,宮崎日日新聞,昭和43年,1968,,,,
,,,,,,,比江島重孝,,比江島重孝,日向こども民話485,第485回(1979.6.24).pdf,宮崎日日新聞、昭和54年6月日,宮崎日日新聞,昭和43年,1968,,,,
,,,,,,,比江島重孝,,比江島重孝,日向こども民話486,第486回(1979.7.8)★（西都の話者、倉岡の話）.pdf,宮崎日日新聞、昭和54年7月日,宮崎日日新聞,昭和43年,1968,,,,
,,,,,,,比江島重孝,,比江島重孝,日向こども民話487,第487回(1979.7.17).pdf,宮崎日日新聞、昭和54年7月日,宮崎日日新聞,昭和43年,1968,,,,
,,,,,,,比江島重孝,,比江島重孝,日向こども民話488,第488回(1979.7.29)★.pdf,宮崎日日新聞、昭和54年7月日,宮崎日日新聞,昭和43年,1968,,,,
,,,,,,,比江島重孝,,比江島重孝,日向こども民話489,第489回(1979.8.6)★.pdf,宮崎日日新聞、昭和54年8月日,宮崎日日新聞,昭和43年,1968,,,,
,,,,,,,比江島重孝,,比江島重孝,日向こども民話490,第490回(1979.8.12).pdf,宮崎日日新聞、昭和54年8月日,宮崎日日新聞,昭和43年,1968,,,,
,,,,,,,比江島重孝,,比江島重孝,日向こども民話491,第491回(1979.8.19).pdf,宮崎日日新聞、昭和54年8月日,宮崎日日新聞,昭和43年,1968,,,,
,,,,,,,比江島重孝,,比江島重孝,日向こども民話492,第492回(1979.8.27)★.pdf,宮崎日日新聞、昭和54年8月日,宮崎日日新聞,昭和43年,1968,,,,
,,,,,,,比江島重孝,,比江島重孝,日向こども民話493,第493回(1979.9.2)★.pdf,宮崎日日新聞、昭和54年9月日,宮崎日日新聞,昭和43年,1968,,,,
,,,,,,,比江島重孝,,比江島重孝,日向こども民話494,第494回(1979.9.9).pdf,宮崎日日新聞、昭和54年9月日,宮崎日日新聞,昭和43年,1968,,,,
,,,,,,,比江島重孝,,比江島重孝,日向こども民話495,第495回(1979.9.16)★.pdf,宮崎日日新聞、昭和54年9月日,宮崎日日新聞,昭和43年,1968,,,,
,,,,,,,比江島重孝,,比江島重孝,日向こども民話496,第496回(1979.9.23)★（西都市の話者、倉岡の話）.pdf,宮崎日日新聞、昭和54年9月日,宮崎日日新聞,昭和43年,1968,,,,
,,,,,,,比江島重孝,,比江島重孝,日向こども民話497,第497回(1979.10.7).pdf,宮崎日日新聞、昭和54年10月日,宮崎日日新聞,昭和43年,1968,,,,
,,,,,,,比江島重孝,,比江島重孝,日向こども民話498,第498回(1979.10.22).pdf,宮崎日日新聞、昭和54年10月日,宮崎日日新聞,昭和43年,1968,,,,
,,,,,,,比江島重孝,,比江島重孝,日向こども民話499,第499回(1979.10.29).pdf,宮崎日日新聞、昭和54年10月日,宮崎日日新聞,昭和43年,1968,,,,
,,,,,,,比江島重孝,,比江島重孝,日向こども民話500,第500回(1979.11.4).pdf,宮崎日日新聞、昭和54年11月日,宮崎日日新聞,昭和43年,1968,,,,
,,,,,,,比江島重孝,,比江島重孝,日向こども民話501,第501回(1979.11.18)★.pdf,宮崎日日新聞、昭和54年11月日,宮崎日日新聞,昭和43年,1968,,,,
,,,,,,,比江島重孝,,比江島重孝,日向こども民話502,第502回(1979.11.25).pdf,宮崎日日新聞、昭和54年11月日,宮崎日日新聞,昭和43年,1968,,,,
,,,,,,,比江島重孝,,比江島重孝,日向こども民話503,第503回(1979.12.3).pdf,宮崎日日新聞、昭和54年12月日,宮崎日日新聞,昭和43年,1968,,,,
,,,,,,,比江島重孝,,比江島重孝,日向こども民話504,第504回(1979.12.10).pdf,宮崎日日新聞、昭和54年12月日,宮崎日日新聞,昭和43年,1968,,,,
,,,,,,,比江島重孝,,比江島重孝,日向こども民話505,第505回(1979.12.17).pdf,宮崎日日新聞、昭和54年12月日,宮崎日日新聞,昭和43年,1968,,,,
,,,,,,,比江島重孝,,比江島重孝,日向こども民話506,第506回(1979.12.23).pdf,宮崎日日新聞、昭和54年12月日,宮崎日日新聞,昭和43年,1968,,,,
,,,,,,,比江島重孝,,比江島重孝,日向こども民話507,第507回(1979.12.30).pdf,宮崎日日新聞、昭和54年12月日,宮崎日日新聞,昭和43年,1968,,,,
,,,,,,,比江島重孝,,比江島重孝,日向こども民話508,第508回(1980.1.12).pdf,宮崎日日新聞、昭和55年1月日,宮崎日日新聞,昭和43年,1968,,,,
,,,,,,,比江島重孝,,比江島重孝,日向こども民話509,第509回(1980.1.21).pdf,宮崎日日新聞、昭和55年1月日,宮崎日日新聞,昭和43年,1968,,,,
,,,,,,,比江島重孝,,比江島重孝,日向こども民話510,第510回(1980.1.27).pdf,宮崎日日新聞、昭和55年1月日,宮崎日日新聞,昭和43年,1968,,,,
,,,,,,,比江島重孝,,比江島重孝,日向こども民話511,第511回(1980.2.3).pdf,宮崎日日新聞、昭和55年2月日,宮崎日日新聞,昭和43年,1968,,,,
,,,,,,,比江島重孝,,比江島重孝,日向こども民話512,第512回(1980.2.10)★.pdf,宮崎日日新聞、昭和55年2月日,宮崎日日新聞,昭和43年,1968,,,,
,,,,,,,比江島重孝,,比江島重孝,日向こども民話513,第513回(1980.2.18).pdf,宮崎日日新聞、昭和55年2月日,宮崎日日新聞,昭和43年,1968,,,,
,,,,,,,比江島重孝,,比江島重孝,日向こども民話514,第514回(1980.2.24)★.pdf,宮崎日日新聞、昭和55年2月日,宮崎日日新聞,昭和43年,1968,,,,
,,,,,,,比江島重孝,,比江島重孝,日向こども民話515,第515回(1980.3.3).pdf,宮崎日日新聞、昭和55年3月日,宮崎日日新聞,昭和43年,1968,,,,
,,,,,,,比江島重孝,,比江島重孝,日向こども民話516,第516回(1980.3.10).pdf,宮崎日日新聞、昭和55年3月日,宮崎日日新聞,昭和43年,1968,,,,
,,,,,,,比江島重孝,,比江島重孝,日向こども民話517,第517回(1980.3.24).pdf,宮崎日日新聞、昭和55年3月日,宮崎日日新聞,昭和43年,1968,,,,
,,,,,,,比江島重孝,,比江島重孝,日向こども民話518,第518回(1980.4.7).pdf,宮崎日日新聞、昭和55年4月日,宮崎日日新聞,昭和43年,1968,,,,
,,,,,,,比江島重孝,,比江島重孝,日向こども民話519,第519回(1980.4.14).pdf,宮崎日日新聞、昭和55年4月日,宮崎日日新聞,昭和43年,1968,,,,
,,,,,,,比江島重孝,,比江島重孝,日向こども民話520,第520回(1980.4.21).pdf,宮崎日日新聞、昭和55年4月日,宮崎日日新聞,昭和43年,1968,,,,
,,,,,,,比江島重孝,,比江島重孝,日向こども民話521,第521回(1980.5.4).pdf,宮崎日日新聞、昭和55年5月日,宮崎日日新聞,昭和43年,1968,,,,
,,,,,,,比江島重孝,,比江島重孝,日向こども民話522,第522回(1980.5.12)（新富町の話者、半ぴどん）.pdf,宮崎日日新聞、昭和55年5月日,宮崎日日新聞,昭和43年,1968,,,,
,,,,,,,比江島重孝,,比江島重孝,日向こども民話523,第523回(1980.5.19).pdf,宮崎日日新聞、昭和55年5月日,宮崎日日新聞,昭和43年,1968,,,,
,,,,,,,比江島重孝,,比江島重孝,日向こども民話524,第524回(1980.6.1).pdf,宮崎日日新聞、昭和55年6月日,宮崎日日新聞,昭和43年,1968,,,,
,,,,,,,比江島重孝,,比江島重孝,日向こども民話525,第525回(1980.6.9)★.pdf,宮崎日日新聞、昭和55年6月日,宮崎日日新聞,昭和43年,1968,,,,
,,,,,,,比江島重孝,,比江島重孝,日向こども民話526,第526回(1980.6.29).pdf,宮崎日日新聞、昭和55年6月日,宮崎日日新聞,昭和43年,1968,,,,
,,,,,,,比江島重孝,,比江島重孝,日向こども民話527,第527回(1980.7.7).pdf,宮崎日日新聞、昭和55年7月日,宮崎日日新聞,昭和43年,1968,,,,
,,,,,,,比江島重孝,,比江島重孝,日向こども民話528,第528回(1980.6.16).pdf,宮崎日日新聞、昭和55年月日,宮崎日日新聞,昭和43年,1968,,,,
,,,,,,,比江島重孝,,比江島重孝,日向こども民話529,第529回(1980.6.23).pdf,宮崎日日新聞、昭和55年月日,宮崎日日新聞,昭和43年,1968,,,,
,,,,,,,比江島重孝,,比江島重孝,日向こども民話530,第530回(1980.7.14)★.pdf,宮崎日日新聞、昭和55年月日,宮崎日日新聞,昭和43年,1968,,,,
,,,,,,,比江島重孝,,比江島重孝,日向こども民話531,第531回(1980.8.14).pdf,宮崎日日新聞、昭和55年8月日,宮崎日日新聞,昭和43年,1968,,,,
,,,,,,,比江島重孝,,比江島重孝,日向こども民話532,第532回(1980.8.17)★.pdf,宮崎日日新聞、昭和55年8月日,宮崎日日新聞,昭和43年,1968,,,,
,,,,,,,比江島重孝,,比江島重孝,日向こども民話533,第533回(1980.8.25)★.pdf,宮崎日日新聞、昭和55年8月日,宮崎日日新聞,昭和43年,1968,,,,
,,,,,,,比江島重孝,,比江島重孝,日向こども民話534,第534回(1980.8.31)★.pdf,宮崎日日新聞、昭和55年8月日,宮崎日日新聞,昭和43年,1968,,,,
,,,,,,,比江島重孝,,比江島重孝,日向こども民話535,第535回(1980.9.7).pdf,宮崎日日新聞、昭和55年9月日,宮崎日日新聞,昭和43年,1968,,,,
,,,,,,,比江島重孝,,比江島重孝,日向こども民話536,第536回(1980.9.15)★.pdf,宮崎日日新聞、昭和55年9月日,宮崎日日新聞,昭和43年,1968,,,,
,,,,,,,比江島重孝,,比江島重孝,日向こども民話537,第537回(1980.10.5)★.pdf,宮崎日日新聞、昭和55年10月日,宮崎日日新聞,昭和43年,1968,,,,
,,,,,,,比江島重孝,,比江島重孝,日向こども民話538,第538回(1980.10.13).pdf,宮崎日日新聞、昭和55年10月日,宮崎日日新聞,昭和43年,1968,,,,
,,,,,,,比江島重孝,,比江島重孝,日向こども民話539,第539回(1980.10.20).pdf,宮崎日日新聞、昭和55年10月日,宮崎日日新聞,昭和43年,1968,,,,
,,,,,,,比江島重孝,,比江島重孝,日向こども民話540,第540回(1980.10.27)★.pdf,宮崎日日新聞、昭和55年10月日,宮崎日日新聞,昭和43年,1968,,,,
,,,,,,,比江島重孝,,比江島重孝,日向こども民話541,第541回(1980.11.5).pdf,宮崎日日新聞、昭和55年11月日,宮崎日日新聞,昭和43年,1968,,,,
,,,,,,,比江島重孝,,比江島重孝,日向こども民話542,第542回(1980.11.9)★.pdf,宮崎日日新聞、昭和55年11月日,宮崎日日新聞,昭和43年,1968,,,,
,,,,,,,比江島重孝,,比江島重孝,日向こども民話543,第543回(1980.11.24)★.pdf,宮崎日日新聞、昭和55年11月日,宮崎日日新聞,昭和43年,1968,,,,
,,,,,,,比江島重孝,,比江島重孝,日向こども民話544,第544回(1980.12.1)★.pdf,宮崎日日新聞、昭和55年12月日,宮崎日日新聞,昭和43年,1968,,,,
,,,,,,,比江島重孝,,比江島重孝,日向こども民話545,第545回(1980.12.18)★.pdf,宮崎日日新聞、昭和55年12月日,宮崎日日新聞,昭和43年,1968,,,,
,,,,,,,比江島重孝,,比江島重孝,日向こども民話546,第546回(1980.12.22)★.pdf,宮崎日日新聞、昭和55年12月日,宮崎日日新聞,昭和43年,1968,,,,
,,,,,,,比江島重孝,,比江島重孝,日向こども民話547,第547回(1980.12.28)★.pdf,宮崎日日新聞、昭和55年12月日,宮崎日日新聞,昭和43年,1968,,,,
,,,,,,,比江島重孝,,比江島重孝,日向こども民話548,第548回(1980.12.11)★.pdf,宮崎日日新聞、昭和55年12月日,宮崎日日新聞,昭和43年,1968,,,,
,,,,,,,比江島重孝,,比江島重孝,日向こども民話549,第549回(1981.1.22)（新富町の話者、佐土原の話）.pdf,宮崎日日新聞、昭和56年1月日,宮崎日日新聞,昭和43年,1968,,,,
,,,,,,,比江島重孝,,比江島重孝,日向こども民話550,第550回(1981.1.29)★.pdf,宮崎日日新聞、昭和56年1月日,宮崎日日新聞,昭和43年,1968,,,,
,,,,,,,比江島重孝,,比江島重孝,日向こども民話551,第551回(1981.2.12)★.pdf,宮崎日日新聞、昭和56年2月日,宮崎日日新聞,昭和43年,1968,,,,
,,,,,,,比江島重孝,,比江島重孝,日向こども民話552,第552回(1981.3.2).pdf,宮崎日日新聞、昭和56年3月日,宮崎日日新聞,昭和43年,1968,,,,
,,,,,,,比江島重孝,,比江島重孝,日向こども民話553,第553回(1981.3.16)★.pdf,宮崎日日新聞、昭和56年3月日,宮崎日日新聞,昭和43年,1968,,,,
,,,,,,,比江島重孝,,比江島重孝,日向こども民話554,第554回(1981.4.6)★.pdf,宮崎日日新聞、昭和56年4月日,宮崎日日新聞,昭和43年,1968,,,,
,,,,,,,比江島重孝,,比江島重孝,日向こども民話555,第555回(1981.4.13)★.pdf,宮崎日日新聞、昭和56年4月日,宮崎日日新聞,昭和43年,1968,,,,
,,,,,,,比江島重孝,,比江島重孝,日向こども民話556,第556回(1981.4.24)★.pdf,宮崎日日新聞、昭和56年4月日,宮崎日日新聞,昭和43年,1968,,,,
,,,,,,,比江島重孝,,比江島重孝,日向こども民話557,第557回(1981.5.11)（西都市の話者、佐土原の話）.pdf,宮崎日日新聞、昭和56年5月日,宮崎日日新聞,昭和43年,1968,,,,
,,,,,,,比江島重孝,,比江島重孝,日向こども民話558,第558回(1981.5.25).pdf,宮崎日日新聞、昭和56年5月日,宮崎日日新聞,昭和43年,1968,,,,
,,,,,,,比江島重孝,,比江島重孝,日向こども民話559,第559回(1981.6.1).pdf,宮崎日日新聞、昭和56年6月日,宮崎日日新聞,昭和43年,1968,,,,
,,,,,,,比江島重孝,,比江島重孝,日向こども民話560,第560回(1981.6.8).pdf,宮崎日日新聞、昭和56年6月日,宮崎日日新聞,昭和43年,1968,,,,
,,,,,,,比江島重孝,,比江島重孝,日向こども民話561,第561回(1981.6.18)★.pdf,宮崎日日新聞、昭和56年6月日,宮崎日日新聞,昭和43年,1968,,,,
,,,,,,,比江島重孝,,比江島重孝,日向こども民話562,第562回(1981.6.29).pdf,宮崎日日新聞、昭和56年6月日,宮崎日日新聞,昭和43年,1968,,,,
,,,,,,,比江島重孝,,比江島重孝,日向こども民話563,第563回(1981.7.6).pdf,宮崎日日新聞、昭和56年7月日,宮崎日日新聞,昭和43年,1968,,,,
,,,,,,,比江島重孝,,比江島重孝,日向こども民話564,第564回(1981.7.13)★.pdf,宮崎日日新聞、昭和56年7月日,宮崎日日新聞,昭和43年,1968,,,,
,,,,,,,比江島重孝,,比江島重孝,日向こども民話565,第565回(1981.7.27).pdf,宮崎日日新聞、昭和56年7月日,宮崎日日新聞,昭和43年,1968,,,,
,,,,,,,比江島重孝,,比江島重孝,日向こども民話566,第566回(1981.8.10)★.pdf,宮崎日日新聞、昭和56年8月日,宮崎日日新聞,昭和43年,1968,,,,
,,,,,,,比江島重孝,,比江島重孝,日向こども民話567,第567回(1981.8.24).pdf,宮崎日日新聞、昭和56年8月日,宮崎日日新聞,昭和43年,1968,,,,
,,,,,,,比江島重孝,,比江島重孝,日向こども民話568,第568回(1981.8.31)★.pdf,宮崎日日新聞、昭和56年8月日,宮崎日日新聞,昭和43年,1968,,,,
,,,,,,,比江島重孝,,比江島重孝,日向こども民話569,第569回(1981.9.7).pdf,宮崎日日新聞、昭和56年9月日,宮崎日日新聞,昭和43年,1968,,,,
,,,,,,,比江島重孝,,比江島重孝,日向こども民話570,第570回(1981.9.14)★.pdf,宮崎日日新聞、昭和56年9月日,宮崎日日新聞,昭和43年,1968,,,,
,,,,,,,比江島重孝,,比江島重孝,日向こども民話571,第571回(1981.9.21).pdf,宮崎日日新聞、昭和56年9月日,宮崎日日新聞,昭和43年,1968,,,,
,,,,,,,比江島重孝,,比江島重孝,日向こども民話572,第572回(1981.9.28).pdf,宮崎日日新聞、昭和56年9月日,宮崎日日新聞,昭和43年,1968,,,,
,,,,,,,比江島重孝,,比江島重孝,日向こども民話573,第573回(1981.10.5).pdf,宮崎日日新聞、昭和56年10月日,宮崎日日新聞,昭和43年,1968,,,,
,,,,,,,比江島重孝,,比江島重孝,日向こども民話574,第574回(1981.10.12).pdf,宮崎日日新聞、昭和56年10月日,宮崎日日新聞,昭和43年,1968,,,,
,,,,,,,比江島重孝,,比江島重孝,日向こども民話575,第575回(1981.10.19).pdf,宮崎日日新聞、昭和56年10月日,宮崎日日新聞,昭和43年,1968,,,,
,,,,,,,比江島重孝,,比江島重孝,日向こども民話576,第576回(1981.10.26)★.pdf,宮崎日日新聞、昭和56年10月日,宮崎日日新聞,昭和43年,1968,,,,
,,,,,,,比江島重孝,,比江島重孝,日向こども民話577,第577回(1981.11.2)★.pdf,宮崎日日新聞、昭和56年11月日,宮崎日日新聞,昭和43年,1968,,,,
,,,,,,,比江島重孝,,比江島重孝,日向こども民話578,第578回(1981.11.8).pdf,宮崎日日新聞、昭和56年11月日,宮崎日日新聞,昭和43年,1968,,,,
,,,,,,,比江島重孝,,比江島重孝,日向こども民話579,第579回(1981.11.16).pdf,宮崎日日新聞、昭和56年11月日,宮崎日日新聞,昭和43年,1968,,,,
,,,,,,,比江島重孝,,比江島重孝,日向こども民話580,第580回(1981.11.23).pdf,宮崎日日新聞、昭和56年11月日,宮崎日日新聞,昭和43年,1968,,,,
,,,,,,,比江島重孝,,比江島重孝,日向こども民話581,第581回(1981.11.30)★.pdf,宮崎日日新聞、昭和56年11月日,宮崎日日新聞,昭和43年,1968,,,,
,,,,,,,比江島重孝,,比江島重孝,日向こども民話582,第582回(1981.12.7)★.pdf,宮崎日日新聞、昭和56年12月日,宮崎日日新聞,昭和43年,1968,,,,
,,,,,,,比江島重孝,,比江島重孝,日向こども民話583,第583回(1981.12.14).pdf,宮崎日日新聞、昭和56年12月日,宮崎日日新聞,昭和43年,1968,,,,
,,,,,,,比江島重孝,,比江島重孝,日向こども民話584,第584回(1981.12.21).pdf,宮崎日日新聞、昭和56年12月日,宮崎日日新聞,昭和43年,1968,,,,
,,,,,,,比江島重孝,,比江島重孝,日向こども民話585,第585回(1981.12.28).pdf,宮崎日日新聞、昭和56年12月日,宮崎日日新聞,昭和43年,1968,,,,
,,,,,,,比江島重孝,,比江島重孝,日向こども民話586,第586回(1982.1.20).pdf,宮崎日日新聞、昭和57年1月日,宮崎日日新聞,昭和43年,1968,,,,
,,,,,,,比江島重孝,,比江島重孝,日向こども民話587,第587回(1982.1.25).pdf,宮崎日日新聞、昭和57年1月日,宮崎日日新聞,昭和43年,1968,,,,
,,,,,,,比江島重孝,,比江島重孝,日向こども民話588,第588回(1982.2.1)★.pdf,宮崎日日新聞、昭和57年2月日,宮崎日日新聞,昭和43年,1968,,,,
,,,,,,,比江島重孝,,比江島重孝,日向こども民話589,第589回(1982.2.8).pdf,宮崎日日新聞、昭和57年2月日,宮崎日日新聞,昭和43年,1968,,,,
,,,,,,,比江島重孝,,比江島重孝,日向こども民話590,第590回(1982.2.22).pdf,宮崎日日新聞、昭和57年2月日,宮崎日日新聞,昭和43年,1968,,,,
,,,,,,,比江島重孝,,比江島重孝,日向こども民話591,第591回(1982.3.1).pdf,宮崎日日新聞、昭和57年3月日,宮崎日日新聞,昭和43年,1968,,,,
,,,,,,,比江島重孝,,比江島重孝,日向こども民話592,第592回(1982.3.8).pdf,宮崎日日新聞、昭和57年3月日,宮崎日日新聞,昭和43年,1968,,,,
,,,,,,,比江島重孝,,比江島重孝,日向こども民話593,第593回(1982.3.15)★.pdf,宮崎日日新聞、昭和57年3月日,宮崎日日新聞,昭和43年,1968,,,,
,,,,,,,比江島重孝,,比江島重孝,日向こども民話594,第594回(1982.3.22).pdf,宮崎日日新聞、昭和57年3月日,宮崎日日新聞,昭和43年,1968,,,,
,,,,,,,比江島重孝,,比江島重孝,日向こども民話595,第595回(1982.3.29)★.pdf,宮崎日日新聞、昭和57年3月日,宮崎日日新聞,昭和43年,1968,,,,
,,,,,,,比江島重孝,,比江島重孝,日向こども民話596,第596回(1982.4.5).pdf,宮崎日日新聞、昭和57年4月日,宮崎日日新聞,昭和43年,1968,,,,
,,,,,,,比江島重孝,,比江島重孝,日向こども民話597,第597回(1982.4.12).pdf,宮崎日日新聞、昭和57年4月日,宮崎日日新聞,昭和43年,1968,,,,
,,,,,,,比江島重孝,,比江島重孝,日向こども民話598,第598回(1982.4.19).pdf,宮崎日日新聞、昭和57年4月日,宮崎日日新聞,昭和43年,1968,,,,
,,,,,,,比江島重孝,,比江島重孝,日向こども民話599,第599回(1982.4.26).pdf,宮崎日日新聞、昭和57年4月日,宮崎日日新聞,昭和43年,1968,,,,
,,,,,,,比江島重孝,,比江島重孝,日向こども民話600,第600回(1982.5.3).pdf,宮崎日日新聞、昭和57年5月日,宮崎日日新聞,昭和43年,1968,,,,
,,,,,,,比江島重孝,,比江島重孝,日向こども民話601,第601回(1982.5.10)★.pdf,宮崎日日新聞、昭和57年5月日,宮崎日日新聞,昭和43年,1968,,,,
,,,,,,,比江島重孝,,比江島重孝,日向こども民話602,第602回(1982.5.17)（西都の話者、半ぴどん）.pdf,宮崎日日新聞、昭和57年5月日,宮崎日日新聞,昭和43年,1968,,,,
,,,,,,,比江島重孝,,比江島重孝,日向こども民話603,第603回(1982.5.24).pdf,宮崎日日新聞、昭和57年5月日,宮崎日日新聞,昭和43年,1968,,,,
,,,,,,,比江島重孝,,比江島重孝,日向こども民話604,第604回(1982.5.31).pdf,宮崎日日新聞、昭和57年5月日,宮崎日日新聞,昭和43年,1968,,,,
,,,,,,,比江島重孝,,比江島重孝,日向こども民話605,第605回(1982.6.7)★.pdf,宮崎日日新聞、昭和57年6月日,宮崎日日新聞,昭和43年,1968,,,,
,,,,,,,比江島重孝,,比江島重孝,日向こども民話606,第606回(1982.6.15).pdf,宮崎日日新聞、昭和57年6月日,宮崎日日新聞,昭和43年,1968,,,,
,,,,,,,比江島重孝,,比江島重孝,日向こども民話607,第607回(1982.6.21).pdf,宮崎日日新聞、昭和57年6月日,宮崎日日新聞,昭和43年,1968,,,,
,,,,,,,比江島重孝,,比江島重孝,日向こども民話608,第608回(1982.6.28).pdf,宮崎日日新聞、昭和57年6月日,宮崎日日新聞,昭和43年,1968,,,,
,,,,,,,比江島重孝,,比江島重孝,日向こども民話609,第609回(1982.7.5).pdf,宮崎日日新聞、昭和57年7月日,宮崎日日新聞,昭和43年,1968,,,,
,,,,,,,比江島重孝,,比江島重孝,日向こども民話610,第610回(1982.7.12).pdf,宮崎日日新聞、昭和57年7月日,宮崎日日新聞,昭和43年,1968,,,,
,,,,,,,比江島重孝,,比江島重孝,日向こども民話611,第611回(1982.7.19)★.pdf,宮崎日日新聞、昭和57年7月日,宮崎日日新聞,昭和43年,1968,,,,
,,,,,,,比江島重孝,,比江島重孝,日向こども民話612,第612回(1982.7.26).pdf,宮崎日日新聞、昭和57年7月日,宮崎日日新聞,昭和43年,1968,,,,
,,,,,,,比江島重孝,,比江島重孝,日向こども民話613,第613回(1982.8.9).pdf,宮崎日日新聞、昭和57年8月日,宮崎日日新聞,昭和43年,1968,,,,
,,,,,,,比江島重孝,,比江島重孝,日向こども民話614,第614回(1982.8.16)★.pdf,宮崎日日新聞、昭和57年8月日,宮崎日日新聞,昭和43年,1968,,,,
,,,,,,,比江島重孝,,比江島重孝,日向こども民話615,第615回(1982.8.23).pdf,宮崎日日新聞、昭和57年8月日,宮崎日日新聞,昭和43年,1968,,,,
,,,,,,,比江島重孝,,比江島重孝,日向こども民話616,第616回(1982.9.6)★.pdf,宮崎日日新聞、昭和57年9月日,宮崎日日新聞,昭和43年,1968,,,,
,,,,,,,比江島重孝,,比江島重孝,日向こども民話617,第617回(1982.9.20)★.pdf,宮崎日日新聞、昭和57年9月日,宮崎日日新聞,昭和43年,1968,,,,
,,,,,,,比江島重孝,,比江島重孝,日向こども民話618,第618回(1982.10.4).pdf,宮崎日日新聞、昭和57年10月日,宮崎日日新聞,昭和43年,1968,,,,
,,,,,,,比江島重孝,,比江島重孝,日向こども民話619,第619回(1982.10.12).pdf,宮崎日日新聞、昭和57年10月日,宮崎日日新聞,昭和43年,1968,,,,
,,,,,,,比江島重孝,,比江島重孝,日向こども民話620,第620回(1982.10.18).pdf,宮崎日日新聞、昭和57年10月日,宮崎日日新聞,昭和43年,1968,,,,
,,,,,,,比江島重孝,,比江島重孝,日向こども民話621,第621回(1982.10.25).pdf,宮崎日日新聞、昭和57年10月日,宮崎日日新聞,昭和43年,1968,,,,
,,,,,,,比江島重孝,,比江島重孝,日向こども民話622,第622回(1982.11.1).pdf,宮崎日日新聞、昭和57年11月日,宮崎日日新聞,昭和43年,1968,,,,
,,,,,,,比江島重孝,,比江島重孝,日向こども民話623,第623回(1982.11.22).pdf,宮崎日日新聞、昭和57年11月日,宮崎日日新聞,昭和43年,1968,,,,
,,,,,,,比江島重孝,,比江島重孝,日向こども民話624,第624回(1982.11.29)★.pdf,宮崎日日新聞、昭和57年11月日,宮崎日日新聞,昭和43年,1968,,,,
,,,,,,,比江島重孝,,比江島重孝,日向こども民話625,第625回(1982.12.13).pdf,宮崎日日新聞、昭和57年12月日,宮崎日日新聞,昭和43年,1968,,,,
,,,,,,,比江島重孝,,比江島重孝,日向こども民話626,第626回(1982.12.20)★.pdf,宮崎日日新聞、昭和57年12月日,宮崎日日新聞,昭和43年,1968,,,,
,,,,,,,比江島重孝,,比江島重孝,日向こども民話627,第627回(1982.12.27).pdf,宮崎日日新聞、昭和57年12月日,宮崎日日新聞,昭和43年,1968,,,,
,,,,,,,比江島重孝,,比江島重孝,日向こども民話628,第628回(1983.1.24).pdf,宮崎日日新聞、昭和58年1月日,宮崎日日新聞,昭和43年,1968,,,,
,,,,,,,比江島重孝,,比江島重孝,日向こども民話629,第629回(1983.1.31)★.pdf,宮崎日日新聞、昭和58年1月日,宮崎日日新聞,昭和43年,1968,,,,
,,,,,,,比江島重孝,,比江島重孝,日向こども民話630,第630回(1983.2.7).pdf,宮崎日日新聞、昭和58年2月日,宮崎日日新聞,昭和43年,1968,,,,
,,,,,,,比江島重孝,,比江島重孝,日向こども民話631,第631回(1983.2.14)生目★.pdf,宮崎日日新聞、昭和58年2月日,宮崎日日新聞,昭和43年,1968,,,,
,,,,,,,比江島重孝,,比江島重孝,日向こども民話632,第632回(1983.2.21).pdf,宮崎日日新聞、昭和58年2月日,宮崎日日新聞,昭和43年,1968,,,,
,,,,,,,比江島重孝,,比江島重孝,日向こども民話633,,宮崎日日新聞、昭和58年月日,宮崎日日新聞,昭和43年,1968,,,,
,,,,,,,比江島重孝,,比江島重孝,日向こども民話634,第634回(1983.3.7).pdf,宮崎日日新聞、昭和58年3月日,宮崎日日新聞,昭和43年,1968,,,,
,,,,,,,比江島重孝,,比江島重孝,日向こども民話635,第635回(1983.3.14)生目★.pdf,宮崎日日新聞、昭和58年3月日,宮崎日日新聞,昭和43年,1968,,,,
,,,,,,,比江島重孝,,比江島重孝,日向こども民話636,第636回(1983.3.21)pdf.pdf,宮崎日日新聞、昭和58年3月日,宮崎日日新聞,昭和43年,1968,,,,
,,,,,,,比江島重孝,,比江島重孝,日向こども民話637,第637回(1983.3.28).pdf,宮崎日日新聞、昭和58年3月日,宮崎日日新聞,昭和43年,1968,,,,
,,,,,,,比江島重孝,,比江島重孝,日向こども民話638,第638回(1983.4.4).pdf,宮崎日日新聞、昭和58年4月日,宮崎日日新聞,昭和43年,1968,,,,
,,,,,,,比江島重孝,,比江島重孝,日向こども民話639,第639回(1983.4.11).pdf,宮崎日日新聞、昭和58年4月日,宮崎日日新聞,昭和43年,1968,,,,
,,,,,,,比江島重孝,,比江島重孝,日向こども民話640,第640回(1983.4.18)★.pdf,宮崎日日新聞、昭和58年4月日,宮崎日日新聞,昭和43年,1968,,,,
,,,,,,,比江島重孝,,比江島重孝,日向こども民話641,第641回(1983.5.2).pdf,宮崎日日新聞、昭和58年5月日,宮崎日日新聞,昭和43年,1968,,,,
,,,,,,,比江島重孝,,比江島重孝,日向こども民話642,第642回(1983.5.9)★.pdf,宮崎日日新聞、昭和58年5月日,宮崎日日新聞,昭和43年,1968,,,,
,,,,,,,比江島重孝,,比江島重孝,日向こども民話643,第643回(1983.5.23).pdf,宮崎日日新聞、昭和58年5月日,宮崎日日新聞,昭和43年,1968,,,,
,,,,,,,比江島重孝,,比江島重孝,日向こども民話644,第644回(1983.5.30).pdf,宮崎日日新聞、昭和58年5月日,宮崎日日新聞,昭和43年,1968,,,,
,,,,,,,比江島重孝,,比江島重孝,日向こども民話645,第645回(1983.6.6).pdf,宮崎日日新聞、昭和58年6月日,宮崎日日新聞,昭和43年,1968,,,,
,,,,,,,比江島重孝,,比江島重孝,日向こども民話646,第646回(1983.6.20)★.pdf,宮崎日日新聞、昭和58年6月日,宮崎日日新聞,昭和43年,1968,,,,
,,,,,,,比江島重孝,,比江島重孝,日向こども民話647,第647回(1983.6.27).pdf,宮崎日日新聞、昭和58年6月日,宮崎日日新聞,昭和43年,1968,,,,
,,,,,,,比江島重孝,,比江島重孝,日向こども民話648,第648回(1983.7.4)★.pdf,宮崎日日新聞、昭和58年7月日,宮崎日日新聞,昭和43年,1968,,,,
,,,,,,,比江島重孝,,比江島重孝,日向こども民話649,第649回(1983.7.11).pdf,宮崎日日新聞、昭和58年7月日,宮崎日日新聞,昭和43年,1968,,,,
,,,,,,,比江島重孝,,比江島重孝,日向こども民話650,第650回(1983.7.25)★.pdf,宮崎日日新聞、昭和58年7月日,宮崎日日新聞,昭和43年,1968,,,,
,,,,,,,比江島重孝,,比江島重孝,日向こども民話651,第651回(1983.8.1).pdf,宮崎日日新聞、昭和58年8月日,宮崎日日新聞,昭和43年,1968,,,,
,,,,,,,比江島重孝,,比江島重孝,日向こども民話652,第652回(1983.8.15)★.pdf,宮崎日日新聞、昭和58年8月日,宮崎日日新聞,昭和43年,1968,,,,
,,,,,,,比江島重孝,,比江島重孝,日向こども民話653,第653回(1983.8.22)★.pdf,宮崎日日新聞、昭和58年8月日,宮崎日日新聞,昭和43年,1968,,,,
,,,,,,,比江島重孝,,比江島重孝,日向こども民話654,第654回(1983.8.29)★.pdf,宮崎日日新聞、昭和58年8月日,宮崎日日新聞,昭和43年,1968,,,,
,,,,,,,比江島重孝,,比江島重孝,日向こども民話655,第655回(1983.9.5).pdf,宮崎日日新聞、昭和58年9月日,宮崎日日新聞,昭和43年,1968,,,,
,,,,,,,比江島重孝,,比江島重孝,日向こども民話656,第656回(1983.9.19)★.pdf,宮崎日日新聞、昭和58年9月日,宮崎日日新聞,昭和43年,1968,,,,
,,,,,,,比江島重孝,,比江島重孝,日向こども民話657,第657回(1983.9.26).pdf,宮崎日日新聞、昭和58年9月日,宮崎日日新聞,昭和43年,1968,,,,
,,,,,,,比江島重孝,,比江島重孝,日向こども民話658,第658回(1983.10.3).pdf,宮崎日日新聞、昭和58年10月日,宮崎日日新聞,昭和43年,1968,,,,
,,,,,,,比江島重孝,,比江島重孝,日向こども民話659,第659回(1983.10.17)★.pdf,宮崎日日新聞、昭和58年10月日,宮崎日日新聞,昭和43年,1968,,,,
,,,,,,,比江島重孝,,比江島重孝,日向こども民話660,第660回(1983.10.24)★.pdf,宮崎日日新聞、昭和58年10月日,宮崎日日新聞,昭和43年,1968,,,,
,,,,,,,比江島重孝,,比江島重孝,日向こども民話661,第661回(1983.10.31)★.pdf,宮崎日日新聞、昭和58年10月日,宮崎日日新聞,昭和43年,1968,,,,
,,,,,,,比江島重孝,,比江島重孝,日向こども民話662,第662回(1983.11.14)★.pdf,宮崎日日新聞、昭和58年11月日,宮崎日日新聞,昭和43年,1968,,,,
,,,,,,,比江島重孝,,比江島重孝,日向こども民話663,第663回(1983.11.21).pdf,宮崎日日新聞、昭和58年11月日,宮崎日日新聞,昭和43年,1968,,,,
,,,,,,,比江島重孝,,比江島重孝,日向こども民話664,第664回(1983.11.28)★.pdf,宮崎日日新聞、昭和58年11月日,宮崎日日新聞,昭和43年,1968,,,,
,,,,,,,比江島重孝,,比江島重孝,日向こども民話665,第665回(1983.12.5).pdf,宮崎日日新聞、昭和58年12月日,宮崎日日新聞,昭和43年,1968,,,,
,,,,,,,比江島重孝,,比江島重孝,日向こども民話666,第666回(1983.12.12)★.pdf,宮崎日日新聞、昭和58年12月日,宮崎日日新聞,昭和43年,1968,,,,
,,,,,,,比江島重孝,,比江島重孝,日向こども民話667,第667回(1983.12.19).pdf,宮崎日日新聞、昭和58年12月日,宮崎日日新聞,昭和43年,1968,,,,
,,,,,,,比江島重孝,,比江島重孝,日向こども民話668,第668回(1983.12.26)★.pdf,宮崎日日新聞、昭和58年12月日,宮崎日日新聞,昭和43年,1968,,,,
,,,,,,,比江島重孝,,比江島重孝,日向こども民話669,第669回(1984.1.9).pdf,宮崎日日新聞、昭和59年1月日,宮崎日日新聞,昭和43年,1968,,,,
,,,,,,,比江島重孝,,比江島重孝,日向こども民話670,第670回(1984.1.17).pdf,宮崎日日新聞、昭和59年1月日,宮崎日日新聞,昭和43年,1968,,,,
,,,,,,,比江島重孝,,比江島重孝,日向こども民話671,第671回(1984.1.23)★.pdf,宮崎日日新聞、昭和59年1月日,宮崎日日新聞,昭和43年,1968,,,,
,,,,,,,比江島重孝,,比江島重孝,日向こども民話672,第672回(1984.2.6).pdf,宮崎日日新聞、昭和59年2月日,宮崎日日新聞,昭和43年,1968,,,,
,,,,,,,比江島重孝,,比江島重孝,日向こども民話673,第673回(1984.2.13).pdf,宮崎日日新聞、昭和59年2月日,宮崎日日新聞,昭和43年,1968,,,,
,,,,,,,比江島重孝,,比江島重孝,日向こども民話674,第674回(1984.2.20).pdf,宮崎日日新聞、昭和59年2月日,宮崎日日新聞,昭和43年,1968,,,,
,,,,,,,比江島重孝,,比江島重孝,日向こども民話675,第675回(1984.2.27).pdf,宮崎日日新聞、昭和59年2月日,宮崎日日新聞,昭和43年,1968,,,,
,,,,,,,,,,,,,,,,,,,
,,,,,,,,,,,,,,,,,,,
,,,,,,,,,,,,,,,,,,,
,,,,,,,,,,,,,,,,,,,
,,,,,,,,,,,,,,,,,,,
,,,,,,,,,,,,,,,,,,,
,,,,,,,,,,,,,,,,,,,
,,,,,,,,,,,諸塚村寿会連合会編,ことぶき　我が家の歴史号,諸塚村寿会連合会,昭和59,1984,,,,
,,,,,,,,,,,諸塚村寿会連合会編,ことぶき　地名と屋号号,諸塚村寿会連合会,昭和60,1985,,,,
,,,,,,,,,,,諸塚村寿会連合会編,ことぶき　方言号,諸塚村寿会連合会,昭和61,1986,,,,
,,,,,,,,,,,諸塚村寿会連合会編,ことぶき　思い出を語る号,諸塚村寿会連合会,昭和62,1987,,,,
,,,,,,,,,,,諸塚村寿会連合会編,ことぶき　藤井長治郎先生を偲ぶ号,諸塚村寿会連合会,昭和63,1988,,,,
,,,,,,,,,,,諸塚村寿会連合会編,ことぶき　自由号,諸塚村寿会連合会,平成元,1989,,,,
,,,,,,,,,,,諸塚村寿会連合会編,ことぶき　昭和の思い出号,諸塚村寿会連合会,平成2,1990,,,,
,,,,,,,,,,,諸塚村寿会連合会編,ことぶき　昔の衣食住,諸塚村寿会連合会,平成3,1991,,,,
,,,,,,,,,,,諸塚村寿会連合会編,ことぶき　昔の遊びと玩具について,諸塚村寿会連合会,平成4,1992,,,,
,,,,,,,,,,,諸塚村寿会連合会編,ことぶき　もろつかの民話とわらべ唄,諸塚村寿会連合会,平成5,1993,,,,
,,,,,,,,,,,諸塚村寿会連合会編,ことぶき　ふる里にに遺したいこと,諸塚村寿会連合会,平成5,1993,,,,
,,,,,,,,,,,諸塚村寿会連合会編,ことぶき　平成5年の思い出,諸塚村寿会連合会,平成6,1994,,,,
,,,,,,,,,,,諸塚村寿会連合会編,ことぶき　自由号,諸塚村寿会連合会,平成7,1995,,,,
,,,,,,,,,,,諸塚村寿会連合会編,ことぶき　戦後50年号,諸塚村寿会連合会,平成8,1996,,,,
,,,,,,,,,,,諸塚村寿会連合会編,ことぶき　自由号,諸塚村寿会連合会,平成9,1997,,,,
,,,,,,,,,,,諸塚村寿会連合会編,ことぶき　自由号,諸塚村寿会連合会,平成10,1998,,,,
,,,,,,,,,,,諸塚村寿会連合会編,ことぶき　自由号,諸塚村寿会連合会,平成11,1999,,,,
,,,,,,,,,,,諸塚村寿会連合会編,ことぶき　自由号,諸塚村寿会連合会,平成12,2000,,,,
,,,,,,,,,,,諸塚村寿会連合会編,ことぶき　自由号,諸塚村寿会連合会,平成13,2001,,,,
,,,,,,,,,,,諸塚村寿会連合会編,ことぶき　自由号,諸塚村寿会連合会,平成14,2002,,,,
,,,,,,,,,,,諸塚村寿会連合会編,ことぶき　自由号,諸塚村寿会連合会,平成15,2003,,,,
,,,,,,,,,,,諸塚村寿会連合会編,ことぶき　自由号,諸塚村寿会連合会,平成16,2004,,,,
,,,,,,,,,,,諸塚村寿会連合会編,ことぶき　地名と屋号号　自由号,諸塚村寿会連合会,平成17,2005,,,,
,,,,,,,,,,,諸塚村寿会連合会編,ことぶき　自由号,諸塚村寿会連合会,平成18,2006,,,,
,,,,,,,,,,,諸塚村寿会連合会編,ことぶき　思い出　自由号,諸塚村寿会連合会,平成19,2007,,,,
,,,,,,,,,,,諸塚村寿会連合会編,ことぶき　自由号　尾形森衛氏を偲ぶ号,諸塚村寿会連合会,平成20,2008,,,,
,,,,,,,,,,,諸塚村寿会連合会編,ことぶき　自由号　緑綬褒章受章記念号,諸塚村寿会連合会,平成21,2009,,,,
,,,,,,,,,,,諸塚村寿会連合会編,ことぶき　自由号,諸塚村寿会連合会,平成22,2010,,,,
,,,,,,,,,,,諸塚村寿会連合会編,ことぶき　創立50周年記念号　自由号,諸塚村寿会連合会,平成23,2011,,,,
,,,,,,,,,,,諸塚村寿会連合会編,ことぶき　絆　自由号,諸塚村寿会連合会,平成24,2012,,,,
,,,,,,,,,,,諸塚村寿会連合会編,ことぶき　ふるさと　自由号,諸塚村寿会連合会,平成25,2013,,,,
,,,,,,,,,,,諸塚村寿会連合会編,ことぶき　道　自由号,諸塚村寿会連合会,平成26,2014,,,,
,,,,,,,,,,,諸塚村寿会連合会編,ことぶき　山川　自由号,諸塚村寿会連合会,平成27,2015,,,,
,,,,,,,,,,,諸塚村寿会連合会編,ことぶき　自由号,諸塚村寿会連合会,平成28,2016,,,,
,,,,,,,,,,,諸塚村寿会連合会編,ことぶき　自由号,諸塚村寿会連合会,平成29,2017,,,,
,,,,,,,,,,,諸塚村寿会連合会編,ことぶき　平成の想い出　自由号,諸塚村寿会連合会,平成30,2018,,,,
,,,,,,,,,,,諸塚村寿会連合会編,ことぶき　自由号,諸塚村寿会連合会,令和元,2019,,,,
,,,,,,,,,,,諸塚村寿会連合会編,ことぶき　自由号,諸塚村寿会連合会,令和2,2020,,,,
,,,,,,,,,,,諸塚村寿会連合会編,ことぶき　新感染症がもたらしたもの　自由号,諸塚村寿会連合会,令和3,2021,,,,